<?xml version="1.0" encoding="UTF-8"?>
<gpx creator="Garmin Connect" version="1.1" schemaLocation="http://www.topografix.com/GPX/1/1 http://www.topografix.com/GPX/11.xsd" xmlns="http://www.topografix.com/GPX/1/1" xmlns:xsi="http://www.w3.org/2001/XMLSchema-instance" xsi:schemaLocation="http://www.topografix.com/GPX/1/1 http://www.topografix.com/GPX/1/1/gpx.xsd http://www.garmin.com/xmlschemas/GpxExtensions/v3 http://www.garmin.com/xmlschemas/GpxExtensionsv3.xsd http://www.garmin.com/xmlschemas/TrackPointExtension/v1 http://www.garmin.com/xmlschemas/TrackPointExtensionv1.xsd http://www.garmin.com/xmlschemas/PowerExtension/v1 http://www.garmin.com/xmlschemas/PowerExtensionv1.xsd http://www.topografix.com/GPX/gpx_style/0/2 http://www.topografix.com/GPX/gpx_style/0/2/gpx_style.xsd" xmlns:gpxtpx="http://www.garmin.com/xmlschemas/TrackPointExtension/v1" xmlns:gpxx="http://www.garmin.com/xmlschemas/GpxExtensions/v3" xmlns:gpxpx="http://www.garmin.com/xmlschemas/PowerExtension/v1" xmlns:gpx_style="http://www.topografix.com/GPX/gpx_style/0/2">
  <metadata>
    <name>BikeOpoli 2026 Corto</name>
    <author>
      <name>gpx.studio</name>
      <link href="https://gpx.studio"/>
    </author>
    <link href="connect.garmin.com">
      <text>Garmin Connect</text>
    </link>
    <time>2026-04-22T06:52:56.000Z</time>
  </metadata>
  <wpt lat="43.6609229222349" lon="10.76359012229277">
    <ele>0</ele>
    <name>Ristoranti</name>
    <type>FOOD</type>
  </wpt>
  <trk>
    <name>BikeOpoli 2026 Corto</name>
    <trkseg>
      <trkpt lat="43.6687115393579" lon="10.760441534221172">
        <ele>106.41</ele>
      </trkpt>
      <trkpt lat="43.668572986498475" lon="10.760464668273926">
        <ele>106.72</ele>
      </trkpt>
      <trkpt lat="43.668334521353245" lon="10.760510182008147">
        <ele>107.06</ele>
      </trkpt>
      <trkpt lat="43.668096056208014" lon="10.760555695742369">
        <ele>107.24</ele>
      </trkpt>
      <trkpt lat="43.66785692051053" lon="10.760601460933685">
        <ele>107.88</ele>
      </trkpt>
      <trkpt lat="43.66755877621472" lon="10.76065837405622">
        <ele>108.74</ele>
      </trkpt>
      <trkpt lat="43.66726063191891" lon="10.760715287178755">
        <ele>109.69</ele>
      </trkpt>
      <trkpt lat="43.666962487623096" lon="10.76077220030129">
        <ele>110.51</ele>
      </trkpt>
      <trkpt lat="43.66666316986084" lon="10.760829448699951">
        <ele>111.39</ele>
      </trkpt>
      <trkpt lat="43.66649150848389" lon="10.76087236404419">
        <ele>112.14</ele>
      </trkpt>
      <trkpt lat="43.666341388598084" lon="10.760968839749694">
        <ele>112.87</ele>
      </trkpt>
      <trkpt lat="43.66619118489325" lon="10.761065483093262">
        <ele>113.53</ele>
      </trkpt>
      <trkpt lat="43.666083896532655" lon="10.761194229125977">
        <ele>114.11</ele>
      </trkpt>
      <trkpt lat="43.66590125486255" lon="10.76145188882947">
        <ele>114.55</ele>
      </trkpt>
      <trkpt lat="43.6657190322876" lon="10.761709213256836">
        <ele>115.01</ele>
      </trkpt>
      <trkpt lat="43.66550965234637" lon="10.762004423886538">
        <ele>115.33</ele>
      </trkpt>
      <trkpt lat="43.66530027240515" lon="10.76229971833527">
        <ele>115.72</ele>
      </trkpt>
      <trkpt lat="43.66509089246392" lon="10.762594928964972">
        <ele>116</ele>
      </trkpt>
      <trkpt lat="43.6648815125227" lon="10.762890223413706">
        <ele>116.48</ele>
      </trkpt>
      <trkpt lat="43.664672216400504" lon="10.763185434043407">
        <ele>117.13</ele>
      </trkpt>
      <trkpt lat="43.66446283645928" lon="10.76348072849214">
        <ele>118.05</ele>
      </trkpt>
      <trkpt lat="43.664253456518054" lon="10.763776022940874">
        <ele>119.03</ele>
      </trkpt>
      <trkpt lat="43.664045333862305" lon="10.764069557189941">
        <ele>119.58</ele>
      </trkpt>
      <trkpt lat="43.66387945599854" lon="10.764273069798946">
        <ele>120.13</ele>
      </trkpt>
      <trkpt lat="43.66371374577284" lon="10.76447649858892">
        <ele>120.53</ele>
      </trkpt>
      <trkpt lat="43.663573265075684" lon="10.764648914337158">
        <ele>120.72</ele>
      </trkpt>
      <trkpt lat="43.663573348894715" lon="10.764648914337158">
        <ele>120.84</ele>
      </trkpt>
      <trkpt lat="43.66335868835449" lon="10.764713287353516">
        <ele>120.66</ele>
      </trkpt>
      <trkpt lat="43.66312290541828" lon="10.764702558517456">
        <ele>120.43</ele>
      </trkpt>
      <trkpt lat="43.66288661956787" lon="10.764691829681396">
        <ele>120.12</ele>
      </trkpt>
      <trkpt lat="43.66265058517456" lon="10.764648914337158">
        <ele>119.79</ele>
      </trkpt>
      <trkpt lat="43.66241455078125" lon="10.764520168304443">
        <ele>119.44</ele>
      </trkpt>
      <trkpt lat="43.66223568096757" lon="10.764355631545186">
        <ele>119.1</ele>
      </trkpt>
      <trkpt lat="43.66205689497292" lon="10.764191094785929">
        <ele>118.79</ele>
      </trkpt>
      <trkpt lat="43.66187810897827" lon="10.764026641845703">
        <ele>118.46</ele>
      </trkpt>
      <trkpt lat="43.66172790527344" lon="10.763919353485107">
        <ele>118.15</ele>
      </trkpt>
      <trkpt lat="43.661463456228375" lon="10.763812148943543">
        <ele>117.66</ele>
      </trkpt>
      <trkpt lat="43.66119900718331" lon="10.76370494440198">
        <ele>117.29</ele>
      </trkpt>
      <trkpt lat="43.66093397140503" lon="10.76359748840332">
        <ele>117.2</ele>
      </trkpt>
      <trkpt lat="43.66093405522406" lon="10.76359748840332">
        <ele>117.26</ele>
      </trkpt>
      <trkpt lat="43.660805225372314" lon="10.763661861419678">
        <ele>117.6</ele>
      </trkpt>
      <trkpt lat="43.660644460469484" lon="10.763672506436706">
        <ele>118.17</ele>
      </trkpt>
      <trkpt lat="43.66048336029053" lon="10.763683319091797">
        <ele>118.92</ele>
      </trkpt>
      <trkpt lat="43.66027968004346" lon="10.763758337125182">
        <ele>119.85</ele>
      </trkpt>
      <trkpt lat="43.660075664520264" lon="10.76383352279663">
        <ele>120.91</ele>
      </trkpt>
      <trkpt lat="43.65982286632061" lon="10.763982720673084">
        <ele>122.09</ele>
      </trkpt>
      <trkpt lat="43.65958649665117" lon="10.764122111722827">
        <ele>122.99</ele>
      </trkpt>
      <trkpt lat="43.65935021080077" lon="10.764261586591601">
        <ele>123.75</ele>
      </trkpt>
      <trkpt lat="43.65911384113133" lon="10.764401061460376">
        <ele>124.35</ele>
      </trkpt>
      <trkpt lat="43.65887705236673" lon="10.764540871605277">
        <ele>125.03</ele>
      </trkpt>
      <trkpt lat="43.658766746520996" lon="10.76460599899292">
        <ele>125.54</ele>
      </trkpt>
      <trkpt lat="43.65861654281616" lon="10.764713287353516">
        <ele>126.01</ele>
      </trkpt>
      <trkpt lat="43.65859508514404" lon="10.764949321746826">
        <ele>126.37</ele>
      </trkpt>
      <trkpt lat="43.65860145539045" lon="10.765026099979877">
        <ele>126.63</ele>
      </trkpt>
      <trkpt lat="43.65860145539045" lon="10.76502618379891">
        <ele>126.79</ele>
      </trkpt>
      <trkpt lat="43.65861654281616" lon="10.765206813812256">
        <ele>126.91</ele>
      </trkpt>
      <trkpt lat="43.6586594581604" lon="10.765421390533447">
        <ele>126.95</ele>
      </trkpt>
      <trkpt lat="43.65883111953735" lon="10.765657424926758">
        <ele>126.69</ele>
      </trkpt>
      <trkpt lat="43.6590669862926" lon="10.7657968159765">
        <ele>126.14</ele>
      </trkpt>
      <trkpt lat="43.65930285304785" lon="10.765936207026243">
        <ele>125.56</ele>
      </trkpt>
      <trkpt lat="43.65953880362213" lon="10.766075598075986">
        <ele>125.23</ele>
      </trkpt>
      <trkpt lat="43.659775257110596" lon="10.766215324401855">
        <ele>124.95</ele>
      </trkpt>
      <trkpt lat="43.65986108779907" lon="10.766301155090332">
        <ele>124.54</ele>
      </trkpt>
      <trkpt lat="43.6598701402545" lon="10.76635236851871">
        <ele>124.16</ele>
      </trkpt>
      <trkpt lat="43.65992554463446" lon="10.766665935516357">
        <ele>124.01</ele>
      </trkpt>
      <trkpt lat="43.65992546081543" lon="10.766665935516357">
        <ele>123.57</ele>
      </trkpt>
      <trkpt lat="43.660113383084536" lon="10.766998864710331">
        <ele>123.03</ele>
      </trkpt>
      <trkpt lat="43.66030130535364" lon="10.767331793904305">
        <ele>122.47</ele>
      </trkpt>
      <trkpt lat="43.66048931144178" lon="10.76766480691731">
        <ele>121.9</ele>
      </trkpt>
      <trkpt lat="43.6606764793396" lon="10.767996311187744">
        <ele>121.35</ele>
      </trkpt>
      <trkpt lat="43.66083741188049" lon="10.768189430236816">
        <ele>120.84</ele>
      </trkpt>
      <trkpt lat="43.66099834442139" lon="10.768382549285889">
        <ele>120.25</ele>
      </trkpt>
      <trkpt lat="43.66122339852154" lon="10.768457567319274">
        <ele>119.68</ele>
      </trkpt>
      <trkpt lat="43.66144895553589" lon="10.768532752990723">
        <ele>118.96</ele>
      </trkpt>
      <trkpt lat="43.6616849899292" lon="10.768704414367676">
        <ele>118.29</ele>
      </trkpt>
      <trkpt lat="43.661835277453065" lon="10.7689621578902">
        <ele>117.65</ele>
      </trkpt>
      <trkpt lat="43.66198539733887" lon="10.769219398498535">
        <ele>117.12</ele>
      </trkpt>
      <trkpt lat="43.6622410453856" lon="10.769448559731245">
        <ele>116.82</ele>
      </trkpt>
      <trkpt lat="43.66249677725136" lon="10.769677888602018">
        <ele>116.41</ele>
      </trkpt>
      <trkpt lat="43.66260766983032" lon="10.769777297973633">
        <ele>116.1</ele>
      </trkpt>
      <trkpt lat="43.66286516189575" lon="10.769948959350586">
        <ele>115.89</ele>
      </trkpt>
      <trkpt lat="43.663036823272705" lon="10.770120620727539">
        <ele>115.78</ele>
      </trkpt>
      <trkpt lat="43.6631441116333" lon="10.770378112792969">
        <ele>115.88</ele>
      </trkpt>
      <trkpt lat="43.66316556930542" lon="10.770549774169922">
        <ele>116.02</ele>
      </trkpt>
      <trkpt lat="43.6631441116333" lon="10.770742893218994">
        <ele>116.19</ele>
      </trkpt>
      <trkpt lat="43.66320848464966" lon="10.770957469940186">
        <ele>116.39</ele>
      </trkpt>
      <trkpt lat="43.66333027370274" lon="10.771322837099433">
        <ele>116.77</ele>
      </trkpt>
      <trkpt lat="43.66345206275582" lon="10.771688288077712">
        <ele>117.25</ele>
      </trkpt>
      <trkpt lat="43.663573265075684" lon="10.772051811218262">
        <ele>117.9</ele>
      </trkpt>
      <trkpt lat="43.66374492645264" lon="10.772223472595215">
        <ele>118.75</ele>
      </trkpt>
      <trkpt lat="43.663889011368155" lon="10.77233369462192">
        <ele>119.68</ele>
      </trkpt>
      <trkpt lat="43.66410970687866" lon="10.772502422332764">
        <ele>120.73</ele>
      </trkpt>
      <trkpt lat="43.664377592504025" lon="10.772475600242615">
        <ele>121.86</ele>
      </trkpt>
      <trkpt lat="43.66464556194842" lon="10.772448778152466">
        <ele>123.23</ele>
      </trkpt>
      <trkpt lat="43.66491344757378" lon="10.772422039881349">
        <ele>124.66</ele>
      </trkpt>
      <trkpt lat="43.66518259048462" lon="10.772395133972168">
        <ele>126</ele>
      </trkpt>
      <trkpt lat="43.66533279418945" lon="10.772502422332764">
        <ele>127.3</ele>
      </trkpt>
      <trkpt lat="43.665536642074585" lon="10.772716999053955">
        <ele>128.6</ele>
      </trkpt>
      <trkpt lat="43.66574048995972" lon="10.772931575775146">
        <ele>129.86</ele>
      </trkpt>
      <trkpt lat="43.66591215133667" lon="10.773038864135742">
        <ele>130.98</ele>
      </trkpt>
      <trkpt lat="43.666040897369385" lon="10.773060321807861">
        <ele>131.98</ele>
      </trkpt>
      <trkpt lat="43.66617157123983" lon="10.77301673591137">
        <ele>132.85</ele>
      </trkpt>
      <trkpt lat="43.66623401641846" lon="10.772995948791504">
        <ele>133.76</ele>
      </trkpt>
      <trkpt lat="43.66646979935467" lon="10.772895868867636">
        <ele>134.45</ele>
      </trkpt>
      <trkpt lat="43.66670566610992" lon="10.772795788943768">
        <ele>135.09</ele>
      </trkpt>
      <trkpt lat="43.66694211959839" lon="10.772695541381836">
        <ele>135.9</ele>
      </trkpt>
      <trkpt lat="43.667027950286865" lon="10.77282428741455">
        <ele>136.86</ele>
      </trkpt>
      <trkpt lat="43.66711386479437" lon="10.773082198575139">
        <ele>137.71</ele>
      </trkpt>
      <trkpt lat="43.66719961166382" lon="10.77333927154541">
        <ele>138.38</ele>
      </trkpt>
      <trkpt lat="43.667220482602715" lon="10.773485200479627">
        <ele>139</ele>
      </trkpt>
      <trkpt lat="43.667220482602715" lon="10.773485284298658">
        <ele>139.5</ele>
      </trkpt>
      <trkpt lat="43.667263984680176" lon="10.773789882659912">
        <ele>140.03</ele>
      </trkpt>
      <trkpt lat="43.667499935254455" lon="10.773993646726012">
        <ele>140.33</ele>
      </trkpt>
      <trkpt lat="43.6677360534668" lon="10.774197578430176">
        <ele>140.67</ele>
      </trkpt>
      <trkpt lat="43.667832696810365" lon="10.774444676935673">
        <ele>140.91</ele>
      </trkpt>
      <trkpt lat="43.66792917251587" lon="10.774691104888916">
        <ele>141.01</ele>
      </trkpt>
      <trkpt lat="43.668036460876465" lon="10.77486276626587">
        <ele>141.01</ele>
      </trkpt>
      <trkpt lat="43.66820812225342" lon="10.774991512298584">
        <ele>141.01</ele>
      </trkpt>
      <trkpt lat="43.66842269897461" lon="10.774991512298584">
        <ele>141.05</ele>
      </trkpt>
      <trkpt lat="43.66850836202502" lon="10.774945830926299">
        <ele>140.88</ele>
      </trkpt>
      <trkpt lat="43.6687445640564" lon="10.77481985092163">
        <ele>140.45</ele>
      </trkpt>
      <trkpt lat="43.66885185241699" lon="10.774691104888916">
        <ele>139.88</ele>
      </trkpt>
      <trkpt lat="43.669023513793945" lon="10.774626731872559">
        <ele>139.26</ele>
      </trkpt>
      <trkpt lat="43.66917371749878" lon="10.774648189544678">
        <ele>138.71</ele>
      </trkpt>
      <trkpt lat="43.66917380131781" lon="10.774648189544678">
        <ele>138.02</ele>
      </trkpt>
      <trkpt lat="43.669302463531494" lon="10.774712562561035">
        <ele>137.38</ele>
      </trkpt>
      <trkpt lat="43.66938829421997" lon="10.77481985092163">
        <ele>136.68</ele>
      </trkpt>
      <trkpt lat="43.66962432861328" lon="10.774991512298584">
        <ele>135.76</ele>
      </trkpt>
      <trkpt lat="43.66988182067871" lon="10.774905681610107">
        <ele>134.81</ele>
      </trkpt>
      <trkpt lat="43.6700533144176" lon="10.77481985092163">
        <ele>133.79</ele>
      </trkpt>
      <trkpt lat="43.67022514343262" lon="10.774734020233154">
        <ele>132.63</ele>
      </trkpt>
      <trkpt lat="43.67050375789404" lon="10.774744665250182">
        <ele>131.08</ele>
      </trkpt>
      <trkpt lat="43.670783042907715" lon="10.774755477905273">
        <ele>129.63</ele>
      </trkpt>
      <trkpt lat="43.670943807810545" lon="10.77478758059442">
        <ele>128.41</ele>
      </trkpt>
      <trkpt lat="43.6711049079895" lon="10.77481985092163">
        <ele>127.21</ele>
      </trkpt>
      <trkpt lat="43.6712121963501" lon="10.774798393249512">
        <ele>126.19</ele>
      </trkpt>
      <trkpt lat="43.67144730873406" lon="10.774545259773731">
        <ele>125.22</ele>
      </trkpt>
      <trkpt lat="43.67149114608765" lon="10.774497985839844">
        <ele>124.41</ele>
      </trkpt>
      <trkpt lat="43.67164143361151" lon="10.774154663085938">
        <ele>123.59</ele>
      </trkpt>
      <trkpt lat="43.67168434895575" lon="10.774068832397461">
        <ele>122.88</ele>
      </trkpt>
      <trkpt lat="43.67188794538379" lon="10.773993730545044">
        <ele>122.3</ele>
      </trkpt>
      <trkpt lat="43.67209196090698" lon="10.773918628692627">
        <ele>121.83</ele>
      </trkpt>
      <trkpt lat="43.67228482849896" lon="10.773897171020508">
        <ele>121.46</ele>
      </trkpt>
      <trkpt lat="43.67247819900513" lon="10.773875713348389">
        <ele>121.1</ele>
      </trkpt>
      <trkpt lat="43.67262840270996" lon="10.773811340332031">
        <ele>120.7</ele>
      </trkpt>
      <trkpt lat="43.672652123495936" lon="10.773787619546056">
        <ele>120.23</ele>
      </trkpt>
      <trkpt lat="43.672778606414795" lon="10.773661136627197">
        <ele>119.84</ele>
      </trkpt>
      <trkpt lat="43.67292881011963" lon="10.773618221282959">
        <ele>119.34</ele>
      </trkpt>
      <trkpt lat="43.67320775985718" lon="10.773618221282959">
        <ele>118.75</ele>
      </trkpt>
      <trkpt lat="43.67331504821777" lon="10.77357530593872">
        <ele>118.05</ele>
      </trkpt>
      <trkpt lat="43.67344379425049" lon="10.773317813873291">
        <ele>117.33</ele>
      </trkpt>
      <trkpt lat="43.6735725402832" lon="10.773189067840576">
        <ele>116.39</ele>
      </trkpt>
      <trkpt lat="43.67374403402209" lon="10.7731032371521">
        <ele>115.33</ele>
      </trkpt>
      <trkpt lat="43.67391586303711" lon="10.773017406463623">
        <ele>114.12</ele>
      </trkpt>
      <trkpt lat="43.67417335510254" lon="10.77282428741455">
        <ele>112.75</ele>
      </trkpt>
      <trkpt lat="43.67431115359068" lon="10.772808948531747">
        <ele>111.25</ele>
      </trkpt>
      <trkpt lat="43.67436647415161" lon="10.772802829742432">
        <ele>109.69</ele>
      </trkpt>
      <trkpt lat="43.67453436367214" lon="10.77299083583057">
        <ele>107.82</ele>
      </trkpt>
      <trkpt lat="43.67471868172288" lon="10.773197282105684">
        <ele>105.82</ele>
      </trkpt>
      <trkpt lat="43.67490291595459" lon="10.773403644561768">
        <ele>103.8</ele>
      </trkpt>
      <trkpt lat="43.67505303584039" lon="10.773521577939391">
        <ele>101.84</ele>
      </trkpt>
      <trkpt lat="43.67520332336426" lon="10.773639678955078">
        <ele>99.76</ele>
      </trkpt>
      <trkpt lat="43.675267696380615" lon="10.773725509643555">
        <ele>97.6</ele>
      </trkpt>
      <trkpt lat="43.675246238708496" lon="10.773940086364746">
        <ele>95.2</ele>
      </trkpt>
      <trkpt lat="43.6752409581095" lon="10.77395441941917">
        <ele>92.9</ele>
      </trkpt>
      <trkpt lat="43.6752409581095" lon="10.773954503238201">
        <ele>90.59</ele>
      </trkpt>
      <trkpt lat="43.67512537166476" lon="10.774269662797451">
        <ele>87.79</ele>
      </trkpt>
      <trkpt lat="43.675010204315186" lon="10.77458381652832">
        <ele>84.94</ele>
      </trkpt>
      <trkpt lat="43.674988746643066" lon="10.774798393249512">
        <ele>82.35</ele>
      </trkpt>
      <trkpt lat="43.674988746643066" lon="10.774884223937988">
        <ele>79.93</ele>
      </trkpt>
      <trkpt lat="43.67513903416693" lon="10.775098884478211">
        <ele>77.65</ele>
      </trkpt>
      <trkpt lat="43.6752893216908" lon="10.775313628837466">
        <ele>75.42</ele>
      </trkpt>
      <trkpt lat="43.67543935775757" lon="10.775527954101562">
        <ele>73.08</ele>
      </trkpt>
      <trkpt lat="43.675696849823" lon="10.775678157806396">
        <ele>70.98</ele>
      </trkpt>
      <trkpt lat="43.67577253840864" lon="10.775784105062485">
        <ele>68.8</ele>
      </trkpt>
      <trkpt lat="43.675804138183594" lon="10.77582836151123">
        <ele>66.79</ele>
      </trkpt>
      <trkpt lat="43.67591142654419" lon="10.775914192199707">
        <ele>64.89</ele>
      </trkpt>
      <trkpt lat="43.67612600326538" lon="10.77610731124878">
        <ele>63.11</ele>
      </trkpt>
      <trkpt lat="43.676337311044335" lon="10.776339741423726">
        <ele>61.48</ele>
      </trkpt>
      <trkpt lat="43.67654861882329" lon="10.776572171598673">
        <ele>59.97</ele>
      </trkpt>
      <trkpt lat="43.67675984278321" lon="10.776804517954588">
        <ele>58.53</ele>
      </trkpt>
      <trkpt lat="43.676769733428955" lon="10.776815414428711">
        <ele>57.24</ele>
      </trkpt>
      <trkpt lat="43.67691993713379" lon="10.777029991149902">
        <ele>55.97</ele>
      </trkpt>
      <trkpt lat="43.677048683166504" lon="10.777266025543213">
        <ele>54.89</ele>
      </trkpt>
      <trkpt lat="43.67716326378286" lon="10.777538185939193">
        <ele>53.92</ele>
      </trkpt>
      <trkpt lat="43.677277844399214" lon="10.777810430154204">
        <ele>53.05</ele>
      </trkpt>
      <trkpt lat="43.67739200592041" lon="10.77808141708374">
        <ele>52.15</ele>
      </trkpt>
      <trkpt lat="43.677520751953125" lon="10.778188705444336">
        <ele>51.52</ele>
      </trkpt>
      <trkpt lat="43.67781369946897" lon="10.778138665482402">
        <ele>51.26</ele>
      </trkpt>
      <trkpt lat="43.678106646984816" lon="10.778088625520468">
        <ele>51.01</ele>
      </trkpt>
      <trkpt lat="43.67840051651001" lon="10.778038501739502">
        <ele>50.83</ele>
      </trkpt>
      <trkpt lat="43.67856128141284" lon="10.778070604428649">
        <ele>50.88</ele>
      </trkpt>
      <trkpt lat="43.6787223815918" lon="10.77810287475586">
        <ele>51.13</ele>
      </trkpt>
      <trkpt lat="43.67881081067026" lon="10.77809700742364">
        <ele>51.58</ele>
      </trkpt>
      <trkpt lat="43.679044246673584" lon="10.77808141708374">
        <ele>52.22</ele>
      </trkpt>
      <trkpt lat="43.67925857193768" lon="10.778134977445006">
        <ele>52.87</ele>
      </trkpt>
      <trkpt lat="43.67947340011597" lon="10.778188705444336">
        <ele>53.65</ele>
      </trkpt>
      <trkpt lat="43.67967934347689" lon="10.778316194191575">
        <ele>54.43</ele>
      </trkpt>
      <trkpt lat="43.67988553829491" lon="10.778443850576878">
        <ele>55.31</ele>
      </trkpt>
      <trkpt lat="43.67992401123047" lon="10.778467655181885">
        <ele>56.43</ele>
      </trkpt>
      <trkpt lat="43.680009841918945" lon="10.778253078460693">
        <ele>57.9</ele>
      </trkpt>
      <trkpt lat="43.680052757263184" lon="10.778038501739502">
        <ele>59.45</ele>
      </trkpt>
      <trkpt lat="43.680088547989726" lon="10.777687132358551">
        <ele>61.2</ele>
      </trkpt>
      <trkpt lat="43.6801244225353" lon="10.777335846796632">
        <ele>62.83</ele>
      </trkpt>
      <trkpt lat="43.68016004562378" lon="10.776987075805664">
        <ele>64.34</ele>
      </trkpt>
      <trkpt lat="43.68009567260742" lon="10.776622295379639">
        <ele>65.87</ele>
      </trkpt>
      <trkpt lat="43.68011218495667" lon="10.776539565995336">
        <ele>67.25</ele>
      </trkpt>
      <trkpt lat="43.68011713027954" lon="10.776515007019043">
        <ele>68.59</ele>
      </trkpt>
      <trkpt lat="43.68037462234497" lon="10.776493549346924">
        <ele>69.93</ele>
      </trkpt>
      <trkpt lat="43.680546283721924" lon="10.776622295379639">
        <ele>71.13</ele>
      </trkpt>
      <trkpt lat="43.68061074055731" lon="10.7765793800354">
        <ele>72.29</ele>
      </trkpt>
      <trkpt lat="43.68065365590155" lon="10.77632188796997">
        <ele>73.41</ele>
      </trkpt>
      <trkpt lat="43.68065357208252" lon="10.776193141937256">
        <ele>74.37</ele>
      </trkpt>
      <trkpt lat="43.680524826049805" lon="10.775871276855469">
        <ele>75.07</ele>
      </trkpt>
      <trkpt lat="43.68060571141541" lon="10.77561043202877">
        <ele>75.81</ele>
      </trkpt>
      <trkpt lat="43.68068642914295" lon="10.775350593030453">
        <ele>76.43</ele>
      </trkpt>
      <trkpt lat="43.68068642914295" lon="10.775350676849484">
        <ele>76.92</ele>
      </trkpt>
      <trkpt lat="43.68071794509888" lon="10.775249004364014">
        <ele>77.28</ele>
      </trkpt>
      <trkpt lat="43.680782318115234" lon="10.775120258331299">
        <ele>77.54</ele>
      </trkpt>
      <trkpt lat="43.680782401934266" lon="10.775120258331299">
        <ele>77.66</ele>
      </trkpt>
      <trkpt lat="43.680739402770996" lon="10.775034427642822">
        <ele>77.59</ele>
      </trkpt>
      <trkpt lat="43.680739402770996" lon="10.77476553618908">
        <ele>77.4</ele>
      </trkpt>
      <trkpt lat="43.680739402770996" lon="10.774497985839844">
        <ele>77.11</ele>
      </trkpt>
      <trkpt lat="43.68082523345947" lon="10.774197578430176">
        <ele>76.83</ele>
      </trkpt>
      <trkpt lat="43.68094232864678" lon="10.774002447724342">
        <ele>76.38</ele>
      </trkpt>
      <trkpt lat="43.681018352508545" lon="10.773875713348389">
        <ele>75.7</ele>
      </trkpt>
      <trkpt lat="43.681018352508545" lon="10.773768424987793">
        <ele>74.87</ele>
      </trkpt>
      <trkpt lat="43.68106126785278" lon="10.773725509643555">
        <ele>73.96</ele>
      </trkpt>
      <trkpt lat="43.68117157369852" lon="10.773731041699648">
        <ele>72.96</ele>
      </trkpt>
      <trkpt lat="43.68133082985878" lon="10.77373892068863">
        <ele>71.77</ele>
      </trkpt>
      <trkpt lat="43.6814905051142" lon="10.773746967315674">
        <ele>70.46</ele>
      </trkpt>
      <trkpt lat="43.681790828704834" lon="10.773618221282959">
        <ele>68.92</ele>
      </trkpt>
      <trkpt lat="43.682026863098145" lon="10.773468017578125">
        <ele>67.46</ele>
      </trkpt>
      <trkpt lat="43.68217706680298" lon="10.773210525512695">
        <ele>65.9</ele>
      </trkpt>
      <trkpt lat="43.68232727050781" lon="10.77284574508667">
        <ele>64.3</ele>
      </trkpt>
      <trkpt lat="43.68252047337592" lon="10.772598814219236">
        <ele>62.76</ele>
      </trkpt>
      <trkpt lat="43.68271350860596" lon="10.77235221862793">
        <ele>60.91</ele>
      </trkpt>
      <trkpt lat="43.68292800150812" lon="10.772191286087036">
        <ele>59.12</ele>
      </trkpt>
      <trkpt lat="43.68314266204834" lon="10.772030353546143">
        <ele>57.4</ele>
      </trkpt>
      <trkpt lat="43.683292949572206" lon="10.771880149841309">
        <ele>55.74</ele>
      </trkpt>
      <trkpt lat="43.683292865753174" lon="10.771622657775879">
        <ele>53.99</ele>
      </trkpt>
      <trkpt lat="43.683249950408936" lon="10.771536827087402">
        <ele>52.29</ele>
      </trkpt>
      <trkpt lat="43.683142410591245" lon="10.771171292290092">
        <ele>50.43</ele>
      </trkpt>
      <trkpt lat="43.683035373687744" lon="10.770807266235352">
        <ele>48.65</ele>
      </trkpt>
      <trkpt lat="43.68294954299927" lon="10.770442485809326">
        <ele>47</ele>
      </trkpt>
      <trkpt lat="43.68285306729376" lon="10.770080722868443">
        <ele>45.48</ele>
      </trkpt>
      <trkpt lat="43.68277243338525" lon="10.76977813616395">
        <ele>44.24</ele>
      </trkpt>
      <trkpt lat="43.68269213475287" lon="10.769476890563965">
        <ele>43.3</ele>
      </trkpt>
      <trkpt lat="43.682628851383924" lon="10.76950991526246">
        <ele>42.35</ele>
      </trkpt>
      <trkpt lat="43.682628851383924" lon="10.769509831443429">
        <ele>41.53</ele>
      </trkpt>
      <trkpt lat="43.68241377174854" lon="10.769621981307864">
        <ele>40.97</ele>
      </trkpt>
      <trkpt lat="43.6821985244751" lon="10.769734382629395">
        <ele>40.46</ele>
      </trkpt>
      <trkpt lat="43.681969698518515" lon="10.76989883556962">
        <ele>40.05</ele>
      </trkpt>
      <trkpt lat="43.68174087256193" lon="10.770063288509846">
        <ele>39.95</ele>
      </trkpt>
      <trkpt lat="43.681511878967285" lon="10.770227909088135">
        <ele>39.87</ele>
      </trkpt>
      <trkpt lat="43.68135371245444" lon="10.770307034254074">
        <ele>39.73</ele>
      </trkpt>
      <trkpt lat="43.68115397170186" lon="10.770406862720847">
        <ele>39.73</ele>
      </trkpt>
      <trkpt lat="43.68095397949219" lon="10.770506858825684">
        <ele>39.67</ele>
      </trkpt>
      <trkpt lat="43.680750131607056" lon="10.770656978711486">
        <ele>39.82</ele>
      </trkpt>
      <trkpt lat="43.680546283721924" lon="10.770807266235352">
        <ele>40.16</ele>
      </trkpt>
      <trkpt lat="43.68026758544147" lon="10.770882284268737">
        <ele>40.63</ele>
      </trkpt>
      <trkpt lat="43.679988384246826" lon="10.770957469940186">
        <ele>41.21</ele>
      </trkpt>
      <trkpt lat="43.67974170483649" lon="10.771123683080077">
        <ele>41.7</ele>
      </trkpt>
      <trkpt lat="43.67949502542615" lon="10.771289896219969">
        <ele>42.31</ele>
      </trkpt>
      <trkpt lat="43.67924834601581" lon="10.77145610935986">
        <ele>42.92</ele>
      </trkpt>
      <trkpt lat="43.679001331329346" lon="10.771622657775879">
        <ele>43.64</ele>
      </trkpt>
      <trkpt lat="43.67870092391968" lon="10.771665573120117">
        <ele>44.55</ele>
      </trkpt>
      <trkpt lat="43.678486347198486" lon="10.77160120010376">
        <ele>45.55</ele>
      </trkpt>
      <trkpt lat="43.67834519594908" lon="10.771526265889406">
        <ele>46.55</ele>
      </trkpt>
      <trkpt lat="43.67807261645794" lon="10.771381426602602">
        <ele>47.6</ele>
      </trkpt>
      <trkpt lat="43.677799701690674" lon="10.771236419677734">
        <ele>48.61</ele>
      </trkpt>
      <trkpt lat="43.67752796038985" lon="10.771043300628662">
        <ele>49.66</ele>
      </trkpt>
      <trkpt lat="43.67725621908903" lon="10.770850265398622">
        <ele>50.82</ele>
      </trkpt>
      <trkpt lat="43.67698431015015" lon="10.770657062530518">
        <ele>52.06</ele>
      </trkpt>
      <trkpt lat="43.676748275756836" lon="10.770453214645386">
        <ele>52.99</ele>
      </trkpt>
      <trkpt lat="43.67651232518256" lon="10.770249366760254">
        <ele>53.73</ele>
      </trkpt>
      <trkpt lat="43.67627629078925" lon="10.770045518875122">
        <ele>54.39</ele>
      </trkpt>
      <trkpt lat="43.676040256395936" lon="10.76984167098999">
        <ele>55.07</ele>
      </trkpt>
      <trkpt lat="43.67582559585571" lon="10.76960563659668">
        <ele>55.75</ele>
      </trkpt>
      <trkpt lat="43.67559693753719" lon="10.769577054306865">
        <ele>56.43</ele>
      </trkpt>
      <trkpt lat="43.675368279218674" lon="10.76954847201705">
        <ele>56.91</ele>
      </trkpt>
      <trkpt lat="43.6751389503479" lon="10.769519805908203">
        <ele>57.28</ele>
      </trkpt>
      <trkpt lat="43.67498732171953" lon="10.769453421235085">
        <ele>57.46</ele>
      </trkpt>
      <trkpt lat="43.67483552545309" lon="10.769387036561966">
        <ele>57.49</ele>
      </trkpt>
      <trkpt lat="43.674795627593994" lon="10.76936960220337">
        <ele>57.43</ele>
      </trkpt>
      <trkpt lat="43.67486008442938" lon="10.769014712423086">
        <ele>57.15</ele>
      </trkpt>
      <trkpt lat="43.67492437362671" lon="10.768661499023438">
        <ele>56.94</ele>
      </trkpt>
      <trkpt lat="43.67505328729749" lon="10.76834985986352">
        <ele>56.7</ele>
      </trkpt>
      <trkpt lat="43.67518186569214" lon="10.768039226531982">
        <ele>56.32</ele>
      </trkpt>
      <trkpt lat="43.67518194951117" lon="10.768039226531982">
        <ele>55.75</ele>
      </trkpt>
      <trkpt lat="43.67523919790983" lon="10.767695065587759">
        <ele>55.01</ele>
      </trkpt>
      <trkpt lat="43.675296530127525" lon="10.767350988462567">
        <ele>54.14</ele>
      </trkpt>
      <trkpt lat="43.67535352706909" lon="10.767009258270264">
        <ele>53.23</ele>
      </trkpt>
      <trkpt lat="43.67539887316525" lon="10.766839189454913">
        <ele>52.36</ele>
      </trkpt>
      <trkpt lat="43.67543935775757" lon="10.766687393188477">
        <ele>51.46</ele>
      </trkpt>
      <trkpt lat="43.675589645281434" lon="10.766440378502011">
        <ele>50.42</ele>
      </trkpt>
      <trkpt lat="43.675739765167236" lon="10.766193866729736">
        <ele>49.51</ele>
      </trkpt>
      <trkpt lat="43.675739765167236" lon="10.76587200164795">
        <ele>48.6</ele>
      </trkpt>
      <trkpt lat="43.675707494840026" lon="10.765549298375845">
        <ele>47.77</ele>
      </trkpt>
      <trkpt lat="43.67567539215088" lon="10.765228271484375">
        <ele>47.11</ele>
      </trkpt>
      <trkpt lat="43.67568612098694" lon="10.764937838539481">
        <ele>46.61</ele>
      </trkpt>
      <trkpt lat="43.67569693364203" lon="10.764648914337158">
        <ele>46.2</ele>
      </trkpt>
      <trkpt lat="43.67570757865906" lon="10.764380022883415">
        <ele>45.9</ele>
      </trkpt>
      <trkpt lat="43.67571830749512" lon="10.76411247253418">
        <ele>45.79</ele>
      </trkpt>
      <trkpt lat="43.675750494003296" lon="10.763854309916496">
        <ele>45.69</ele>
      </trkpt>
      <trkpt lat="43.675782680511475" lon="10.76359748840332">
        <ele>45.69</ele>
      </trkpt>
      <trkpt lat="43.675718139857054" lon="10.76336095109582">
        <ele>45.9</ele>
      </trkpt>
      <trkpt lat="43.67565393447876" lon="10.7631254196167">
        <ele>46.19</ele>
      </trkpt>
      <trkpt lat="43.67565401829779" lon="10.7631254196167">
        <ele>46.43</ele>
      </trkpt>
      <trkpt lat="43.67539652623236" lon="10.762953758239746">
        <ele>46.98</ele>
      </trkpt>
      <trkpt lat="43.6751389503479" lon="10.762782096862793">
        <ele>47.56</ele>
      </trkpt>
      <trkpt lat="43.67493527010083" lon="10.762696266174316">
        <ele>48.1</ele>
      </trkpt>
      <trkpt lat="43.67473133839667" lon="10.76261043548584">
        <ele>48.65</ele>
      </trkpt>
      <trkpt lat="43.67457057349384" lon="10.76258897781372">
        <ele>49.23</ele>
      </trkpt>
      <trkpt lat="43.67440947331488" lon="10.762567520141602">
        <ele>49.84</ele>
      </trkpt>
      <trkpt lat="43.67436672560871" lon="10.762570537626743">
        <ele>50.52</ele>
      </trkpt>
      <trkpt lat="43.67410906590521" lon="10.76258897781372">
        <ele>51.25</ele>
      </trkpt>
      <trkpt lat="43.673837492242455" lon="10.762653267011046">
        <ele>52.08</ele>
      </trkpt>
      <trkpt lat="43.6735659185797" lon="10.762717556208372">
        <ele>52.96</ele>
      </trkpt>
      <trkpt lat="43.67329442873597" lon="10.762781845405698">
        <ele>53.82</ele>
      </trkpt>
      <trkpt lat="43.673022855073214" lon="10.762846218422055">
        <ele>54.78</ele>
      </trkpt>
      <trkpt lat="43.672751281410456" lon="10.762910507619381">
        <ele>55.89</ele>
      </trkpt>
      <trkpt lat="43.67247819900513" lon="10.762975215911865">
        <ele>57.1</ele>
      </trkpt>
      <trkpt lat="43.67245674133301" lon="10.7631254196167">
        <ele>58.39</ele>
      </trkpt>
      <trkpt lat="43.67241382598877" lon="10.763490200042725">
        <ele>59.96</ele>
      </trkpt>
      <trkpt lat="43.672306537628174" lon="10.763790607452393">
        <ele>61.47</ele>
      </trkpt>
      <trkpt lat="43.67217779159546" lon="10.764069557189941">
        <ele>62.96</ele>
      </trkpt>
      <trkpt lat="43.67198467254639" lon="10.764241218566895">
        <ele>64.4</ele>
      </trkpt>
      <trkpt lat="43.67174872197211" lon="10.764359151944518">
        <ele>65.87</ele>
      </trkpt>
      <trkpt lat="43.671512603759766" lon="10.764477252960205">
        <ele>67.42</ele>
      </trkpt>
      <trkpt lat="43.67137312889099" lon="10.764595186337829">
        <ele>69.16</ele>
      </trkpt>
      <trkpt lat="43.67123365402222" lon="10.764713287353516">
        <ele>71.04</ele>
      </trkpt>
      <trkpt lat="43.670997619628906" lon="10.76484203338623">
        <ele>72.88</ele>
      </trkpt>
      <trkpt lat="43.67086887359619" lon="10.764970779418945">
        <ele>74.88</ele>
      </trkpt>
      <trkpt lat="43.670783042907715" lon="10.76512098312378">
        <ele>76.93</ele>
      </trkpt>
      <trkpt lat="43.670761585235596" lon="10.765442848205566">
        <ele>79.24</ele>
      </trkpt>
      <trkpt lat="43.67060056887567" lon="10.76561450958252">
        <ele>81.13</ele>
      </trkpt>
      <trkpt lat="43.67043972015381" lon="10.765786170959473">
        <ele>83.12</ele>
      </trkpt>
      <trkpt lat="43.67045044898987" lon="10.766033520922065">
        <ele>85.46</ele>
      </trkpt>
      <trkpt lat="43.67046117782593" lon="10.766279697418213">
        <ele>87.78</ele>
      </trkpt>
      <trkpt lat="43.67034290917218" lon="10.766645148396492">
        <ele>90.05</ele>
      </trkpt>
      <trkpt lat="43.67022522725165" lon="10.767009258270264">
        <ele>92.41</ele>
      </trkpt>
      <trkpt lat="43.67022514343262" lon="10.767009258270264">
        <ele>94.58</ele>
      </trkpt>
      <trkpt lat="43.670018361881375" lon="10.767151415348053">
        <ele>96.7</ele>
      </trkpt>
      <trkpt lat="43.66988182067871" lon="10.767245292663574">
        <ele>98.89</ele>
      </trkpt>
      <trkpt lat="43.66960312239826" lon="10.767322406172752">
        <ele>101.1</ele>
      </trkpt>
      <trkpt lat="43.669324424117804" lon="10.767399603500962">
        <ele>103.38</ele>
      </trkpt>
      <trkpt lat="43.66904572583735" lon="10.767476800829172">
        <ele>105.73</ele>
      </trkpt>
      <trkpt lat="43.668767027556896" lon="10.76755391433835">
        <ele>107.96</ele>
      </trkpt>
      <trkpt lat="43.66848707199097" lon="10.767631530761719">
        <ele>110.19</ele>
      </trkpt>
      <trkpt lat="43.668186916038394" lon="10.76762080192566">
        <ele>112.46</ele>
      </trkpt>
      <trkpt lat="43.66788625717163" lon="10.7676100730896">
        <ele>114.67</ele>
      </trkpt>
      <trkpt lat="43.66772532463074" lon="10.767502784729004">
        <ele>116.7</ele>
      </trkpt>
      <trkpt lat="43.667564392089844" lon="10.767395496368408">
        <ele>118.62</ele>
      </trkpt>
      <trkpt lat="43.66732835769653" lon="10.76735258102417">
        <ele>120.37</ele>
      </trkpt>
      <trkpt lat="43.6670708656311" lon="10.767395496368408">
        <ele>122.1</ele>
      </trkpt>
      <trkpt lat="43.66698503494263" lon="10.767459869384766">
        <ele>123.66</ele>
      </trkpt>
      <trkpt lat="43.66689920425415" lon="10.767459869384766">
        <ele>125.12</ele>
      </trkpt>
      <trkpt lat="43.66669544018805" lon="10.767374038696289">
        <ele>126.52</ele>
      </trkpt>
      <trkpt lat="43.66649150848389" lon="10.767288208007812">
        <ele>127.74</ele>
      </trkpt>
      <trkpt lat="43.66642713546753" lon="10.767309665679932">
        <ele>128.9</ele>
      </trkpt>
      <trkpt lat="43.666275423020124" lon="10.767290722578764">
        <ele>129.97</ele>
      </trkpt>
      <trkpt lat="43.666255474090576" lon="10.767288208007812">
        <ele>130.94</ele>
      </trkpt>
      <trkpt lat="43.666094625368714" lon="10.767213106155396">
        <ele>131.87</ele>
      </trkpt>
      <trkpt lat="43.66593360900879" lon="10.767138004302979">
        <ele>132.82</ele>
      </trkpt>
      <trkpt lat="43.66584777832031" lon="10.76709508895874">
        <ele>133.57</ele>
      </trkpt>
      <trkpt lat="43.665665220469236" lon="10.766869615763426">
        <ele>134.34</ele>
      </trkpt>
      <trkpt lat="43.66548299789429" lon="10.766644477844238">
        <ele>134.88</ele>
      </trkpt>
      <trkpt lat="43.66535425186157" lon="10.7666015625">
        <ele>135.15</ele>
      </trkpt>
      <trkpt lat="43.66517186164856" lon="10.766440629959106">
        <ele>135.31</ele>
      </trkpt>
      <trkpt lat="43.66498947143555" lon="10.766279697418213">
        <ele>135.32</ele>
      </trkpt>
      <trkpt lat="43.66484454832971" lon="10.766088422387838">
        <ele>135.23</ele>
      </trkpt>
      <trkpt lat="43.66469987668097" lon="10.76589748263359">
        <ele>135</ele>
      </trkpt>
      <trkpt lat="43.66469987668097" lon="10.765897398814559">
        <ele>134.62</ele>
      </trkpt>
      <trkpt lat="43.66457632742822" lon="10.765734370797873">
        <ele>134.1</ele>
      </trkpt>
      <trkpt lat="43.66445302963257" lon="10.765571594238281">
        <ele>133.41</ele>
      </trkpt>
      <trkpt lat="43.66434574127197" lon="10.765314102172852">
        <ele>132.48</ele>
      </trkpt>
      <trkpt lat="43.66423845291138" lon="10.765185356140137">
        <ele>131.64</ele>
      </trkpt>
      <trkpt lat="43.66398104466498" lon="10.765002965927124">
        <ele>130.76</ele>
      </trkpt>
      <trkpt lat="43.66372346878052" lon="10.764820575714111">
        <ele>129.73</ele>
      </trkpt>
      <trkpt lat="43.663573348894715" lon="10.764648914337158">
        <ele>120.84</ele>
      </trkpt>
      <trkpt lat="43.66353856399655" lon="10.764659307897091">
        <ele>127.79</ele>
      </trkpt>
      <trkpt lat="43.66335868835449" lon="10.764713287353516">
        <ele>120.66</ele>
      </trkpt>
      <trkpt lat="43.66312290541828" lon="10.764702558517456">
        <ele>120.43</ele>
      </trkpt>
      <trkpt lat="43.66288661956787" lon="10.764691829681396">
        <ele>120.12</ele>
      </trkpt>
      <trkpt lat="43.66265058517456" lon="10.764648914337158">
        <ele>119.79</ele>
      </trkpt>
      <trkpt lat="43.66241455078125" lon="10.764520168304443">
        <ele>119.44</ele>
      </trkpt>
      <trkpt lat="43.66223568096757" lon="10.764355631545186">
        <ele>119.1</ele>
      </trkpt>
      <trkpt lat="43.66205689497292" lon="10.764191094785929">
        <ele>118.79</ele>
      </trkpt>
      <trkpt lat="43.66187810897827" lon="10.764026641845703">
        <ele>118.46</ele>
      </trkpt>
      <trkpt lat="43.66172790527344" lon="10.763919353485107">
        <ele>118.15</ele>
      </trkpt>
      <trkpt lat="43.661463456228375" lon="10.763812148943543">
        <ele>117.66</ele>
      </trkpt>
      <trkpt lat="43.66119900718331" lon="10.76370494440198">
        <ele>117.29</ele>
      </trkpt>
      <trkpt lat="43.66093397140503" lon="10.76359748840332">
        <ele>117.2</ele>
      </trkpt>
      <trkpt lat="43.66092290729284" lon="10.76359011232853">
        <ele>118.48</ele>
      </trkpt>
      <trkpt lat="43.660805225372314" lon="10.763511657714844">
        <ele>118.38</ele>
      </trkpt>
      <trkpt lat="43.66058008745313" lon="10.763425827026367">
        <ele>118.46</ele>
      </trkpt>
      <trkpt lat="43.66035461425781" lon="10.76333999633789">
        <ele>118.6</ele>
      </trkpt>
      <trkpt lat="43.66016141138971" lon="10.763146793469787">
        <ele>118.75</ele>
      </trkpt>
      <trkpt lat="43.65996837615967" lon="10.762953758239746">
        <ele>118.95</ele>
      </trkpt>
      <trkpt lat="43.65990400314331" lon="10.762803554534912">
        <ele>118.93</ele>
      </trkpt>
      <trkpt lat="43.65983963012695" lon="10.762546062469482">
        <ele>118.9</ele>
      </trkpt>
      <trkpt lat="43.659818172454834" lon="10.7621169090271">
        <ele>118.69</ele>
      </trkpt>
      <trkpt lat="43.65986108779907" lon="10.761730670928955">
        <ele>118.53</ele>
      </trkpt>
      <trkpt lat="43.659883635118604" lon="10.761681133881211">
        <ele>118.24</ele>
      </trkpt>
      <trkpt lat="43.65996837615967" lon="10.761494636535645">
        <ele>117.88</ele>
      </trkpt>
      <trkpt lat="43.6601185798645" lon="10.76136589050293">
        <ele>117.35</ele>
      </trkpt>
      <trkpt lat="43.66035461425781" lon="10.761172771453857">
        <ele>116.65</ele>
      </trkpt>
      <trkpt lat="43.660597521811724" lon="10.76108694076538">
        <ele>115.8</ele>
      </trkpt>
      <trkpt lat="43.66084051318467" lon="10.761001193895936">
        <ele>114.79</ele>
      </trkpt>
      <trkpt lat="43.66108417510986" lon="10.760915279388428">
        <ele>113.68</ele>
      </trkpt>
      <trkpt lat="43.66136312484741" lon="10.760743618011475">
        <ele>112.47</ele>
      </trkpt>
      <trkpt lat="43.661545515060425" lon="10.76052887365222">
        <ele>111.14</ele>
      </trkpt>
      <trkpt lat="43.66172790527344" lon="10.760314464569092">
        <ele>109.69</ele>
      </trkpt>
      <trkpt lat="43.661792278289795" lon="10.760164260864258">
        <ele>108.02</ele>
      </trkpt>
      <trkpt lat="43.661813735961914" lon="10.759906768798828">
        <ele>106.24</ele>
      </trkpt>
      <trkpt lat="43.661770820617676" lon="10.759735107421875">
        <ele>104.38</ele>
      </trkpt>
      <trkpt lat="43.6616849899292" lon="10.759735107421875">
        <ele>102.32</ele>
      </trkpt>
      <trkpt lat="43.6615777015686" lon="10.75960636138916">
        <ele>100.03</ele>
      </trkpt>
      <trkpt lat="43.66147041320801" lon="10.75937032699585">
        <ele>97.58</ele>
      </trkpt>
      <trkpt lat="43.66144895553589" lon="10.759198665618896">
        <ele>95.11</ele>
      </trkpt>
      <trkpt lat="43.66135214455426" lon="10.758897671476007">
        <ele>92.28</ele>
      </trkpt>
      <trkpt lat="43.661255836486816" lon="10.75859785079956">
        <ele>89.34</ele>
      </trkpt>
      <trkpt lat="43.66119397804141" lon="10.758278584107757">
        <ele>86.45</ele>
      </trkpt>
      <trkpt lat="43.66113253869116" lon="10.757960742339492">
        <ele>83.64</ele>
      </trkpt>
      <trkpt lat="43.6611270904541" lon="10.757932662963867">
        <ele>80.71</ele>
      </trkpt>
      <trkpt lat="43.66095517762005" lon="10.757610378786922">
        <ele>77.46</ele>
      </trkpt>
      <trkpt lat="43.66078334860504" lon="10.757288094609976">
        <ele>74.1</ele>
      </trkpt>
      <trkpt lat="43.66061210632324" lon="10.756967067718506">
        <ele>70.76</ele>
      </trkpt>
      <trkpt lat="43.66044740192592" lon="10.75668778270483">
        <ele>67.52</ele>
      </trkpt>
      <trkpt lat="43.6602826975286" lon="10.756408581510186">
        <ele>64.32</ele>
      </trkpt>
      <trkpt lat="43.6601185798645" lon="10.75613021850586">
        <ele>61.18</ele>
      </trkpt>
      <trkpt lat="43.660032749176025" lon="10.755808353424072">
        <ele>58.13</ele>
      </trkpt>
      <trkpt lat="43.6599927674979" lon="10.755413146689534">
        <ele>55.23</ele>
      </trkpt>
      <trkpt lat="43.65995437838137" lon="10.755033614113927">
        <ele>52.39</ele>
      </trkpt>
      <trkpt lat="43.659915989264846" lon="10.75465408153832">
        <ele>49.67</ele>
      </trkpt>
      <trkpt lat="43.65987760014832" lon="10.754274548962712">
        <ele>47.18</ele>
      </trkpt>
      <trkpt lat="43.65983963012695" lon="10.753898620605469">
        <ele>44.81</ele>
      </trkpt>
      <trkpt lat="43.66006468422711" lon="10.753844976425171">
        <ele>42.84</ele>
      </trkpt>
      <trkpt lat="43.660290241241455" lon="10.753791332244873">
        <ele>41.1</ele>
      </trkpt>
      <trkpt lat="43.660483276471496" lon="10.753651857376099">
        <ele>39.4</ele>
      </trkpt>
      <trkpt lat="43.6606764793396" lon="10.753512382507324">
        <ele>37.83</ele>
      </trkpt>
      <trkpt lat="43.660805225372314" lon="10.753469467163086">
        <ele>36.45</ele>
      </trkpt>
      <trkpt lat="43.661056347191334" lon="10.753457983955741">
        <ele>35.22</ele>
      </trkpt>
      <trkpt lat="43.66130813956261" lon="10.753446584567428">
        <ele>34.06</ele>
      </trkpt>
      <trkpt lat="43.66158491000533" lon="10.753433927893639">
        <ele>33</ele>
      </trkpt>
      <trkpt lat="43.661861680448055" lon="10.753421355038881">
        <ele>32.06</ele>
      </trkpt>
      <trkpt lat="43.66213845089078" lon="10.753408782184124">
        <ele>31.31</ele>
      </trkpt>
      <trkpt lat="43.662415221333504" lon="10.753396209329367">
        <ele>30.74</ele>
      </trkpt>
      <trkpt lat="43.6626935005188" lon="10.75338363647461">
        <ele>30.27</ele>
      </trkpt>
      <trkpt lat="43.66273071616888" lon="10.753376176580787">
        <ele>29.87</ele>
      </trkpt>
      <trkpt lat="43.66290807723999" lon="10.753340721130371">
        <ele>29.53</ele>
      </trkpt>
      <trkpt lat="43.66309029981494" lon="10.753244161605835">
        <ele>29.24</ele>
      </trkpt>
      <trkpt lat="43.663272857666016" lon="10.753147602081299">
        <ele>29.04</ele>
      </trkpt>
      <trkpt lat="43.66350897587836" lon="10.752954483032227">
        <ele>28.91</ele>
      </trkpt>
      <trkpt lat="43.663299763575196" lon="10.752782821655273">
        <ele>28.81</ele>
      </trkpt>
      <trkpt lat="43.663090551272035" lon="10.75261116027832">
        <ele>28.8</ele>
      </trkpt>
      <trkpt lat="43.66288133896887" lon="10.752439498901367">
        <ele>28.79</ele>
      </trkpt>
      <trkpt lat="43.66267204284668" lon="10.752267837524414">
        <ele>28.81</ele>
      </trkpt>
      <trkpt lat="43.662489484995604" lon="10.75198863632977">
        <ele>28.85</ele>
      </trkpt>
      <trkpt lat="43.662307346239686" lon="10.751709938049316">
        <ele>28.92</ele>
      </trkpt>
      <trkpt lat="43.66217851638794" lon="10.751495361328125">
        <ele>28.97</ele>
      </trkpt>
      <trkpt lat="43.66200207732618" lon="10.751190008595586">
        <ele>29.06</ele>
      </trkpt>
      <trkpt lat="43.66182563826442" lon="10.750884655863047">
        <ele>29.18</ele>
      </trkpt>
      <trkpt lat="43.66164986975491" lon="10.75058039277792">
        <ele>29.25</ele>
      </trkpt>
      <trkpt lat="43.66162061691284" lon="10.750529766082764">
        <ele>29.32</ele>
      </trkpt>
      <trkpt lat="43.66140604019165" lon="10.750336647033691">
        <ele>29.4</ele>
      </trkpt>
      <trkpt lat="43.66121292114258" lon="10.750229358673096">
        <ele>29.52</ele>
      </trkpt>
      <trkpt lat="43.661298751831055" lon="10.749971866607666">
        <ele>29.54</ele>
      </trkpt>
      <trkpt lat="43.66142749786377" lon="10.749757289886475">
        <ele>29.58</ele>
      </trkpt>
      <trkpt lat="43.6616987362504" lon="10.749571966007352">
        <ele>29.65</ele>
      </trkpt>
      <trkpt lat="43.66196997463703" lon="10.74938672594726">
        <ele>29.55</ele>
      </trkpt>
      <trkpt lat="43.66224154829979" lon="10.749201318249106">
        <ele>29.45</ele>
      </trkpt>
      <trkpt lat="43.662307262420654" lon="10.749156475067139">
        <ele>29.38</ele>
      </trkpt>
      <trkpt lat="43.66246819496155" lon="10.748995458707213">
        <ele>29.3</ele>
      </trkpt>
      <trkpt lat="43.66262912750244" lon="10.748834609985352">
        <ele>29.23</ele>
      </trkpt>
      <trkpt lat="43.66283666342497" lon="10.748538728803396">
        <ele>29.13</ele>
      </trkpt>
      <trkpt lat="43.663044199347496" lon="10.74824284762144">
        <ele>29</ele>
      </trkpt>
      <trkpt lat="43.663251819089055" lon="10.747947050258517">
        <ele>28.89</ele>
      </trkpt>
      <trkpt lat="43.66345935501158" lon="10.747651169076562">
        <ele>28.76</ele>
      </trkpt>
      <trkpt lat="43.66366697475314" lon="10.747355371713638">
        <ele>28.62</ele>
      </trkpt>
      <trkpt lat="43.66387451067567" lon="10.747059490531683">
        <ele>28.54</ele>
      </trkpt>
      <trkpt lat="43.66408213041723" lon="10.746763609349728">
        <ele>28.55</ele>
      </trkpt>
      <trkpt lat="43.664289666339755" lon="10.746467811986804">
        <ele>28.55</ele>
      </trkpt>
      <trkpt lat="43.66449594497681" lon="10.746173858642578">
        <ele>28.54</ele>
      </trkpt>
      <trkpt lat="43.66458177566528" lon="10.746002197265625">
        <ele>28.51</ele>
      </trkpt>
      <trkpt lat="43.664581859484315" lon="10.746002197265625">
        <ele>28.58</ele>
      </trkpt>
      <trkpt lat="43.66466777399182" lon="10.745593579486012">
        <ele>28.63</ele>
      </trkpt>
      <trkpt lat="43.664753437042236" lon="10.745186805725098">
        <ele>28.8</ele>
      </trkpt>
      <trkpt lat="43.664742624387145" lon="10.744950184598565">
        <ele>29.05</ele>
      </trkpt>
      <trkpt lat="43.66473197937012" lon="10.744714736938477">
        <ele>29.39</ele>
      </trkpt>
      <trkpt lat="43.66468906402588" lon="10.744414329528809">
        <ele>29.81</ele>
      </trkpt>
      <trkpt lat="43.66448177956045" lon="10.744328498840332">
        <ele>30.38</ele>
      </trkpt>
      <trkpt lat="43.664274495095015" lon="10.744242751970887">
        <ele>31.03</ele>
      </trkpt>
      <trkpt lat="43.664066791534424" lon="10.744156837463379">
        <ele>31.74</ele>
      </trkpt>
      <trkpt lat="43.66398096084595" lon="10.744092464447021">
        <ele>32.49</ele>
      </trkpt>
      <trkpt lat="43.663798151537776" lon="10.743813766166568">
        <ele>33.36</ele>
      </trkpt>
      <trkpt lat="43.663615426048636" lon="10.743535151705146">
        <ele>34.29</ele>
      </trkpt>
      <trkpt lat="43.663432616740465" lon="10.743256537243724">
        <ele>35.14</ele>
      </trkpt>
      <trkpt lat="43.663249891251326" lon="10.742977922782302">
        <ele>36.08</ele>
      </trkpt>
      <trkpt lat="43.663067081943154" lon="10.74269930832088">
        <ele>37.14</ele>
      </trkpt>
      <trkpt lat="43.662884356454015" lon="10.742420693859458">
        <ele>38.4</ele>
      </trkpt>
      <trkpt lat="43.66270272061229" lon="10.74214375577867">
        <ele>39.78</ele>
      </trkpt>
      <trkpt lat="43.66270272061229" lon="10.742143671959639">
        <ele>41.12</ele>
      </trkpt>
      <trkpt lat="43.66267204284668" lon="10.742096900939941">
        <ele>42.55</ele>
      </trkpt>
      <trkpt lat="43.66281168535352" lon="10.741806803271174">
        <ele>44.19</ele>
      </trkpt>
      <trkpt lat="43.66295099258423" lon="10.741517543792725">
        <ele>45.93</ele>
      </trkpt>
      <trkpt lat="43.663047635927796" lon="10.741291819140315">
        <ele>47.6</ele>
      </trkpt>
      <trkpt lat="43.6631441116333" lon="10.741066932678223">
        <ele>49.27</ele>
      </trkpt>
      <trkpt lat="43.66316556930542" lon="10.740809440612793">
        <ele>50.95</ele>
      </trkpt>
      <trkpt lat="43.66310119628906" lon="10.740509033203125">
        <ele>52.7</ele>
      </trkpt>
      <trkpt lat="43.66297245025635" lon="10.740208625793457">
        <ele>54.54</ele>
      </trkpt>
      <trkpt lat="43.66287572309375" lon="10.74002598412335">
        <ele>56.31</ele>
      </trkpt>
      <trkpt lat="43.662779331207275" lon="10.739843845367432">
        <ele>58.02</ele>
      </trkpt>
      <trkpt lat="43.662614626809955" lon="10.73960043489933">
        <ele>59.6</ele>
      </trkpt>
      <trkpt lat="43.662450006231666" lon="10.739357024431229">
        <ele>61.15</ele>
      </trkpt>
      <trkpt lat="43.662285804748535" lon="10.73911428451538">
        <ele>62.7</ele>
      </trkpt>
      <trkpt lat="43.662221264094114" lon="10.73885620571673">
        <ele>64.29</ele>
      </trkpt>
      <trkpt lat="43.66215705871582" lon="10.738599300384521">
        <ele>65.76</ele>
      </trkpt>
      <trkpt lat="43.66224297322333" lon="10.738534927368164">
        <ele>67.05</ele>
      </trkpt>
      <trkpt lat="43.66226443089545" lon="10.738449096679688">
        <ele>68.3</ele>
      </trkpt>
      <trkpt lat="43.66204993799329" lon="10.738377599045634">
        <ele>69.59</ele>
      </trkpt>
      <trkpt lat="43.66183552891016" lon="10.738306101411581">
        <ele>70.87</ele>
      </trkpt>
      <trkpt lat="43.66162061691284" lon="10.738234519958496">
        <ele>72.11</ele>
      </trkpt>
      <trkpt lat="43.66144551895559" lon="10.73824156075716">
        <ele>73.28</ele>
      </trkpt>
      <trkpt lat="43.66126497276127" lon="10.738248685374856">
        <ele>74.32</ele>
      </trkpt>
      <trkpt lat="43.66108417510986" lon="10.738255977630615">
        <ele>75.26</ele>
      </trkpt>
      <trkpt lat="43.66084302775562" lon="10.738277351483703">
        <ele>76.17</ele>
      </trkpt>
      <trkpt lat="43.66060188040137" lon="10.738298809155822">
        <ele>77.09</ele>
      </trkpt>
      <trkpt lat="43.66036073304713" lon="10.738320266827941">
        <ele>77.91</ele>
      </trkpt>
      <trkpt lat="43.6601185798645" lon="10.738341808319092">
        <ele>78.71</ele>
      </trkpt>
      <trkpt lat="43.660118663683534" lon="10.738341808319092">
        <ele>79.6</ele>
      </trkpt>
      <trkpt lat="43.65994708612561" lon="10.738384639844298">
        <ele>80.51</ele>
      </trkpt>
      <trkpt lat="43.659775257110596" lon="10.738427639007568">
        <ele>81.45</ele>
      </trkpt>
      <trkpt lat="43.659539222717285" lon="10.738534927368164">
        <ele>82.6</ele>
      </trkpt>
      <trkpt lat="43.65939974784851" lon="10.738642131909728">
        <ele>83.66</ele>
      </trkpt>
      <trkpt lat="43.659260272979736" lon="10.738749504089355">
        <ele>84.77</ele>
      </trkpt>
      <trkpt lat="43.65905273705721" lon="10.738971205428243">
        <ele>85.9</ele>
      </trkpt>
      <trkpt lat="43.65884528495371" lon="10.739192990586162">
        <ele>87</ele>
      </trkpt>
      <trkpt lat="43.65863800048828" lon="10.739414691925049">
        <ele>88.13</ele>
      </trkpt>
      <trkpt lat="43.65848779678345" lon="10.739521896466613">
        <ele>89.27</ele>
      </trkpt>
      <trkpt lat="43.65833759307861" lon="10.73962926864624">
        <ele>90.45</ele>
      </trkpt>
      <trkpt lat="43.6581015586853" lon="10.739672183990479">
        <ele>91.6</ele>
      </trkpt>
      <trkpt lat="43.657829985022545" lon="10.73965072631836">
        <ele>92.96</ele>
      </trkpt>
      <trkpt lat="43.65755849517882" lon="10.73962926864624">
        <ele>94.49</ele>
      </trkpt>
      <trkpt lat="43.657286167144775" lon="10.739607810974121">
        <ele>95.95</ele>
      </trkpt>
      <trkpt lat="43.65700721740723" lon="10.739715099334717">
        <ele>97.3</ele>
      </trkpt>
      <trkpt lat="43.65700730122626" lon="10.739715099334717">
        <ele>98.6</ele>
      </trkpt>
      <trkpt lat="43.656814182177186" lon="10.739994049072266">
        <ele>100.03</ele>
      </trkpt>
      <trkpt lat="43.65659952163696" lon="10.740101337432861">
        <ele>101.49</ele>
      </trkpt>
      <trkpt lat="43.65630372427404" lon="10.740144168958068">
        <ele>102.86</ele>
      </trkpt>
      <trkpt lat="43.656007926911116" lon="10.740187000483274">
        <ele>104.11</ele>
      </trkpt>
      <trkpt lat="43.65571212954819" lon="10.740229915827513">
        <ele>105.53</ele>
      </trkpt>
      <trkpt lat="43.65541633218527" lon="10.74027274735272">
        <ele>106.95</ele>
      </trkpt>
      <trkpt lat="43.655119026079774" lon="10.740315914154053">
        <ele>108.25</ele>
      </trkpt>
      <trkpt lat="43.65484032779932" lon="10.7403480168432">
        <ele>109.49</ele>
      </trkpt>
      <trkpt lat="43.654561042785645" lon="10.74038028717041">
        <ele>110.81</ele>
      </trkpt>
      <trkpt lat="43.654368091374636" lon="10.740326642990112">
        <ele>112.14</ele>
      </trkpt>
      <trkpt lat="43.6541748046875" lon="10.740272998809814">
        <ele>113.46</ele>
      </trkpt>
      <trkpt lat="43.65417488850653" lon="10.740272998809814">
        <ele>114.72</ele>
      </trkpt>
      <trkpt lat="43.6539710406214" lon="10.74015498161316">
        <ele>116.04</ele>
      </trkpt>
      <trkpt lat="43.653767108917236" lon="10.740036964416504">
        <ele>117.39</ele>
      </trkpt>
      <trkpt lat="43.65359561517835" lon="10.740047609433532">
        <ele>118.66</ele>
      </trkpt>
      <trkpt lat="43.65342378616333" lon="10.740058422088623">
        <ele>119.96</ele>
      </trkpt>
      <trkpt lat="43.65320384502411" lon="10.740219270810485">
        <ele>121.13</ele>
      </trkpt>
      <trkpt lat="43.65298398770392" lon="10.740380119532347">
        <ele>122.3</ele>
      </trkpt>
      <trkpt lat="43.65276413038373" lon="10.74054105207324">
        <ele>123.47</ele>
      </trkpt>
      <trkpt lat="43.652544021606445" lon="10.740702152252197">
        <ele>124.53</ele>
      </trkpt>
      <trkpt lat="43.65243681706488" lon="10.740852355957031">
        <ele>125.2</ele>
      </trkpt>
      <trkpt lat="43.65225057117641" lon="10.741145806387067">
        <ele>125.92</ele>
      </trkpt>
      <trkpt lat="43.65206440910697" lon="10.741439340636134">
        <ele>126.56</ele>
      </trkpt>
      <trkpt lat="43.65187883377075" lon="10.741732120513916">
        <ele>127.09</ele>
      </trkpt>
      <trkpt lat="43.65180540829897" lon="10.74146599508822">
        <ele>127.5</ele>
      </trkpt>
      <trkpt lat="43.65173231810331" lon="10.741201043128967">
        <ele>127.77</ele>
      </trkpt>
      <trkpt lat="43.65173231810331" lon="10.741201126947999">
        <ele>128.03</ele>
      </trkpt>
      <trkpt lat="43.6517071723938" lon="10.741109848022461">
        <ele>128.17</ele>
      </trkpt>
      <trkpt lat="43.651692755520344" lon="10.740808686241508">
        <ele>128.17</ele>
      </trkpt>
      <trkpt lat="43.65167842246592" lon="10.740507524460554">
        <ele>128.17</ele>
      </trkpt>
      <trkpt lat="43.65166425704956" lon="10.740208625793457">
        <ele>128.13</ele>
      </trkpt>
      <trkpt lat="43.65167498588562" lon="10.739853652194142">
        <ele>128.23</ele>
      </trkpt>
      <trkpt lat="43.65168571472168" lon="10.739500522613525">
        <ele>128.29</ele>
      </trkpt>
      <trkpt lat="43.65164279937744" lon="10.73915719985962">
        <ele>128.08</ele>
      </trkpt>
      <trkpt lat="43.65164279937744" lon="10.739006996154785">
        <ele>127.83</ele>
      </trkpt>
      <trkpt lat="43.65168579854071" lon="10.738727375864983">
        <ele>127.54</ele>
      </trkpt>
      <trkpt lat="43.65172871388495" lon="10.738449096679688">
        <ele>127.18</ele>
      </trkpt>
      <trkpt lat="43.65170725621283" lon="10.738234519958496">
        <ele>126.75</ele>
      </trkpt>
      <trkpt lat="43.65168579854071" lon="10.738041400909424">
        <ele>126.32</ele>
      </trkpt>
      <trkpt lat="43.651578510180116" lon="10.737805366516113">
        <ele>125.79</ele>
      </trkpt>
      <trkpt lat="43.65138530731201" lon="10.73763370513916">
        <ele>125.32</ele>
      </trkpt>
      <trkpt lat="43.65119218826294" lon="10.737462043762207">
        <ele>124.95</ele>
      </trkpt>
      <trkpt lat="43.651041984558105" lon="10.737247467041016">
        <ele>124.57</ele>
      </trkpt>
      <trkpt lat="43.650955986231565" lon="10.737011013552547">
        <ele>124.16</ele>
      </trkpt>
      <trkpt lat="43.65087032318115" lon="10.736775398254395">
        <ele>123.73</ele>
      </trkpt>
      <trkpt lat="43.65080578252673" lon="10.736517319455743">
        <ele>123.23</ele>
      </trkpt>
      <trkpt lat="43.65074157714844" lon="10.736260414123535">
        <ele>122.78</ele>
      </trkpt>
      <trkpt lat="43.65074166096747" lon="10.736067295074463">
        <ele>122.31</ele>
      </trkpt>
      <trkpt lat="43.65076311863959" lon="10.735831260681152">
        <ele>121.88</ele>
      </trkpt>
      <trkpt lat="43.650827491655946" lon="10.735445022583008">
        <ele>121.39</ele>
      </trkpt>
      <trkpt lat="43.65087032318115" lon="10.735187530517578">
        <ele>120.96</ele>
      </trkpt>
      <trkpt lat="43.65103133954108" lon="10.734972786158323">
        <ele>120.38</ele>
      </trkpt>
      <trkpt lat="43.65119218826294" lon="10.734758377075195">
        <ele>119.87</ele>
      </trkpt>
      <trkpt lat="43.65119218826294" lon="10.734522342681885">
        <ele>119.41</ele>
      </trkpt>
      <trkpt lat="43.651136280968785" lon="10.734256971627474">
        <ele>118.88</ele>
      </trkpt>
      <trkpt lat="43.651136280968785" lon="10.734256887808442">
        <ele>118.3</ele>
      </trkpt>
      <trkpt lat="43.65110635757446" lon="10.734114646911621">
        <ele>117.64</ele>
      </trkpt>
      <trkpt lat="43.65117073059082" lon="10.733835697174072">
        <ele>116.93</ele>
      </trkpt>
      <trkpt lat="43.65123518742621" lon="10.733728408813477">
        <ele>116.11</ele>
      </trkpt>
      <trkpt lat="43.65144247189164" lon="10.733592538163066">
        <ele>115.22</ele>
      </trkpt>
      <trkpt lat="43.651649840176105" lon="10.733456667512655">
        <ele>114.25</ele>
      </trkpt>
      <trkpt lat="43.651857459917665" lon="10.733320713043213">
        <ele>113.19</ele>
      </trkpt>
      <trkpt lat="43.65185737609863" lon="10.733320713043213">
        <ele>112.04</ele>
      </trkpt>
      <trkpt lat="43.65210397168994" lon="10.73319205082953">
        <ele>110.81</ele>
      </trkpt>
      <trkpt lat="43.65235090255737" lon="10.733063220977783">
        <ele>109.47</ele>
      </trkpt>
      <trkpt lat="43.65247973240912" lon="10.732880663126707">
        <ele>108</ele>
      </trkpt>
      <trkpt lat="43.6526083946228" lon="10.732698440551758">
        <ele>106.19</ele>
      </trkpt>
      <trkpt lat="43.6527156829834" lon="10.73239803314209">
        <ele>104.2</ele>
      </trkpt>
      <trkpt lat="43.65280168130994" lon="10.732053956016898">
        <ele>102.1</ele>
      </trkpt>
      <trkpt lat="43.65288767963648" lon="10.731709962710738">
        <ele>99.97</ele>
      </trkpt>
      <trkpt lat="43.65297317504883" lon="10.731368064880371">
        <ele>97.77</ele>
      </trkpt>
      <trkpt lat="43.653123462572694" lon="10.731124570593238">
        <ele>95.51</ele>
      </trkpt>
      <trkpt lat="43.65327383391559" lon="10.730881160125136">
        <ele>93</ele>
      </trkpt>
      <trkpt lat="43.65342378616333" lon="10.73063850402832">
        <ele>90.3</ele>
      </trkpt>
      <trkpt lat="43.65359561517835" lon="10.730300042778254">
        <ele>87.43</ele>
      </trkpt>
      <trkpt lat="43.653767528012395" lon="10.729961665347219">
        <ele>84.56</ele>
      </trkpt>
      <trkpt lat="43.65393935702741" lon="10.729623287916183">
        <ele>81.75</ele>
      </trkpt>
      <trkpt lat="43.65411043167114" lon="10.729286670684814">
        <ele>79.09</ele>
      </trkpt>
      <trkpt lat="43.65396031178534" lon="10.729200839996338">
        <ele>76.64</ele>
      </trkpt>
      <trkpt lat="43.653810024261475" lon="10.729115009307861">
        <ele>74.23</ele>
      </trkpt>
      <trkpt lat="43.653788566589355" lon="10.728964805603027">
        <ele>71.64</ele>
      </trkpt>
      <trkpt lat="43.653810024261475" lon="10.72887897491455">
        <ele>68.95</ele>
      </trkpt>
      <trkpt lat="43.65399241447449" lon="10.728707229718566">
        <ele>66.14</ele>
      </trkpt>
      <trkpt lat="43.6541748046875" lon="10.728535652160645">
        <ele>63.47</ele>
      </trkpt>
      <trkpt lat="43.654282093048096" lon="10.728363990783691">
        <ele>60.9</ele>
      </trkpt>
      <trkpt lat="43.65434646606445" lon="10.72812795639038">
        <ele>58.23</ele>
      </trkpt>
      <trkpt lat="43.65434646606445" lon="10.727869793772697">
        <ele>55.64</ele>
      </trkpt>
      <trkpt lat="43.65434646606445" lon="10.727612972259521">
        <ele>53.13</ele>
      </trkpt>
      <trkpt lat="43.654303550720215" lon="10.727312564849854">
        <ele>50.78</ele>
      </trkpt>
      <trkpt lat="43.65411043167114" lon="10.726990699768066">
        <ele>48.66</ele>
      </trkpt>
      <trkpt lat="43.65407271310687" lon="10.726657267659903">
        <ele>46.67</ele>
      </trkpt>
      <trkpt lat="43.65403507836163" lon="10.72632391937077">
        <ele>44.78</ele>
      </trkpt>
      <trkpt lat="43.65399744361639" lon="10.725990487262607">
        <ele>42.89</ele>
      </trkpt>
      <trkpt lat="43.65396022796631" lon="10.72566032409668">
        <ele>41.05</ele>
      </trkpt>
      <trkpt lat="43.65382050164044" lon="10.725327143445611">
        <ele>39.57</ele>
      </trkpt>
      <trkpt lat="43.65368127822876" lon="10.724995136260986">
        <ele>38.24</ele>
      </trkpt>
      <trkpt lat="43.65363819524646" lon="10.724747786298394">
        <ele>36.9</ele>
      </trkpt>
      <trkpt lat="43.65359544754028" lon="10.724501609802246">
        <ele>35.71</ele>
      </trkpt>
      <trkpt lat="43.653595531359315" lon="10.724501609802246">
        <ele>34.89</ele>
      </trkpt>
      <trkpt lat="43.65355244837701" lon="10.724189719185233">
        <ele>34.09</ele>
      </trkpt>
      <trkpt lat="43.65350961685181" lon="10.723879337310791">
        <ele>33.58</ele>
      </trkpt>
      <trkpt lat="43.653477346524596" lon="10.723449094220996">
        <ele>33.24</ele>
      </trkpt>
      <trkpt lat="43.653445076197386" lon="10.723018934950233">
        <ele>33.02</ele>
      </trkpt>
      <trkpt lat="43.653412805870175" lon="10.722588775679469">
        <ele>32.97</ele>
      </trkpt>
      <trkpt lat="43.65338087081909" lon="10.72216272354126">
        <ele>33.19</ele>
      </trkpt>
      <trkpt lat="43.65338095463812" lon="10.72216272354126">
        <ele>33.38</ele>
      </trkpt>
      <trkpt lat="43.653359496966004" lon="10.722055435180664">
        <ele>33.72</ele>
      </trkpt>
      <trkpt lat="43.65333795547485" lon="10.721755027770996">
        <ele>34.59</ele>
      </trkpt>
      <trkpt lat="43.65327584557235" lon="10.7217410299927">
        <ele>35.01</ele>
      </trkpt>
      <trkpt lat="43.65333795547485" lon="10.721755027770996">
        <ele>34.59</ele>
      </trkpt>
      <trkpt lat="43.65363836288452" lon="10.721819400787354">
        <ele>35.91</ele>
      </trkpt>
      <trkpt lat="43.653879426419735" lon="10.721787214279175">
        <ele>36.35</ele>
      </trkpt>
      <trkpt lat="43.65412057377398" lon="10.721755027770996">
        <ele>36.74</ele>
      </trkpt>
      <trkpt lat="43.654361721128225" lon="10.721722925081849">
        <ele>37.2</ele>
      </trkpt>
      <trkpt lat="43.65460395812988" lon="10.721690654754639">
        <ele>37.87</ele>
      </trkpt>
      <trkpt lat="43.65479682572186" lon="10.721701299771667">
        <ele>38.55</ele>
      </trkpt>
      <trkpt lat="43.65499019622803" lon="10.721712112426758">
        <ele>39.03</ele>
      </trkpt>
      <trkpt lat="43.65521525032818" lon="10.721615552902222">
        <ele>39.52</ele>
      </trkpt>
      <trkpt lat="43.65544080734253" lon="10.721518993377686">
        <ele>39.85</ele>
      </trkpt>
      <trkpt lat="43.65565102547407" lon="10.721325874328613">
        <ele>40.42</ele>
      </trkpt>
      <trkpt lat="43.655861327424645" lon="10.721132755279541">
        <ele>40.81</ele>
      </trkpt>
      <trkpt lat="43.65607162937522" lon="10.720939636230469">
        <ele>41.04</ele>
      </trkpt>
      <trkpt lat="43.65628193132579" lon="10.720746517181396">
        <ele>41.18</ele>
      </trkpt>
      <trkpt lat="43.65649223327637" lon="10.720553398132324">
        <ele>41.24</ele>
      </trkpt>
      <trkpt lat="43.65670680999756" lon="10.72042465209961">
        <ele>41.31</ele>
      </trkpt>
      <trkpt lat="43.65698550827801" lon="10.720310239121318">
        <ele>41.41</ele>
      </trkpt>
      <trkpt lat="43.657264206558466" lon="10.720195909962058">
        <ele>41.46</ele>
      </trkpt>
      <trkpt lat="43.657543659210205" lon="10.720081329345703">
        <ele>41.44</ele>
      </trkpt>
      <trkpt lat="43.65769386291504" lon="10.720081329345703">
        <ele>41.44</ele>
      </trkpt>
      <trkpt lat="43.657929645851254" lon="10.72012416087091">
        <ele>41.35</ele>
      </trkpt>
      <trkpt lat="43.65816593170166" lon="10.72016716003418">
        <ele>41.18</ele>
      </trkpt>
      <trkpt lat="43.65842971019447" lon="10.720051154494286">
        <ele>41.04</ele>
      </trkpt>
      <trkpt lat="43.65842971019447" lon="10.720051070675254">
        <ele>40.84</ele>
      </trkpt>
      <trkpt lat="43.65870237350464" lon="10.71993112564087">
        <ele>40.52</ele>
      </trkpt>
      <trkpt lat="43.65891695022583" lon="10.719695091247559">
        <ele>40.24</ele>
      </trkpt>
      <trkpt lat="43.65909917280078" lon="10.719587802886963">
        <ele>39.92</ele>
      </trkpt>
      <trkpt lat="43.659281730651855" lon="10.719480514526367">
        <ele>39.65</ele>
      </trkpt>
      <trkpt lat="43.65941047668457" lon="10.719459056854248">
        <ele>39.31</ele>
      </trkpt>
      <trkpt lat="43.65971054881811" lon="10.719523346051574">
        <ele>38.9</ele>
      </trkpt>
      <trkpt lat="43.660010704770684" lon="10.7195876352489">
        <ele>38.52</ele>
      </trkpt>
      <trkpt lat="43.660311782732606" lon="10.71965217590332">
        <ele>38.17</ele>
      </trkpt>
      <trkpt lat="43.66058997809887" lon="10.719525692984462">
        <ele>37.91</ele>
      </trkpt>
      <trkpt lat="43.66086817346513" lon="10.719399210065603">
        <ele>37.51</ele>
      </trkpt>
      <trkpt lat="43.66114703938365" lon="10.71927247568965">
        <ele>37.16</ele>
      </trkpt>
      <trkpt lat="43.66143722087145" lon="10.71914054453373">
        <ele>36.93</ele>
      </trkpt>
      <trkpt lat="43.66172798909247" lon="10.719008445739746">
        <ele>36.71</ele>
      </trkpt>
      <trkpt lat="43.661985313519835" lon="10.71884399279952">
        <ele>36.47</ele>
      </trkpt>
      <trkpt lat="43.6622426379472" lon="10.718679539859295">
        <ele>35.99</ele>
      </trkpt>
      <trkpt lat="43.6625000461936" lon="10.71851508691907">
        <ele>35.39</ele>
      </trkpt>
      <trkpt lat="43.662757370620966" lon="10.718350717797875">
        <ele>34.86</ele>
      </trkpt>
      <trkpt lat="43.663014778867364" lon="10.71818626485765">
        <ele>34.58</ele>
      </trkpt>
      <trkpt lat="43.663272857666016" lon="10.718021392822266">
        <ele>34.41</ele>
      </trkpt>
      <trkpt lat="43.66350159980357" lon="10.71789264678955">
        <ele>34.06</ele>
      </trkpt>
      <trkpt lat="43.66373034194112" lon="10.717763984575868">
        <ele>33.56</ele>
      </trkpt>
      <trkpt lat="43.66395958699286" lon="10.717635154724121">
        <ele>33.1</ele>
      </trkpt>
      <trkpt lat="43.66419553756714" lon="10.717356204986572">
        <ele>32.69</ele>
      </trkpt>
      <trkpt lat="43.664431404322386" lon="10.717213209718466">
        <ele>32.25</ele>
      </trkpt>
      <trkpt lat="43.664667354896665" lon="10.71707021445036">
        <ele>31.91</ele>
      </trkpt>
      <trkpt lat="43.66490364074707" lon="10.71692705154419">
        <ele>31.63</ele>
      </trkpt>
      <trkpt lat="43.6651611328125" lon="10.716712474822998">
        <ele>31.19</ele>
      </trkpt>
      <trkpt lat="43.66524696350098" lon="10.716497898101807">
        <ele>30.7</ele>
      </trkpt>
      <trkpt lat="43.665268421173096" lon="10.716261863708496">
        <ele>30.19</ele>
      </trkpt>
      <trkpt lat="43.66520161740482" lon="10.71591024287045">
        <ele>29.76</ele>
      </trkpt>
      <trkpt lat="43.66513489745557" lon="10.715558622032404">
        <ele>29.23</ele>
      </trkpt>
      <trkpt lat="43.66506817750633" lon="10.715207001194358">
        <ele>28.69</ele>
      </trkpt>
      <trkpt lat="43.66500145755708" lon="10.714855380356312">
        <ele>28.14</ele>
      </trkpt>
      <trkpt lat="43.66493473760784" lon="10.714503843337297">
        <ele>27.57</ele>
      </trkpt>
      <trkpt lat="43.66486893966794" lon="10.714156916365027">
        <ele>26.89</ele>
      </trkpt>
      <trkpt lat="43.664789479225874" lon="10.713738575577736">
        <ele>26.29</ele>
      </trkpt>
      <trkpt lat="43.664710521698" lon="10.713322162628174">
        <ele>25.48</ele>
      </trkpt>
      <trkpt lat="43.66465670987964" lon="10.71290273219347">
        <ele>24.75</ele>
      </trkpt>
      <trkpt lat="43.6646032333374" lon="10.712485313415527">
        <ele>24.15</ele>
      </trkpt>
      <trkpt lat="43.66444565355778" lon="10.712234694510698">
        <ele>23.74</ele>
      </trkpt>
      <trkpt lat="43.664288157597184" lon="10.711984159424901">
        <ele>23.29</ele>
      </trkpt>
      <trkpt lat="43.66413116455078" lon="10.711734294891357">
        <ele>22.84</ele>
      </trkpt>
      <trkpt lat="43.66396646015346" lon="10.711447801440954">
        <ele>22.51</ele>
      </trkpt>
      <trkpt lat="43.66380175575614" lon="10.711161391809583">
        <ele>22.4</ele>
      </trkpt>
      <trkpt lat="43.66363763809204" lon="10.710875988006592">
        <ele>22.31</ele>
      </trkpt>
      <trkpt lat="43.663841653615236" lon="10.710553787648678">
        <ele>22.11</ele>
      </trkpt>
      <trkpt lat="43.664045417681336" lon="10.710232257843018">
        <ele>22.02</ele>
      </trkpt>
      <trkpt lat="43.664088333025575" lon="10.71016788482666">
        <ele>22.09</ele>
      </trkpt>
      <trkpt lat="43.66421188227832" lon="10.709974933415651">
        <ele>22.25</ele>
      </trkpt>
      <trkpt lat="43.66433534771204" lon="10.709782484918833">
        <ele>22.52</ele>
      </trkpt>
      <trkpt lat="43.66448010317981" lon="10.709556508809328">
        <ele>22.81</ele>
      </trkpt>
      <trkpt lat="43.66462469100952" lon="10.709331035614014">
        <ele>23.21</ele>
      </trkpt>
      <trkpt lat="43.66468906402588" lon="10.709223747253418">
        <ele>23.73</ele>
      </trkpt>
      <trkpt lat="43.664817810058594" lon="10.709030628204346">
        <ele>24.34</ele>
      </trkpt>
      <trkpt lat="43.66488218307495" lon="10.708880424499512">
        <ele>25.07</ele>
      </trkpt>
      <trkpt lat="43.665064573287964" lon="10.708697950467467">
        <ele>25.92</ele>
      </trkpt>
      <trkpt lat="43.66524696350098" lon="10.708515644073486">
        <ele>26.89</ele>
      </trkpt>
      <trkpt lat="43.66513079032302" lon="10.708128651604056">
        <ele>27.87</ele>
      </trkpt>
      <trkpt lat="43.66501470096409" lon="10.707741659134626">
        <ele>29</ele>
      </trkpt>
      <trkpt lat="43.66489861160517" lon="10.707354666665196">
        <ele>30.15</ele>
      </trkpt>
      <trkpt lat="43.66478252224624" lon="10.706967674195766">
        <ele>31.28</ele>
      </trkpt>
      <trkpt lat="43.66466760635376" lon="10.706584453582764">
        <ele>32.42</ele>
      </trkpt>
      <trkpt lat="43.66464614868164" lon="10.706262588500977">
        <ele>33.69</ele>
      </trkpt>
      <trkpt lat="43.6645601503551" lon="10.706036863848567">
        <ele>34.79</ele>
      </trkpt>
      <trkpt lat="43.66447448730469" lon="10.705811977386475">
        <ele>35.86</ele>
      </trkpt>
      <trkpt lat="43.66445302963257" lon="10.70568323135376">
        <ele>36.89</ele>
      </trkpt>
      <trkpt lat="43.66438848897815" lon="10.705403611063957">
        <ele>37.85</ele>
      </trkpt>
      <trkpt lat="43.66432428359985" lon="10.705125331878662">
        <ele>38.83</ele>
      </trkpt>
      <trkpt lat="43.66432428359985" lon="10.704834898933768">
        <ele>39.8</ele>
      </trkpt>
      <trkpt lat="43.66432428359985" lon="10.704545974731445">
        <ele>40.71</ele>
      </trkpt>
      <trkpt lat="43.664236860349774" lon="10.704301139339805">
        <ele>41.51</ele>
      </trkpt>
      <trkpt lat="43.66421699523926" lon="10.704245567321777">
        <ele>42.2</ele>
      </trkpt>
      <trkpt lat="43.66421699523926" lon="10.703988075256348">
        <ele>42.8</ele>
      </trkpt>
      <trkpt lat="43.66423845291138" lon="10.703837871551514">
        <ele>43.31</ele>
      </trkpt>
      <trkpt lat="43.664138121530414" lon="10.703486669808626">
        <ele>43.73</ele>
      </trkpt>
      <trkpt lat="43.66403779014945" lon="10.703135468065739">
        <ele>44.08</ele>
      </trkpt>
      <trkpt lat="43.66393812932074" lon="10.702786445617676">
        <ele>44.36</ele>
      </trkpt>
      <trkpt lat="43.66393804550171" lon="10.702786445617676">
        <ele>44.54</ele>
      </trkpt>
      <trkpt lat="43.66393812932074" lon="10.702786445617676">
        <ele>44.36</ele>
      </trkpt>
      <trkpt lat="43.664023876190186" lon="10.702507495880127">
        <ele>44.54</ele>
      </trkpt>
      <trkpt lat="43.663830840960145" lon="10.702271461486816">
        <ele>44.49</ele>
      </trkpt>
      <trkpt lat="43.66393812932074" lon="10.70216417312622">
        <ele>44.27</ele>
      </trkpt>
      <trkpt lat="43.66393804550171" lon="10.70216417312622">
        <ele>44.06</ele>
      </trkpt>
      <trkpt lat="43.664066791534424" lon="10.702314376831055">
        <ele>43.79</ele>
      </trkpt>
      <trkpt lat="43.66415270604193" lon="10.702228546142578">
        <ele>43.39</ele>
      </trkpt>
      <trkpt lat="43.66419553756714" lon="10.702250003814697">
        <ele>42.98</ele>
      </trkpt>
      <trkpt lat="43.664259910583496" lon="10.702400207519531">
        <ele>42.53</ele>
      </trkpt>
      <trkpt lat="43.664517402648926" lon="10.702636241912842">
        <ele>42</ele>
      </trkpt>
      <trkpt lat="43.66477916948497" lon="10.70271042175591">
        <ele>41.41</ele>
      </trkpt>
      <trkpt lat="43.66504102014005" lon="10.702784601598978">
        <ele>40.82</ele>
      </trkpt>
      <trkpt lat="43.66530287079513" lon="10.702858781442046">
        <ele>40.16</ele>
      </trkpt>
      <trkpt lat="43.66556572727859" lon="10.702933296561241">
        <ele>39.39</ele>
      </trkpt>
      <trkpt lat="43.665804946795106" lon="10.703001022338867">
        <ele>38.52</ele>
      </trkpt>
      <trkpt lat="43.6660195235163" lon="10.703065395355225">
        <ele>37.59</ele>
      </trkpt>
      <trkpt lat="43.666062438860536" lon="10.703065395355225">
        <ele>36.67</ele>
      </trkpt>
      <trkpt lat="43.66634113714099" lon="10.703158266842365">
        <ele>35.67</ele>
      </trkpt>
      <trkpt lat="43.66661983542144" lon="10.703251138329506">
        <ele>34.64</ele>
      </trkpt>
      <trkpt lat="43.66689928807318" lon="10.703344345092773">
        <ele>33.53</ele>
      </trkpt>
      <trkpt lat="43.66717823781073" lon="10.70343017578125">
        <ele>32.36</ele>
      </trkpt>
      <trkpt lat="43.66734973154962" lon="10.703473007306457">
        <ele>31.22</ele>
      </trkpt>
      <trkpt lat="43.66752156056464" lon="10.703516006469727">
        <ele>30.06</ele>
      </trkpt>
      <trkpt lat="43.66767168045044" lon="10.703601837158203">
        <ele>28.93</ele>
      </trkpt>
      <trkpt lat="43.667821967974305" lon="10.70392370223999">
        <ele>27.9</ele>
      </trkpt>
      <trkpt lat="43.667940152809024" lon="10.704267611727118">
        <ele>26.72</ele>
      </trkpt>
      <trkpt lat="43.668058002367616" lon="10.704610347747803">
        <ele>25.51</ele>
      </trkpt>
      <trkpt lat="43.668143916875124" lon="10.70483598858118">
        <ele>24.38</ele>
      </trkpt>
      <trkpt lat="43.66822957992554" lon="10.705060958862305">
        <ele>23.26</ele>
      </trkpt>
      <trkpt lat="43.668293952941895" lon="10.705211162567139">
        <ele>22.26</ele>
      </trkpt>
      <trkpt lat="43.66837978363037" lon="10.705039501190186">
        <ele>21.34</ele>
      </trkpt>
      <trkpt lat="43.66842269897461" lon="10.704782009124756">
        <ele>20.47</ele>
      </trkpt>
      <trkpt lat="43.66846385411918" lon="10.704358974471688">
        <ele>19.77</ele>
      </trkpt>
      <trkpt lat="43.668505093082786" lon="10.70393593981862">
        <ele>19</ele>
      </trkpt>
      <trkpt lat="43.66854633204639" lon="10.703512988984585">
        <ele>18.21</ele>
      </trkpt>
      <trkpt lat="43.668587571009994" lon="10.703089954331517">
        <ele>17.49</ele>
      </trkpt>
      <trkpt lat="43.6686288099736" lon="10.702667003497481">
        <ele>16.8</ele>
      </trkpt>
      <trkpt lat="43.6686700489372" lon="10.702243968844414">
        <ele>16.27</ele>
      </trkpt>
      <trkpt lat="43.668711287900805" lon="10.701820934191346">
        <ele>15.83</ele>
      </trkpt>
      <trkpt lat="43.66875252686441" lon="10.70139798335731">
        <ele>15.47</ele>
      </trkpt>
      <trkpt lat="43.66879376582801" lon="10.700974948704243">
        <ele>15.14</ele>
      </trkpt>
      <trkpt lat="43.66883500479162" lon="10.700551997870207">
        <ele>14.92</ele>
      </trkpt>
      <trkpt lat="43.66887624375522" lon="10.70012896321714">
        <ele>14.76</ele>
      </trkpt>
      <trkpt lat="43.66891622543335" lon="10.699717998504639">
        <ele>14.66</ele>
      </trkpt>
      <trkpt lat="43.66891630925238" lon="10.699717998504639">
        <ele>14.54</ele>
      </trkpt>
      <trkpt lat="43.668952099978924" lon="10.699431169778109">
        <ele>14.45</ele>
      </trkpt>
      <trkpt lat="43.668987890705466" lon="10.69914442487061">
        <ele>14.36</ele>
      </trkpt>
      <trkpt lat="43.669023513793945" lon="10.698859691619873">
        <ele>14.34</ele>
      </trkpt>
      <trkpt lat="43.66910934448242" lon="10.698602199554443">
        <ele>14.34</ele>
      </trkpt>
      <trkpt lat="43.6691951751709" lon="10.698409080505371">
        <ele>14.37</ele>
      </trkpt>
      <trkpt lat="43.66932392120361" lon="10.698258876800537">
        <ele>14.37</ele>
      </trkpt>
      <trkpt lat="43.669495582580566" lon="10.69817304611206">
        <ele>14.43</ele>
      </trkpt>
      <trkpt lat="43.669699262827635" lon="10.698130130767822">
        <ele>14.47</ele>
      </trkpt>
      <trkpt lat="43.66990336216986" lon="10.698087215423584">
        <ele>14.55</ele>
      </trkpt>
      <trkpt lat="43.66999799385667" lon="10.698087215423584">
        <ele>14.66</ele>
      </trkpt>
      <trkpt lat="43.67028289474547" lon="10.698087131604552">
        <ele>14.77</ele>
      </trkpt>
      <trkpt lat="43.67056846618652" lon="10.698087215423584">
        <ele>14.94</ele>
      </trkpt>
      <trkpt lat="43.67084741592407" lon="10.698130130767822">
        <ele>15.17</ele>
      </trkpt>
      <trkpt lat="43.67091178894043" lon="10.69819450378418">
        <ele>15.3</ele>
      </trkpt>
      <trkpt lat="43.67092251777649" lon="10.698441853746772">
        <ele>15.41</ele>
      </trkpt>
      <trkpt lat="43.67093324661255" lon="10.69868803024292">
        <ele>15.52</ele>
      </trkpt>
      <trkpt lat="43.67097616195679" lon="10.698816776275635">
        <ele>15.59</ele>
      </trkpt>
      <trkpt lat="43.671083534136415" lon="10.699042333289981">
        <ele>15.64</ele>
      </trkpt>
      <trkpt lat="43.67119073867798" lon="10.699267387390137">
        <ele>15.71</ele>
      </trkpt>
      <trkpt lat="43.67129819467664" lon="10.699611296877265">
        <ele>15.78</ele>
      </trkpt>
      <trkpt lat="43.67140531539917" lon="10.69995403289795">
        <ele>15.85</ele>
      </trkpt>
      <trkpt lat="43.671415876597166" lon="10.700101722031832">
        <ele>15.94</ele>
      </trkpt>
      <trkpt lat="43.671415876597166" lon="10.700101805850863">
        <ele>16.03</ele>
      </trkpt>
      <trkpt lat="43.67143205367029" lon="10.700328787788749">
        <ele>16.15</ele>
      </trkpt>
      <trkpt lat="43.67144823074341" lon="10.700554847717285">
        <ele>16.28</ele>
      </trkpt>
      <trkpt lat="43.67143741808832" lon="10.700974278151989">
        <ele>16.43</ele>
      </trkpt>
      <trkpt lat="43.67142668925226" lon="10.701393708586693">
        <ele>16.41</ele>
      </trkpt>
      <trkpt lat="43.6714159604162" lon="10.701813139021397">
        <ele>16.4</ele>
      </trkpt>
      <trkpt lat="43.67140531539917" lon="10.702228546142578">
        <ele>16.49</ele>
      </trkpt>
      <trkpt lat="43.67140531539917" lon="10.702378749847412">
        <ele>16.59</ele>
      </trkpt>
      <trkpt lat="43.67134094238281" lon="10.702657699584961">
        <ele>16.72</ele>
      </trkpt>
      <trkpt lat="43.67131948471069" lon="10.702893733978271">
        <ele>16.8</ele>
      </trkpt>
      <trkpt lat="43.671461306512356" lon="10.703185927122831">
        <ele>16.91</ele>
      </trkpt>
      <trkpt lat="43.67160312831402" lon="10.703478120267391">
        <ele>16.99</ele>
      </trkpt>
      <trkpt lat="43.67174495011568" lon="10.703770313411951">
        <ele>17.02</ele>
      </trkpt>
      <trkpt lat="43.67188677191734" lon="10.704062590375543">
        <ele>17.08</ele>
      </trkpt>
      <trkpt lat="43.67202767170966" lon="10.704352855682373">
        <ele>17.16</ele>
      </trkpt>
      <trkpt lat="43.672092044726014" lon="10.704481601715088">
        <ele>17.21</ele>
      </trkpt>
      <trkpt lat="43.67209196090698" lon="10.704481601715088">
        <ele>17.26</ele>
      </trkpt>
      <trkpt lat="43.672092044726014" lon="10.704481601715088">
        <ele>17.21</ele>
      </trkpt>
      <trkpt lat="43.672255324199796" lon="10.704816710203886">
        <ele>17.33</ele>
      </trkpt>
      <trkpt lat="43.67241860367358" lon="10.705151902511716">
        <ele>17.44</ele>
      </trkpt>
      <trkpt lat="43.67258188314736" lon="10.705487094819546">
        <ele>17.5</ele>
      </trkpt>
      <trkpt lat="43.67274516262114" lon="10.705822287127376">
        <ele>17.53</ele>
      </trkpt>
      <trkpt lat="43.672908525913954" lon="10.706157479435205">
        <ele>17.53</ele>
      </trkpt>
      <trkpt lat="43.673071805387735" lon="10.706492671743035">
        <ele>17.5</ele>
      </trkpt>
      <trkpt lat="43.67323508486152" lon="10.706827780231833">
        <ele>17.49</ele>
      </trkpt>
      <trkpt lat="43.6733983643353" lon="10.707162972539663">
        <ele>17.51</ele>
      </trkpt>
      <trkpt lat="43.67356172762811" lon="10.707498164847493">
        <ele>17.54</ele>
      </trkpt>
      <trkpt lat="43.67372282780707" lon="10.707828998565674">
        <ele>17.51</ele>
      </trkpt>
      <trkpt lat="43.67376574315131" lon="10.70791482925415">
        <ele>17.46</ele>
      </trkpt>
      <trkpt lat="43.673787200823426" lon="10.707979202270508">
        <ele>17.4</ele>
      </trkpt>
      <trkpt lat="43.67395902983844" lon="10.708314310759306">
        <ele>17.3</ele>
      </trkpt>
      <trkpt lat="43.67413094267249" lon="10.708649503067136">
        <ele>17.2</ele>
      </trkpt>
      <trkpt lat="43.67430277168751" lon="10.708984611555934">
        <ele>17.1</ele>
      </trkpt>
      <trkpt lat="43.674474684521556" lon="10.709319803863764">
        <ele>17.03</ele>
      </trkpt>
      <trkpt lat="43.67464550770819" lon="10.7096529006958">
        <ele>16.92</ele>
      </trkpt>
      <trkpt lat="43.674824461340904" lon="10.709989434108138">
        <ele>16.84</ele>
      </trkpt>
      <trkpt lat="43.67500349879265" lon="10.710325967520475">
        <ele>16.79</ele>
      </trkpt>
      <trkpt lat="43.67518186569214" lon="10.7106614112854">
        <ele>16.63</ele>
      </trkpt>
      <trkpt lat="43.67518194951117" lon="10.7106614112854">
        <ele>16.56</ele>
      </trkpt>
      <trkpt lat="43.675267696380615" lon="10.710790157318115">
        <ele>16.48</ele>
      </trkpt>
      <trkpt lat="43.67542326450348" lon="10.711106993258">
        <ele>16.46</ele>
      </trkpt>
      <trkpt lat="43.67557883262634" lon="10.711423913016915">
        <ele>16.47</ele>
      </trkpt>
      <trkpt lat="43.675733897835016" lon="10.711739659309387">
        <ele>16.41</ele>
      </trkpt>
      <trkpt lat="43.67590597830713" lon="10.71209010668099">
        <ele>16.42</ele>
      </trkpt>
      <trkpt lat="43.67607805877924" lon="10.712440554052591">
        <ele>16.43</ele>
      </trkpt>
      <trkpt lat="43.67625013925135" lon="10.712791001424193">
        <ele>16.35</ele>
      </trkpt>
      <trkpt lat="43.676422303542495" lon="10.713141532614827">
        <ele>16.3</ele>
      </trkpt>
      <trkpt lat="43.67659438401461" lon="10.71349197998643">
        <ele>16.3</ele>
      </trkpt>
      <trkpt lat="43.67676646448672" lon="10.713842427358031">
        <ele>16.33</ele>
      </trkpt>
      <trkpt lat="43.67693854495883" lon="10.714192958548665">
        <ele>16.34</ele>
      </trkpt>
      <trkpt lat="43.67711070924997" lon="10.714543405920267">
        <ele>16.44</ele>
      </trkpt>
      <trkpt lat="43.677282789722085" lon="10.7148939371109">
        <ele>16.51</ele>
      </trkpt>
      <trkpt lat="43.6774548701942" lon="10.715244384482503">
        <ele>16.52</ele>
      </trkpt>
      <trkpt lat="43.67762695066631" lon="10.715594831854105">
        <ele>16.49</ele>
      </trkpt>
      <trkpt lat="43.677796348929405" lon="10.715939914807677">
        <ele>16.54</ele>
      </trkpt>
      <trkpt lat="43.677961556240916" lon="10.716276532039046">
        <ele>16.68</ele>
      </trkpt>
      <trkpt lat="43.67812684737146" lon="10.716613149270415">
        <ele>16.8</ele>
      </trkpt>
      <trkpt lat="43.678292138502" lon="10.716949766501784">
        <ele>16.86</ele>
      </trkpt>
      <trkpt lat="43.678457429632545" lon="10.717286383733153">
        <ele>16.95</ele>
      </trkpt>
      <trkpt lat="43.67862272076309" lon="10.717623000964522">
        <ele>17.08</ele>
      </trkpt>
      <trkpt lat="43.678786754608154" lon="10.717957019805908">
        <ele>17.25</ele>
      </trkpt>
      <trkpt lat="43.67887266911566" lon="10.718064308166504">
        <ele>17.38</ele>
      </trkpt>
      <trkpt lat="43.679030165076256" lon="10.718400925397873">
        <ele>17.51</ele>
      </trkpt>
      <trkpt lat="43.67918774485588" lon="10.718737542629242">
        <ele>17.66</ele>
      </trkpt>
      <trkpt lat="43.679345324635506" lon="10.719074159860611">
        <ele>17.83</ele>
      </trkpt>
      <trkpt lat="43.67950290441513" lon="10.71941077709198">
        <ele>17.95</ele>
      </trkpt>
      <trkpt lat="43.679660484194756" lon="10.71974747814238">
        <ele>18.08</ele>
      </trkpt>
      <trkpt lat="43.679816806688905" lon="10.720081329345703">
        <ele>18.2</ele>
      </trkpt>
      <trkpt lat="43.67995644919574" lon="10.720360614359379">
        <ele>18.32</ele>
      </trkpt>
      <trkpt lat="43.68009609170258" lon="10.720639899373055">
        <ele>18.48</ele>
      </trkpt>
      <trkpt lat="43.68023573420942" lon="10.72091918438673">
        <ele>18.62</ele>
      </trkpt>
      <trkpt lat="43.680374706164" lon="10.721197128295898">
        <ele>18.68</ele>
      </trkpt>
      <trkpt lat="43.68043907918036" lon="10.721368789672852">
        <ele>18.7</ele>
      </trkpt>
      <trkpt lat="43.68056774139404" lon="10.721626281738281">
        <ele>18.71</ele>
      </trkpt>
      <trkpt lat="43.680739402770996" lon="10.721969604492188">
        <ele>18.71</ele>
      </trkpt>
      <trkpt lat="43.68093252182007" lon="10.722205638885498">
        <ele>18.74</ele>
      </trkpt>
      <trkpt lat="43.681072164326906" lon="10.722581734880805">
        <ele>18.71</ele>
      </trkpt>
      <trkpt lat="43.68121147155762" lon="10.722956657409668">
        <ele>18.73</ele>
      </trkpt>
      <trkpt lat="43.68135463446379" lon="10.723228733986616">
        <ele>18.77</ele>
      </trkpt>
      <trkpt lat="43.68149788118899" lon="10.723500894382596">
        <ele>18.78</ele>
      </trkpt>
      <trkpt lat="43.681640625" lon="10.723772048950195">
        <ele>18.74</ele>
      </trkpt>
      <trkpt lat="43.68164070881903" lon="10.723772048950195">
        <ele>18.67</ele>
      </trkpt>
      <trkpt lat="43.68171187117696" lon="10.723943123593926">
        <ele>18.55</ele>
      </trkpt>
      <trkpt lat="43.68171187117696" lon="10.723943039774895">
        <ele>18.44</ele>
      </trkpt>
      <trkpt lat="43.681747913360596" lon="10.724029541015625">
        <ele>18.31</ele>
      </trkpt>
      <trkpt lat="43.68168354034424" lon="10.724093914031982">
        <ele>18.19</ele>
      </trkpt>
      <trkpt lat="43.68161916732788" lon="10.724222660064697">
        <ele>18.03</ele>
      </trkpt>
      <trkpt lat="43.68147105909884" lon="10.724580818787217">
        <ele>17.86</ele>
      </trkpt>
      <trkpt lat="43.68132303468883" lon="10.724938977509737">
        <ele>17.64</ele>
      </trkpt>
      <trkpt lat="43.68117501027882" lon="10.725297220051289">
        <ele>17.41</ele>
      </trkpt>
      <trkpt lat="43.68102698586881" lon="10.725655378773808">
        <ele>17.21</ele>
      </trkpt>
      <trkpt lat="43.6808789614588" lon="10.72601362131536">
        <ele>17.02</ele>
      </trkpt>
      <trkpt lat="43.68073085322976" lon="10.72637178003788">
        <ele>16.93</ele>
      </trkpt>
      <trkpt lat="43.68058282881975" lon="10.726730022579432">
        <ele>16.81</ele>
      </trkpt>
      <trkpt lat="43.68043480440974" lon="10.727088181301951">
        <ele>16.67</ele>
      </trkpt>
      <trkpt lat="43.680288875475526" lon="10.727441310882568">
        <ele>16.44</ele>
      </trkpt>
      <trkpt lat="43.680308908224106" lon="10.727491518482566">
        <ele>16.29</ele>
      </trkpt>
      <trkpt lat="43.680288875475526" lon="10.727441310882568">
        <ele>16.44</ele>
      </trkpt>
      <trkpt lat="43.68017421104014" lon="10.72718339972198">
        <ele>16.06</ele>
      </trkpt>
      <trkpt lat="43.68005954660475" lon="10.726925488561392">
        <ele>15.95</ele>
      </trkpt>
      <trkpt lat="43.67994546890259" lon="10.72666883468628">
        <ele>15.83</ele>
      </trkpt>
      <trkpt lat="43.679752349853516" lon="10.726754665374756">
        <ele>15.74</ele>
      </trkpt>
      <trkpt lat="43.679580856114626" lon="10.726776039227843">
        <ele>15.72</ele>
      </trkpt>
      <trkpt lat="43.67940902709961" lon="10.726797580718994">
        <ele>15.79</ele>
      </trkpt>
      <trkpt lat="43.679237365722656" lon="10.72688341140747">
        <ele>15.94</ele>
      </trkpt>
      <trkpt lat="43.67940911091864" lon="10.726797580718994">
        <ele>16.04</ele>
      </trkpt>
      <trkpt lat="43.679119599983096" lon="10.726733207702637">
        <ele>16.29</ele>
      </trkpt>
      <trkpt lat="43.67882966995239" lon="10.72666883468628">
        <ele>16.61</ele>
      </trkpt>
      <trkpt lat="43.67855633608997" lon="10.72664201259613">
        <ele>16.98</ele>
      </trkpt>
      <trkpt lat="43.67828308604658" lon="10.726615190505981">
        <ele>17.44</ele>
      </trkpt>
      <trkpt lat="43.678009836003184" lon="10.726588452234864">
        <ele>17.86</ele>
      </trkpt>
      <trkpt lat="43.67773541249335" lon="10.726561546325684">
        <ele>18.29</ele>
      </trkpt>
      <trkpt lat="43.67765234783292" lon="10.726596498861909">
        <ele>18.78</ele>
      </trkpt>
      <trkpt lat="43.677373146638274" lon="10.726714013144374">
        <ele>19.28</ele>
      </trkpt>
      <trkpt lat="43.67709402926266" lon="10.726831527426839">
        <ele>19.88</ele>
      </trkpt>
      <trkpt lat="43.67681491188705" lon="10.726949041709304">
        <ele>20.64</ele>
      </trkpt>
      <trkpt lat="43.67653579451144" lon="10.727066555991769">
        <ele>21.44</ele>
      </trkpt>
      <trkpt lat="43.67625659331679" lon="10.727184154093266">
        <ele>22.27</ele>
      </trkpt>
      <trkpt lat="43.67597747594118" lon="10.72730166837573">
        <ele>23.07</ele>
      </trkpt>
      <trkpt lat="43.675696849823" lon="10.72741985321045">
        <ele>23.93</ele>
      </trkpt>
      <trkpt lat="43.67565393447876" lon="10.727484226226807">
        <ele>24.8</ele>
      </trkpt>
      <trkpt lat="43.67567539215088" lon="10.72763442993164">
        <ele>25.72</ele>
      </trkpt>
      <trkpt lat="43.675713278353214" lon="10.727782789617777">
        <ele>26.69</ele>
      </trkpt>
      <trkpt lat="43.675786620005965" lon="10.728070037439466">
        <ele>27.72</ele>
      </trkpt>
      <trkpt lat="43.675859961658716" lon="10.728357369080186">
        <ele>28.78</ele>
      </trkpt>
      <trkpt lat="43.67593288421631" lon="10.72864294052124">
        <ele>29.88</ele>
      </trkpt>
      <trkpt lat="43.675990216434" lon="10.728922476992011">
        <ele>31.05</ele>
      </trkpt>
      <trkpt lat="43.676047548651695" lon="10.729202013462782">
        <ele>32.19</ele>
      </trkpt>
      <trkpt lat="43.67610454559326" lon="10.729479789733887">
        <ele>33.23</ele>
      </trkpt>
      <trkpt lat="43.67608308792114" lon="10.729565620422363">
        <ele>34.23</ele>
      </trkpt>
      <trkpt lat="43.67595409043133" lon="10.729823615401983">
        <ele>35.28</ele>
      </trkpt>
      <trkpt lat="43.67582542821765" lon="10.730081023648381">
        <ele>36.3</ele>
      </trkpt>
      <trkpt lat="43.67582542821765" lon="10.73008093982935">
        <ele>37.21</ele>
      </trkpt>
      <trkpt lat="43.67567547596991" lon="10.73038101196289">
        <ele>38.19</ele>
      </trkpt>
      <trkpt lat="43.67557866498828" lon="10.730595840141177">
        <ele>39.1</ele>
      </trkpt>
      <trkpt lat="43.67548227310181" lon="10.730810165405273">
        <ele>39.87</ele>
      </trkpt>
      <trkpt lat="43.67548235692084" lon="10.730810165405273">
        <ele>40.59</ele>
      </trkpt>
      <trkpt lat="43.675332153216004" lon="10.731110572814941">
        <ele>41.24</ele>
      </trkpt>
      <trkpt lat="43.67533206939697" lon="10.731110572814941">
        <ele>41.86</ele>
      </trkpt>
      <trkpt lat="43.675332153216004" lon="10.731110572814941">
        <ele>41.24</ele>
      </trkpt>
      <trkpt lat="43.67546098306775" lon="10.731357587501407">
        <ele>42.97</ele>
      </trkpt>
      <trkpt lat="43.675589645281434" lon="10.731604099273682">
        <ele>43.4</ele>
      </trkpt>
      <trkpt lat="43.67569693364203" lon="10.731990337371826">
        <ele>43.67</ele>
      </trkpt>
      <trkpt lat="43.67577572353184" lon="10.732377413660288">
        <ele>44.04</ele>
      </trkpt>
      <trkpt lat="43.675854597240686" lon="10.73276448994875">
        <ele>44.44</ele>
      </trkpt>
      <trkpt lat="43.67593296803534" lon="10.73314905166626">
        <ele>44.73</ele>
      </trkpt>
      <trkpt lat="43.67599742487073" lon="10.73345004580915">
        <ele>44.97</ele>
      </trkpt>
      <trkpt lat="43.67606196552515" lon="10.733751123771071">
        <ele>45.12</ele>
      </trkpt>
      <trkpt lat="43.67612608708441" lon="10.734050273895264">
        <ele>45.17</ele>
      </trkpt>
      <trkpt lat="43.676204876974225" lon="10.734387142583728">
        <ele>45.12</ele>
      </trkpt>
      <trkpt lat="43.67628375068307" lon="10.734724011272192">
        <ele>45.02</ele>
      </trkpt>
      <trkpt lat="43.67636212147772" lon="10.735058784484863">
        <ele>44.93</ele>
      </trkpt>
      <trkpt lat="43.67638357914984" lon="10.73512315750122">
        <ele>44.7</ele>
      </trkpt>
      <trkpt lat="43.67642657831311" lon="10.73534888215363">
        <ele>44.43</ele>
      </trkpt>
      <trkpt lat="43.67646940983832" lon="10.735573768615723">
        <ele>44.02</ele>
      </trkpt>
      <trkpt lat="43.67651240900159" lon="10.735864033922553">
        <ele>43.5</ele>
      </trkpt>
      <trkpt lat="43.676555240526795" lon="10.73615312576294">
        <ele>42.88</ele>
      </trkpt>
      <trkpt lat="43.676565969362855" lon="10.736411204561591">
        <ele>42.26</ele>
      </trkpt>
      <trkpt lat="43.676576698198915" lon="10.736668109893799">
        <ele>41.55</ele>
      </trkpt>
      <trkpt lat="43.676598155871034" lon="10.736989974975586">
        <ele>40.76</ele>
      </trkpt>
      <trkpt lat="43.67657661437988" lon="10.737161636352539">
        <ele>39.93</ele>
      </trkpt>
      <trkpt lat="43.676297664642334" lon="10.737097263336182">
        <ele>39.06</ele>
      </trkpt>
      <trkpt lat="43.67619037628174" lon="10.737075805664062">
        <ele>38.08</ele>
      </trkpt>
      <trkpt lat="43.67595450952649" lon="10.737011432647705">
        <ele>36.94</ele>
      </trkpt>
      <trkpt lat="43.675718726590276" lon="10.73694714345038">
        <ele>35.75</ele>
      </trkpt>
      <trkpt lat="43.67548227310181" lon="10.73688268661499">
        <ele>34.55</ele>
      </trkpt>
      <trkpt lat="43.675237940624356" lon="10.736791659146547">
        <ele>33.32</ele>
      </trkpt>
      <trkpt lat="43.674993608146906" lon="10.736700631678104">
        <ele>32.15</ele>
      </trkpt>
      <trkpt lat="43.674749275669456" lon="10.736609604209661">
        <ele>31.03</ele>
      </trkpt>
      <trkpt lat="43.67450418882072" lon="10.736518325284123">
        <ele>29.95</ele>
      </trkpt>
      <trkpt lat="43.67438793182373" lon="10.736474990844727">
        <ele>29.03</ele>
      </trkpt>
      <trkpt lat="43.6742377281189" lon="10.73637843132019">
        <ele>28.19</ele>
      </trkpt>
      <trkpt lat="43.67408752441406" lon="10.736281871795654">
        <ele>27.4</ele>
      </trkpt>
      <trkpt lat="43.67383732460439" lon="10.73615312576294">
        <ele>26.67</ele>
      </trkpt>
      <trkpt lat="43.67358720861375" lon="10.736024463549256">
        <ele>26.01</ele>
      </trkpt>
      <trkpt lat="43.673336589708924" lon="10.73589563369751">
        <ele>25.42</ele>
      </trkpt>
      <trkpt lat="43.67320775985718" lon="10.73615312576294">
        <ele>24.94</ele>
      </trkpt>
      <trkpt lat="43.67318051867187" lon="10.736285392194986">
        <ele>24.55</ele>
      </trkpt>
      <trkpt lat="43.67318051867187" lon="10.736285476014018">
        <ele>24.23</ele>
      </trkpt>
      <trkpt lat="43.67311882786453" lon="10.736584709957242">
        <ele>23.99</ele>
      </trkpt>
      <trkpt lat="43.673057556152344" lon="10.73688268661499">
        <ele>23.87</ele>
      </trkpt>
      <trkpt lat="43.6729718092829" lon="10.737075805664062">
        <ele>23.8</ele>
      </trkpt>
      <trkpt lat="43.67295026779175" lon="10.737247467041016">
        <ele>23.79</ele>
      </trkpt>
      <trkpt lat="43.673057556152344" lon="10.737547874450684">
        <ele>23.83</ele>
      </trkpt>
      <trkpt lat="43.673165012151" lon="10.737945595756173">
        <ele>23.94</ele>
      </trkpt>
      <trkpt lat="43.673272132873535" lon="10.738341808319092">
        <ele>24.07</ele>
      </trkpt>
      <trkpt lat="43.67327221669257" lon="10.738556385040283">
        <ele>24.24</ele>
      </trkpt>
      <trkpt lat="43.67318630218506" lon="10.738599300384521">
        <ele>24.46</ele>
      </trkpt>
      <trkpt lat="43.673057556152344" lon="10.738749504089355">
        <ele>24.7</ele>
      </trkpt>
      <trkpt lat="43.67293316870928" lon="10.738902054727077">
        <ele>24.97</ele>
      </trkpt>
      <trkpt lat="43.672808948904276" lon="10.7390546053648">
        <ele>25.28</ele>
      </trkpt>
      <trkpt lat="43.67258548736572" lon="10.739328861236572">
        <ele>25.63</ele>
      </trkpt>
      <trkpt lat="43.67239245213568" lon="10.739457523450255">
        <ele>26</ele>
      </trkpt>
      <trkpt lat="43.67219933308661" lon="10.739586353302002">
        <ele>26.37</ele>
      </trkpt>
      <trkpt lat="43.672059774398804" lon="10.739704286679626">
        <ele>26.74</ele>
      </trkpt>
      <trkpt lat="43.67192029953003" lon="10.739822387695312">
        <ele>27.08</ele>
      </trkpt>
      <trkpt lat="43.67176598869264" lon="10.739976614713669">
        <ele>27.41</ele>
      </trkpt>
      <trkpt lat="43.67161184549332" lon="10.740130841732025">
        <ele>27.71</ele>
      </trkpt>
      <trkpt lat="43.671476393938065" lon="10.740266293287277">
        <ele>28.04</ele>
      </trkpt>
      <trkpt lat="43.671341026201844" lon="10.74040174484253">
        <ele>28.33</ele>
      </trkpt>
      <trkpt lat="43.67114782333374" lon="10.740659236907959">
        <ele>28.69</ele>
      </trkpt>
      <trkpt lat="43.67107255384326" lon="10.740906419232488">
        <ele>29.02</ele>
      </trkpt>
      <trkpt lat="43.670997619628906" lon="10.7411527633667">
        <ele>29.3</ele>
      </trkpt>
      <trkpt lat="43.67078287526965" lon="10.74141033925116">
        <ele>29.56</ele>
      </trkpt>
      <trkpt lat="43.67056821472943" lon="10.741667915135622">
        <ele>29.84</ele>
      </trkpt>
      <trkpt lat="43.67035388946533" lon="10.741925239562988">
        <ele>30.08</ele>
      </trkpt>
      <trkpt lat="43.67019630968571" lon="10.742225982248783">
        <ele>30.37</ele>
      </trkpt>
      <trkpt lat="43.67003872990608" lon="10.742526724934578">
        <ele>30.75</ele>
      </trkpt>
      <trkpt lat="43.66988123394549" lon="10.742827551439404">
        <ele>31.18</ele>
      </trkpt>
      <trkpt lat="43.669723654165864" lon="10.7431282941252">
        <ele>31.47</ele>
      </trkpt>
      <trkpt lat="43.66956607438624" lon="10.743429120630026">
        <ele>31.72</ele>
      </trkpt>
      <trkpt lat="43.66940975189209" lon="10.743727684020996">
        <ele>31.94</ele>
      </trkpt>
      <trkpt lat="43.669538497924805" lon="10.743942260742188">
        <ele>32.27</ele>
      </trkpt>
      <trkpt lat="43.66947169415653" lon="10.744236214086413">
        <ele>32.6</ele>
      </trkpt>
      <trkpt lat="43.66943120956421" lon="10.744414329528809">
        <ele>32.88</ele>
      </trkpt>
      <trkpt lat="43.669517040252686" lon="10.744564533233643">
        <ele>33.25</ele>
      </trkpt>
      <trkpt lat="43.66971015930176" lon="10.744779109954834">
        <ele>33.78</ele>
      </trkpt>
      <trkpt lat="43.669753074645996" lon="10.744929313659668">
        <ele>34.1</ele>
      </trkpt>
      <trkpt lat="43.66960261948407" lon="10.745301805436611">
        <ele>34.22</ele>
      </trkpt>
      <trkpt lat="43.66945216432214" lon="10.745674297213554">
        <ele>34.44</ele>
      </trkpt>
      <trkpt lat="43.669302463531494" lon="10.746045112609863">
        <ele>34.78</ele>
      </trkpt>
      <trkpt lat="43.66917656734586" lon="10.746385920792818">
        <ele>35.34</ele>
      </trkpt>
      <trkpt lat="43.66905067116022" lon="10.746726728975773">
        <ele>36.08</ele>
      </trkpt>
      <trkpt lat="43.668924774974585" lon="10.74706762097776">
        <ele>37.01</ele>
      </trkpt>
      <trkpt lat="43.66879887878895" lon="10.747408429160714">
        <ele>38</ele>
      </trkpt>
      <trkpt lat="43.66867298260331" lon="10.7477493211627">
        <ele>39.1</ele>
      </trkpt>
      <trkpt lat="43.668547086417675" lon="10.748090129345655">
        <ele>40.31</ele>
      </trkpt>
      <trkpt lat="43.66842269897461" lon="10.748426914215088">
        <ele>41.5</ele>
      </trkpt>
      <trkpt lat="43.66863124072552" lon="10.748687591403723">
        <ele>42.93</ele>
      </trkpt>
      <trkpt lat="43.668839782476425" lon="10.748948268592358">
        <ele>44.44</ele>
      </trkpt>
      <trkpt lat="43.66904832422733" lon="10.749208945780993">
        <ele>46</ele>
      </trkpt>
      <trkpt lat="43.66925686597824" lon="10.749469622969627">
        <ele>47.77</ele>
      </trkpt>
      <trkpt lat="43.66946540772915" lon="10.749730300158262">
        <ele>49.71</ele>
      </trkpt>
      <trkpt lat="43.66967394948006" lon="10.749990977346897">
        <ele>51.72</ele>
      </trkpt>
      <trkpt lat="43.66988182067871" lon="10.750250816345215">
        <ele>53.8</ele>
      </trkpt>
      <trkpt lat="43.67011927999556" lon="10.750456592068076">
        <ele>55.84</ele>
      </trkpt>
      <trkpt lat="43.67032237350941" lon="10.750632612034678">
        <ele>57.68</ele>
      </trkpt>
      <trkpt lat="43.670525550842285" lon="10.750808715820312">
        <ele>59.48</ele>
      </trkpt>
      <trkpt lat="43.67070802487433" lon="10.751055562868714">
        <ele>61.2</ele>
      </trkpt>
      <trkpt lat="43.67089033126831" lon="10.751302242279053">
        <ele>62.77</ele>
      </trkpt>
      <trkpt lat="43.67097624577582" lon="10.75150634162128">
        <ele>64.21</ele>
      </trkpt>
      <trkpt lat="43.671061992645264" lon="10.751709938049316">
        <ele>65.64</ele>
      </trkpt>
      <trkpt lat="43.67114832624793" lon="10.752070443704724">
        <ele>67.05</ele>
      </trkpt>
      <trkpt lat="43.6712412815541" lon="10.752458861097693">
        <ele>68.38</ele>
      </trkpt>
      <trkpt lat="43.67133432067931" lon="10.752847362309694">
        <ele>69.75</ele>
      </trkpt>
      <trkpt lat="43.67142677307129" lon="10.753233432769775">
        <ele>71.04</ele>
      </trkpt>
      <trkpt lat="43.67138268426061" lon="10.753446333110332">
        <ele>72.17</ele>
      </trkpt>
      <trkpt lat="43.67138276807964" lon="10.753446333110332">
        <ele>73.26</ele>
      </trkpt>
      <trkpt lat="43.671298110857606" lon="10.75385570526123">
        <ele>74.33</ele>
      </trkpt>
      <trkpt lat="43.67110474035144" lon="10.754156364127994">
        <ele>75.39</ele>
      </trkpt>
      <trkpt lat="43.67091178894043" lon="10.754456520080566">
        <ele>76.37</ele>
      </trkpt>
      <trkpt lat="43.67095394991338" lon="10.754790287464857">
        <ele>77.4</ele>
      </trkpt>
      <trkpt lat="43.670996027067304" lon="10.755122546106577">
        <ele>78.3</ele>
      </trkpt>
      <trkpt lat="43.670996027067304" lon="10.755122629925609">
        <ele>79.06</ele>
      </trkpt>
      <trkpt lat="43.67104673758149" lon="10.755523787811399">
        <ele>79.91</ele>
      </trkpt>
      <trkpt lat="43.67109744809568" lon="10.755924945697188">
        <ele>80.59</ele>
      </trkpt>
      <trkpt lat="43.67114782333374" lon="10.756323337554932">
        <ele>81.24</ele>
      </trkpt>
      <trkpt lat="43.67114790715277" lon="10.756323337554932">
        <ele>81.79</ele>
      </trkpt>
      <trkpt lat="43.6711585521698" lon="10.756699685007334">
        <ele>82.45</ele>
      </trkpt>
      <trkpt lat="43.67116928100586" lon="10.757074356079102">
        <ele>82.98</ele>
      </trkpt>
      <trkpt lat="43.671255111694336" lon="10.757203102111816">
        <ele>83.39</ele>
      </trkpt>
      <trkpt lat="43.67114790715277" lon="10.757482051849365">
        <ele>83.86</ele>
      </trkpt>
      <trkpt lat="43.67112628184259" lon="10.757750859484076">
        <ele>84.32</ele>
      </trkpt>
      <trkpt lat="43.6711049079895" lon="10.758018493652344">
        <ele>84.95</ele>
      </trkpt>
      <trkpt lat="43.67107045836747" lon="10.758022349327803">
        <ele>85.51</ele>
      </trkpt>
      <trkpt lat="43.671104991808534" lon="10.758018493652344">
        <ele>86.31</ele>
      </trkpt>
      <trkpt lat="43.671040534973145" lon="10.758168697357178">
        <ele>87.07</ele>
      </trkpt>
      <trkpt lat="43.670997619628906" lon="10.758533477783203">
        <ele>88.19</ele>
      </trkpt>
      <trkpt lat="43.671019077301025" lon="10.758920637890697">
        <ele>89.43</ele>
      </trkpt>
      <trkpt lat="43.671040618792176" lon="10.75930779799819">
        <ele>90.65</ele>
      </trkpt>
      <trkpt lat="43.671061992645264" lon="10.759692192077637">
        <ele>91.76</ele>
      </trkpt>
      <trkpt lat="43.67102972231805" lon="10.759928729385138">
        <ele>92.92</ele>
      </trkpt>
      <trkpt lat="43.670997619628906" lon="10.760164260864258">
        <ele>94.36</ele>
      </trkpt>
      <trkpt lat="43.67083501070738" lon="10.760448826476932">
        <ele>95.72</ele>
      </trkpt>
      <trkpt lat="43.67082595825195" lon="10.760464668273926">
        <ele>96.85</ele>
      </trkpt>
      <trkpt lat="43.67067575454712" lon="10.76056114397943">
        <ele>98.14</ele>
      </trkpt>
      <trkpt lat="43.670525550842285" lon="10.760657787322998">
        <ele>99.53</ele>
      </trkpt>
      <trkpt lat="43.670289600268006" lon="10.76087236404419">
        <ele>100.92</ele>
      </trkpt>
      <trkpt lat="43.67000017315149" lon="10.760872280225158">
        <ele>102.23</ele>
      </trkpt>
      <trkpt lat="43.66971015930176" lon="10.76087236404419">
        <ele>103.39</ele>
      </trkpt>
      <trkpt lat="43.669538497924805" lon="10.760829448699951">
        <ele>104.24</ele>
      </trkpt>
      <trkpt lat="43.66925963200629" lon="10.760647058486938">
        <ele>105.31</ele>
      </trkpt>
      <trkpt lat="43.66898068226874" lon="10.760464668273926">
        <ele>105.99</ele>
      </trkpt>
      <trkpt lat="43.66883039474487" lon="10.760421752929688">
        <ele>106.39</ele>
      </trkpt>
      <trkpt lat="43.66881606169045" lon="10.760424099862576">
        <ele>106.9</ele>
      </trkpt>
    </trkseg>
  </trk>
</gpx>
