<?xml version="1.0" encoding="UTF-8"?>
<gpx creator="Garmin Connect" version="1.1" schemaLocation="http://www.topografix.com/GPX/1/1 http://www.topografix.com/GPX/11.xsd" xmlns="http://www.topografix.com/GPX/1/1" xmlns:xsi="http://www.w3.org/2001/XMLSchema-instance" xsi:schemaLocation="http://www.topografix.com/GPX/1/1 http://www.topografix.com/GPX/1/1/gpx.xsd http://www.garmin.com/xmlschemas/GpxExtensions/v3 http://www.garmin.com/xmlschemas/GpxExtensionsv3.xsd http://www.garmin.com/xmlschemas/TrackPointExtension/v1 http://www.garmin.com/xmlschemas/TrackPointExtensionv1.xsd http://www.garmin.com/xmlschemas/PowerExtension/v1 http://www.garmin.com/xmlschemas/PowerExtensionv1.xsd http://www.topografix.com/GPX/gpx_style/0/2 http://www.topografix.com/GPX/gpx_style/0/2/gpx_style.xsd" xmlns:gpxtpx="http://www.garmin.com/xmlschemas/TrackPointExtension/v1" xmlns:gpxx="http://www.garmin.com/xmlschemas/GpxExtensions/v3" xmlns:gpxpx="http://www.garmin.com/xmlschemas/PowerExtension/v1" xmlns:gpx_style="http://www.topografix.com/GPX/gpx_style/0/2">
  <metadata>
    <name>BikeOpoli 2026 Lungo</name>
    <author>
      <name>gpx.studio</name>
      <link href="https://gpx.studio"/>
    </author>
    <link href="connect.garmin.com">
      <text>Garmin Connect</text>
    </link>
    <time>2026-04-21T17:29:47.000Z</time>
  </metadata>
  <wpt lat="43.66084256823777" lon="10.76364322760019">
    <ele>0</ele>
    <name>Ristoranti</name>
    <type>FOOD</type>
  </wpt>
  <wpt lat="43.61705959295316" lon="10.77177652716557">
    <ele>0</ele>
    <name>Ristoranti</name>
    <type>FOOD</type>
  </wpt>
  <trk>
    <name>BikeOpoli 2026 Lungo</name>
    <trkseg>
      <trkpt lat="43.66873987019062" lon="10.760436840355396">
        <ele>109.14</ele>
      </trkpt>
      <trkpt lat="43.66883039474487" lon="10.760421752929688">
        <ele>108.85</ele>
      </trkpt>
      <trkpt lat="43.66898068226874" lon="10.760464668273926">
        <ele>108.58</ele>
      </trkpt>
      <trkpt lat="43.669053856283426" lon="10.760512445122004">
        <ele>108.1</ele>
      </trkpt>
      <trkpt lat="43.669259464368224" lon="10.760646974667907">
        <ele>107.36</ele>
      </trkpt>
      <trkpt lat="43.669538497924805" lon="10.760829448699951">
        <ele>106.18</ele>
      </trkpt>
      <trkpt lat="43.66971015930176" lon="10.76087236404419">
        <ele>105.15</ele>
      </trkpt>
      <trkpt lat="43.66999950259924" lon="10.760872280225158">
        <ele>103.77</ele>
      </trkpt>
      <trkpt lat="43.670289600268006" lon="10.76087236404419">
        <ele>102.18</ele>
      </trkpt>
      <trkpt lat="43.670525550842285" lon="10.760657787322998">
        <ele>100.44</ele>
      </trkpt>
      <trkpt lat="43.67067567072809" lon="10.760561227798462">
        <ele>98.65</ele>
      </trkpt>
      <trkpt lat="43.67082595825195" lon="10.760464668273926">
        <ele>96.88</ele>
      </trkpt>
      <trkpt lat="43.670997619628906" lon="10.760164260864258">
        <ele>94.89</ele>
      </trkpt>
      <trkpt lat="43.671029806137085" lon="10.759927639737725">
        <ele>92.76</ele>
      </trkpt>
      <trkpt lat="43.671061992645264" lon="10.759692192077637">
        <ele>90.85</ele>
      </trkpt>
      <trkpt lat="43.67104045115411" lon="10.759304948151112">
        <ele>88.93</ele>
      </trkpt>
      <trkpt lat="43.67101890966296" lon="10.758917788043618">
        <ele>86.85</ele>
      </trkpt>
      <trkpt lat="43.670997619628906" lon="10.758533477783203">
        <ele>84.71</ele>
      </trkpt>
      <trkpt lat="43.67103022523224" lon="10.758256036788225">
        <ele>82.68</ele>
      </trkpt>
      <trkpt lat="43.671040534973145" lon="10.758168697357178">
        <ele>80.78</ele>
      </trkpt>
      <trkpt lat="43.6711049079895" lon="10.758018493652344">
        <ele>79.11</ele>
      </trkpt>
      <trkpt lat="43.67091178894043" lon="10.758039951324463">
        <ele>76.85</ele>
      </trkpt>
      <trkpt lat="43.67076166905463" lon="10.75812578201294">
        <ele>74.71</ele>
      </trkpt>
      <trkpt lat="43.67071866989136" lon="10.758190155029297">
        <ele>72.87</ele>
      </trkpt>
      <trkpt lat="43.67058992385864" lon="10.75834035873413">
        <ele>70.93</ele>
      </trkpt>
      <trkpt lat="43.670475259423256" lon="10.758691476657987">
        <ele>69</ele>
      </trkpt>
      <trkpt lat="43.67036059498787" lon="10.759042594581842">
        <ele>66.83</ele>
      </trkpt>
      <trkpt lat="43.670246601104736" lon="10.759391784667969">
        <ele>65.31</ele>
      </trkpt>
      <trkpt lat="43.67016077041626" lon="10.759456157684326">
        <ele>63.81</ele>
      </trkpt>
      <trkpt lat="43.67007493972778" lon="10.759456157684326">
        <ele>62.32</ele>
      </trkpt>
      <trkpt lat="43.670032024383545" lon="10.759155750274658">
        <ele>60.51</ele>
      </trkpt>
      <trkpt lat="43.669935213401914" lon="10.758800944313407">
        <ele>59.02</ele>
      </trkpt>
      <trkpt lat="43.669838486239314" lon="10.758446222171187">
        <ele>57.72</ele>
      </trkpt>
      <trkpt lat="43.669741759076715" lon="10.758091416209936">
        <ele>56.38</ele>
      </trkpt>
      <trkpt lat="43.6696457862854" lon="10.757739543914795">
        <ele>55.07</ele>
      </trkpt>
      <trkpt lat="43.669545873999596" lon="10.757556315511465">
        <ele>53.9</ele>
      </trkpt>
      <trkpt lat="43.669517040252686" lon="10.757503509521484">
        <ele>52.76</ele>
      </trkpt>
      <trkpt lat="43.6692916508764" lon="10.757272755727172">
        <ele>51.6</ele>
      </trkpt>
      <trkpt lat="43.66906634531915" lon="10.757042085751891">
        <ele>50.37</ele>
      </trkpt>
      <trkpt lat="43.66884095594287" lon="10.756811331957579">
        <ele>49.04</ele>
      </trkpt>
      <trkpt lat="43.66861581802368" lon="10.756580829620361">
        <ele>47.67</ele>
      </trkpt>
      <trkpt lat="43.66856200620532" lon="10.75635502114892">
        <ele>46.52</ele>
      </trkpt>
      <trkpt lat="43.668508529663086" lon="10.75613021850586">
        <ele>45.56</ele>
      </trkpt>
      <trkpt lat="43.66846410557628" lon="10.755974566563964">
        <ele>44.75</ele>
      </trkpt>
      <trkpt lat="43.66846410557628" lon="10.755974650382996">
        <ele>44.04</ele>
      </trkpt>
      <trkpt lat="43.66837978363037" lon="10.755679607391357">
        <ele>43.48</ele>
      </trkpt>
      <trkpt lat="43.66845496930182" lon="10.755486153066158">
        <ele>43.1</ele>
      </trkpt>
      <trkpt lat="43.668529987335205" lon="10.755293369293213">
        <ele>42.76</ele>
      </trkpt>
      <trkpt lat="43.66858011111617" lon="10.754977874457836">
        <ele>42.35</ele>
      </trkpt>
      <trkpt lat="43.66863031871617" lon="10.754662463441491">
        <ele>42</ele>
      </trkpt>
      <trkpt lat="43.66868019104004" lon="10.75434923171997">
        <ele>41.72</ele>
      </trkpt>
      <trkpt lat="43.66864859126508" lon="10.75403356924653">
        <ele>41.49</ele>
      </trkpt>
      <trkpt lat="43.66861724294722" lon="10.753719415515661">
        <ele>41.39</ele>
      </trkpt>
      <trkpt lat="43.66861724294722" lon="10.753719499334693">
        <ele>41.23</ele>
      </trkpt>
      <trkpt lat="43.668594947084785" lon="10.753497378900647">
        <ele>41.1</ele>
      </trkpt>
      <trkpt lat="43.66857290267944" lon="10.753276348114014">
        <ele>40.97</ele>
      </trkpt>
      <trkpt lat="43.66852981969714" lon="10.752996727824211">
        <ele>40.82</ele>
      </trkpt>
      <trkpt lat="43.66848707199097" lon="10.752718448638916">
        <ele>40.67</ele>
      </trkpt>
      <trkpt lat="43.66833804175258" lon="10.75234092772007">
        <ele>40.45</ele>
      </trkpt>
      <trkpt lat="43.66818901151419" lon="10.751963406801224">
        <ele>40.18</ele>
      </trkpt>
      <trkpt lat="43.6680399812758" lon="10.751585885882378">
        <ele>39.81</ele>
      </trkpt>
      <trkpt lat="43.66789195686579" lon="10.751210879534483">
        <ele>39.41</ele>
      </trkpt>
      <trkpt lat="43.66789195686579" lon="10.751210963353515">
        <ele>39.12</ele>
      </trkpt>
      <trkpt lat="43.667843425646424" lon="10.751087665557861">
        <ele>38.78</ele>
      </trkpt>
      <trkpt lat="43.667612839490175" lon="10.751248514279723">
        <ele>38.51</ele>
      </trkpt>
      <trkpt lat="43.667382253333926" lon="10.751409363001585">
        <ele>38.21</ele>
      </trkpt>
      <trkpt lat="43.66715166717768" lon="10.751570211723447">
        <ele>37.87</ele>
      </trkpt>
      <trkpt lat="43.6669207457453" lon="10.751731395721436">
        <ele>37.43</ele>
      </trkpt>
      <trkpt lat="43.666677586734295" lon="10.751902973279357">
        <ele>37.11</ele>
      </trkpt>
      <trkpt lat="43.66643442772329" lon="10.752074550837278">
        <ele>36.91</ele>
      </trkpt>
      <trkpt lat="43.66619110107422" lon="10.752246379852295">
        <ele>36.71</ele>
      </trkpt>
      <trkpt lat="43.66590091958642" lon="10.752340340986848">
        <ele>36.48</ele>
      </trkpt>
      <trkpt lat="43.66561082191765" lon="10.752434385940433">
        <ele>36.15</ele>
      </trkpt>
      <trkpt lat="43.665320640429854" lon="10.752528430894017">
        <ele>35.84</ele>
      </trkpt>
      <trkpt lat="43.66503054276109" lon="10.75262239202857">
        <ele>35.58</ele>
      </trkpt>
      <trkpt lat="43.66474044509232" lon="10.752716436982155">
        <ele>35.45</ele>
      </trkpt>
      <trkpt lat="43.66444875486195" lon="10.75281098484993">
        <ele>35.3</ele>
      </trkpt>
      <trkpt lat="43.66416142322123" lon="10.752904107794166">
        <ele>35.2</ele>
      </trkpt>
      <trkpt lat="43.66387367248535" lon="10.752997398376465">
        <ele>35.1</ele>
      </trkpt>
      <trkpt lat="43.66370209492743" lon="10.753018856048584">
        <ele>34.99</ele>
      </trkpt>
      <trkpt lat="43.6637020111084" lon="10.753018856048584">
        <ele>34.96</ele>
      </trkpt>
      <trkpt lat="43.663508892059326" lon="10.752954483032227">
        <ele>34.92</ele>
      </trkpt>
      <trkpt lat="43.663272857666016" lon="10.753147602081299">
        <ele>34.96</ele>
      </trkpt>
      <trkpt lat="43.66309960372746" lon="10.753239216282964">
        <ele>35.04</ele>
      </trkpt>
      <trkpt lat="43.66292626596987" lon="10.753331081941724">
        <ele>35.19</ele>
      </trkpt>
      <trkpt lat="43.66290807723999" lon="10.753340721130371">
        <ele>35.31</ele>
      </trkpt>
      <trkpt lat="43.6626935005188" lon="10.75338363647461">
        <ele>35.48</ele>
      </trkpt>
      <trkpt lat="43.662379095330834" lon="10.753397885710001">
        <ele>35.61</ele>
      </trkpt>
      <trkpt lat="43.66206469014287" lon="10.753412134945393">
        <ele>35.76</ele>
      </trkpt>
      <trkpt lat="43.66175036877394" lon="10.753426467999816">
        <ele>36.04</ele>
      </trkpt>
      <trkpt lat="43.66143596358597" lon="10.753440717235208">
        <ele>36.38</ele>
      </trkpt>
      <trkpt lat="43.66112155839801" lon="10.753455050289631">
        <ele>36.69</ele>
      </trkpt>
      <trkpt lat="43.660805225372314" lon="10.753469467163086">
        <ele>36.9</ele>
      </trkpt>
      <trkpt lat="43.6606764793396" lon="10.753512382507324">
        <ele>37.1</ele>
      </trkpt>
      <trkpt lat="43.66048336029053" lon="10.753651773557067">
        <ele>37.35</ele>
      </trkpt>
      <trkpt lat="43.660290241241455" lon="10.753791332244873">
        <ele>37.55</ele>
      </trkpt>
      <trkpt lat="43.66006510332227" lon="10.75384489260614">
        <ele>37.61</ele>
      </trkpt>
      <trkpt lat="43.65983963012695" lon="10.753898620605469">
        <ele>37.74</ele>
      </trkpt>
      <trkpt lat="43.65960359573364" lon="10.754005908966064">
        <ele>37.86</ele>
      </trkpt>
      <trkpt lat="43.65936756134033" lon="10.754263401031494">
        <ele>38</ele>
      </trkpt>
      <trkpt lat="43.65922439843416" lon="10.754431542009115">
        <ele>38.15</ele>
      </trkpt>
      <trkpt lat="43.65902281366289" lon="10.75466824695468">
        <ele>38.27</ele>
      </trkpt>
      <trkpt lat="43.65882131271064" lon="10.754904951900244">
        <ele>38.44</ele>
      </trkpt>
      <trkpt lat="43.6586198117584" lon="10.755141656845808">
        <ele>38.66</ele>
      </trkpt>
      <trkpt lat="43.658418310806155" lon="10.755378361791372">
        <ele>38.88</ele>
      </trkpt>
      <trkpt lat="43.65821680985391" lon="10.755615066736937">
        <ele>39.12</ele>
      </trkpt>
      <trkpt lat="43.65801581181586" lon="10.75585126876831">
        <ele>39.36</ele>
      </trkpt>
      <trkpt lat="43.65788698196411" lon="10.756001472473145">
        <ele>39.62</ele>
      </trkpt>
      <trkpt lat="43.65776879712939" lon="10.75622702948749">
        <ele>39.94</ele>
      </trkpt>
      <trkpt lat="43.6576509475708" lon="10.756452083587646">
        <ele>40.29</ele>
      </trkpt>
      <trkpt lat="43.65750074386597" lon="10.756816864013672">
        <ele>40.7</ele>
      </trkpt>
      <trkpt lat="43.65737199783325" lon="10.756988525390625">
        <ele>40.92</ele>
      </trkpt>
      <trkpt lat="43.65720042027533" lon="10.75706354342401">
        <ele>41.03</ele>
      </trkpt>
      <trkpt lat="43.657028675079346" lon="10.757138729095459">
        <ele>41.12</ele>
      </trkpt>
      <trkpt lat="43.65679289214313" lon="10.757160102948546">
        <ele>41.22</ele>
      </trkpt>
      <trkpt lat="43.656556606292725" lon="10.757181644439697">
        <ele>41.35</ele>
      </trkpt>
      <trkpt lat="43.656320571899414" lon="10.75735330581665">
        <ele>41.43</ele>
      </trkpt>
      <trkpt lat="43.65612753666937" lon="10.75737476348877">
        <ele>41.48</ele>
      </trkpt>
      <trkpt lat="43.655913127586246" lon="10.757321119308472">
        <ele>41.52</ele>
      </trkpt>
      <trkpt lat="43.65569838322699" lon="10.757267475128174">
        <ele>41.5</ele>
      </trkpt>
      <trkpt lat="43.655441142618656" lon="10.757224559783936">
        <ele>41.39</ele>
      </trkpt>
      <trkpt lat="43.65518390201032" lon="10.757181728258729">
        <ele>41.19</ele>
      </trkpt>
      <trkpt lat="43.6549259070307" lon="10.757138729095459">
        <ele>40.92</ele>
      </trkpt>
      <trkpt lat="43.654840076342225" lon="10.75711727142334">
        <ele>40.63</ele>
      </trkpt>
      <trkpt lat="43.654582500457764" lon="10.75709581375122">
        <ele>40.24</ele>
      </trkpt>
      <trkpt lat="43.65438938140869" lon="10.757224559783936">
        <ele>39.88</ele>
      </trkpt>
      <trkpt lat="43.65418176166713" lon="10.757503677159548">
        <ele>39.42</ele>
      </trkpt>
      <trkpt lat="43.653974225744605" lon="10.75778279453516">
        <ele>38.96</ele>
      </trkpt>
      <trkpt lat="43.653767108917236" lon="10.758061408996582">
        <ele>38.55</ele>
      </trkpt>
      <trkpt lat="43.653552532196045" lon="10.758275985717773">
        <ele>38.2</ele>
      </trkpt>
      <trkpt lat="43.653316497802734" lon="10.75838327407837">
        <ele>37.95</ele>
      </trkpt>
      <trkpt lat="43.653112817555666" lon="10.758426105603576">
        <ele>37.68</ele>
      </trkpt>
      <trkpt lat="43.65290880203247" lon="10.758469104766846">
        <ele>37.34</ele>
      </trkpt>
      <trkpt lat="43.65262985229492" lon="10.758447647094727">
        <ele>36.93</ele>
      </trkpt>
      <trkpt lat="43.65250613540411" lon="10.758516378700733">
        <ele>36.53</ele>
      </trkpt>
      <trkpt lat="43.65243673324585" lon="10.758554935455322">
        <ele>36.19</ele>
      </trkpt>
      <trkpt lat="43.65222919732332" lon="10.758812511339784">
        <ele>35.87</ele>
      </trkpt>
      <trkpt lat="43.652021661400795" lon="10.759070171043277">
        <ele>35.65</ele>
      </trkpt>
      <trkpt lat="43.651814460754395" lon="10.759327411651611">
        <ele>35.49</ele>
      </trkpt>
      <trkpt lat="43.65190029144287" lon="10.759456157684326">
        <ele>35.37</ele>
      </trkpt>
      <trkpt lat="43.652062229812145" lon="10.759570403024554">
        <ele>35.33</ele>
      </trkpt>
      <trkpt lat="43.652062229812145" lon="10.759570486843586">
        <ele>35.35</ele>
      </trkpt>
      <trkpt lat="43.6522650718689" lon="10.759713649749756">
        <ele>35.47</ele>
      </trkpt>
      <trkpt lat="43.65241527557373" lon="10.759992599487305">
        <ele>35.66</ele>
      </trkpt>
      <trkpt lat="43.65234000608325" lon="10.760282864794135">
        <ele>36.05</ele>
      </trkpt>
      <trkpt lat="43.6522650718689" lon="10.760571956634521">
        <ele>36.57</ele>
      </trkpt>
      <trkpt lat="43.65213615819812" lon="10.760754430666566">
        <ele>37.13</ele>
      </trkpt>
      <trkpt lat="43.65200757980347" lon="10.760936737060547">
        <ele>37.79</ele>
      </trkpt>
      <trkpt lat="43.65196466445923" lon="10.761044025421143">
        <ele>38.54</ele>
      </trkpt>
      <trkpt lat="43.65196466445923" lon="10.761162042617798">
        <ele>39.4</ele>
      </trkpt>
      <trkpt lat="43.65196466445923" lon="10.761194229125977">
        <ele>40.39</ele>
      </trkpt>
      <trkpt lat="43.65187866613269" lon="10.761376870796084">
        <ele>41.53</ele>
      </trkpt>
      <trkpt lat="43.651793003082275" lon="10.761559009552002">
        <ele>42.8</ele>
      </trkpt>
      <trkpt lat="43.651835918426514" lon="10.761666297912598">
        <ele>44.22</ele>
      </trkpt>
      <trkpt lat="43.65198612213135" lon="10.761827230453491">
        <ele>45.82</ele>
      </trkpt>
      <trkpt lat="43.65213632583618" lon="10.761988162994385">
        <ele>47.65</ele>
      </trkpt>
      <trkpt lat="43.65220078267157" lon="10.762224616482854">
        <ele>49.57</ele>
      </trkpt>
      <trkpt lat="43.6522650718689" lon="10.762460231781006">
        <ele>51.61</ele>
      </trkpt>
      <trkpt lat="43.65235500968993" lon="10.762640107423067">
        <ele>53.88</ele>
      </trkpt>
      <trkpt lat="43.65237236022949" lon="10.762674808502197">
        <ele>56.12</ele>
      </trkpt>
      <trkpt lat="43.652565479278564" lon="10.762889385223389">
        <ele>58.79</ele>
      </trkpt>
      <trkpt lat="43.65267276763916" lon="10.762953758239746">
        <ele>61.4</ele>
      </trkpt>
      <trkpt lat="43.65267276763916" lon="10.762631893157959">
        <ele>63.86</ele>
      </trkpt>
      <trkpt lat="43.65273714065552" lon="10.76237440109253">
        <ele>66.39</ele>
      </trkpt>
      <trkpt lat="43.65289807319641" lon="10.762181198224425">
        <ele>69.16</ele>
      </trkpt>
      <trkpt lat="43.653059005737305" lon="10.761988162994385">
        <ele>72.13</ele>
      </trkpt>
      <trkpt lat="43.653314150869846" lon="10.761908451095223">
        <ele>75.45</ele>
      </trkpt>
      <trkpt lat="43.65340232849121" lon="10.761880874633789">
        <ele>78.45</ele>
      </trkpt>
      <trkpt lat="43.653552532196045" lon="10.761773586273193">
        <ele>81.42</ele>
      </trkpt>
      <trkpt lat="43.65368127822876" lon="10.76162338256836">
        <ele>84.25</ele>
      </trkpt>
      <trkpt lat="43.653724193573" lon="10.76162338256836">
        <ele>87.1</ele>
      </trkpt>
      <trkpt lat="43.653724193573" lon="10.761730670928955">
        <ele>90</ele>
      </trkpt>
      <trkpt lat="43.653767108917236" lon="10.761795043945312">
        <ele>92.82</ele>
      </trkpt>
      <trkpt lat="43.65390658378601" lon="10.761655485257506">
        <ele>95.56</ele>
      </trkpt>
      <trkpt lat="43.654046058654785" lon="10.761516094207764">
        <ele>98.07</ele>
      </trkpt>
      <trkpt lat="43.65434646606445" lon="10.761473178863525">
        <ele>100.8</ele>
      </trkpt>
      <trkpt lat="43.654582500457764" lon="10.761494636535645">
        <ele>103.31</ele>
      </trkpt>
      <trkpt lat="43.65471124649048" lon="10.761773586273193">
        <ele>105.94</ele>
      </trkpt>
      <trkpt lat="43.654797077178955" lon="10.76209545135498">
        <ele>108.45</ele>
      </trkpt>
      <trkpt lat="43.65492582321167" lon="10.762267112731934">
        <ele>110.56</ele>
      </trkpt>
      <trkpt lat="43.65499019622803" lon="10.762331485748291">
        <ele>112.58</ele>
      </trkpt>
      <trkpt lat="43.65521164610982" lon="10.762381441891193">
        <ele>114.34</ele>
      </trkpt>
      <trkpt lat="43.65543317981064" lon="10.762431481853127">
        <ele>116.15</ele>
      </trkpt>
      <trkpt lat="43.65565538406372" lon="10.762481689453125">
        <ele>118.04</ele>
      </trkpt>
      <trkpt lat="43.65566317923367" lon="10.762524353340268">
        <ele>119.75</ele>
      </trkpt>
      <trkpt lat="43.65569829940796" lon="10.762717723846436">
        <ele>121.47</ele>
      </trkpt>
      <trkpt lat="43.65561230108142" lon="10.762900365516543">
        <ele>123.14</ele>
      </trkpt>
      <trkpt lat="43.655526638031006" lon="10.763082504272461">
        <ele>124.63</ele>
      </trkpt>
      <trkpt lat="43.65535489283502" lon="10.763254165649414">
        <ele>126.04</ele>
      </trkpt>
      <trkpt lat="43.6551833152771" lon="10.763425827026367">
        <ele>127.37</ele>
      </trkpt>
      <trkpt lat="43.65496873855591" lon="10.763726234436035">
        <ele>128.52</ele>
      </trkpt>
      <trkpt lat="43.65490419790149" lon="10.763962687924504">
        <ele>129.31</ele>
      </trkpt>
      <trkpt lat="43.65483999252319" lon="10.764198303222656">
        <ele>130.03</ele>
      </trkpt>
      <trkpt lat="43.65490444935858" lon="10.764445485547185">
        <ele>130.5</ele>
      </trkpt>
      <trkpt lat="43.65496873855591" lon="10.764691829681396">
        <ele>130.93</ele>
      </trkpt>
      <trkpt lat="43.655204605311155" lon="10.76483122073114">
        <ele>130.92</ele>
      </trkpt>
      <trkpt lat="43.65544080734253" lon="10.764970779418945">
        <ele>130.9</ele>
      </trkpt>
      <trkpt lat="43.65561104379594" lon="10.765192145481706">
        <ele>131.19</ele>
      </trkpt>
      <trkpt lat="43.65565538406372" lon="10.765249729156494">
        <ele>131.36</ele>
      </trkpt>
      <trkpt lat="43.65580550394952" lon="10.765346204861999">
        <ele>131.47</ele>
      </trkpt>
      <trkpt lat="43.65595579147339" lon="10.765442848205566">
        <ele>131.47</ele>
      </trkpt>
      <trkpt lat="43.65611655637622" lon="10.765528595075011">
        <ele>131.39</ele>
      </trkpt>
      <trkpt lat="43.656277656555176" lon="10.76561450958252">
        <ele>131.27</ele>
      </trkpt>
      <trkpt lat="43.656556606292725" lon="10.765657424926758">
        <ele>131.08</ele>
      </trkpt>
      <trkpt lat="43.656771183013916" lon="10.765571594238281">
        <ele>130.85</ele>
      </trkpt>
      <trkpt lat="43.65697134286165" lon="10.765450056642294">
        <ele>130.56</ele>
      </trkpt>
      <trkpt lat="43.65717150270939" lon="10.765328519046307">
        <ele>130.2</ele>
      </trkpt>
      <trkpt lat="43.657372081652284" lon="10.765206813812256">
        <ele>129.79</ele>
      </trkpt>
      <trkpt lat="43.657667208462954" lon="10.765110421925783">
        <ele>129.49</ele>
      </trkpt>
      <trkpt lat="43.65796233527362" lon="10.76501403003931">
        <ele>129.21</ele>
      </trkpt>
      <trkpt lat="43.65825838409364" lon="10.764917386695743">
        <ele>128.97</ele>
      </trkpt>
      <trkpt lat="43.65842342376709" lon="10.76486349105835">
        <ele>128.69</ele>
      </trkpt>
      <trkpt lat="43.65861654281616" lon="10.764713287353516">
        <ele>128.34</ele>
      </trkpt>
      <trkpt lat="43.65859508514404" lon="10.764949321746826">
        <ele>127.97</ele>
      </trkpt>
      <trkpt lat="43.65861511789262" lon="10.76518988236785">
        <ele>127.63</ele>
      </trkpt>
      <trkpt lat="43.65861654281616" lon="10.765206813812256">
        <ele>127.23</ele>
      </trkpt>
      <trkpt lat="43.6586594581604" lon="10.765421390533447">
        <ele>126.86</ele>
      </trkpt>
      <trkpt lat="43.65883111953735" lon="10.765657424926758">
        <ele>126.3</ele>
      </trkpt>
      <trkpt lat="43.6590669862926" lon="10.7657968159765">
        <ele>125.59</ele>
      </trkpt>
      <trkpt lat="43.65930285304785" lon="10.765936207026243">
        <ele>124.94</ele>
      </trkpt>
      <trkpt lat="43.65953880362213" lon="10.766075598075986">
        <ele>124.56</ele>
      </trkpt>
      <trkpt lat="43.659775257110596" lon="10.766215324401855">
        <ele>124.25</ele>
      </trkpt>
      <trkpt lat="43.65986108779907" lon="10.766301155090332">
        <ele>123.83</ele>
      </trkpt>
      <trkpt lat="43.65992546081543" lon="10.766665935516357">
        <ele>123.73</ele>
      </trkpt>
      <trkpt lat="43.65991280414164" lon="10.766767272725701">
        <ele>123.34</ele>
      </trkpt>
      <trkpt lat="43.65992554463446" lon="10.766665935516357">
        <ele>122.83</ele>
      </trkpt>
      <trkpt lat="43.65992546081543" lon="10.766665935516357">
        <ele>123.73</ele>
      </trkpt>
      <trkpt lat="43.660113383084536" lon="10.766998864710331">
        <ele>121.82</ele>
      </trkpt>
      <trkpt lat="43.66030130535364" lon="10.767331793904305">
        <ele>121.29</ele>
      </trkpt>
      <trkpt lat="43.66048931144178" lon="10.76766480691731">
        <ele>120.76</ele>
      </trkpt>
      <trkpt lat="43.6606764793396" lon="10.767996311187744">
        <ele>120.25</ele>
      </trkpt>
      <trkpt lat="43.66083741188049" lon="10.768189430236816">
        <ele>119.78</ele>
      </trkpt>
      <trkpt lat="43.66099834442139" lon="10.768382549285889">
        <ele>119.24</ele>
      </trkpt>
      <trkpt lat="43.66122339852154" lon="10.768457567319274">
        <ele>118.72</ele>
      </trkpt>
      <trkpt lat="43.66144895553589" lon="10.768532752990723">
        <ele>118.08</ele>
      </trkpt>
      <trkpt lat="43.6616849899292" lon="10.768704414367676">
        <ele>117.49</ele>
      </trkpt>
      <trkpt lat="43.661835277453065" lon="10.7689621578902">
        <ele>116.95</ele>
      </trkpt>
      <trkpt lat="43.66198539733887" lon="10.769219398498535">
        <ele>116.51</ele>
      </trkpt>
      <trkpt lat="43.66218782030046" lon="10.769400866702199">
        <ele>116.24</ele>
      </trkpt>
      <trkpt lat="43.662390327081084" lon="10.769582418724895">
        <ele>115.95</ele>
      </trkpt>
      <trkpt lat="43.66260766983032" lon="10.769777297973633">
        <ele>115.65</ele>
      </trkpt>
      <trkpt lat="43.66286516189575" lon="10.769948959350586">
        <ele>115.47</ele>
      </trkpt>
      <trkpt lat="43.663036823272705" lon="10.770120620727539">
        <ele>115.39</ele>
      </trkpt>
      <trkpt lat="43.6631441116333" lon="10.770378112792969">
        <ele>115.48</ele>
      </trkpt>
      <trkpt lat="43.66316556930542" lon="10.770549774169922">
        <ele>115.6</ele>
      </trkpt>
      <trkpt lat="43.6631441116333" lon="10.770742893218994">
        <ele>115.75</ele>
      </trkpt>
      <trkpt lat="43.66320848464966" lon="10.770957469940186">
        <ele>115.93</ele>
      </trkpt>
      <trkpt lat="43.66331988014281" lon="10.771291824057698">
        <ele>116.29</ele>
      </trkpt>
      <trkpt lat="43.66343102417886" lon="10.771625088527799">
        <ele>116.74</ele>
      </trkpt>
      <trkpt lat="43.66350227035582" lon="10.771838827058673">
        <ele>117.35</ele>
      </trkpt>
      <trkpt lat="43.663573265075684" lon="10.772051811218262">
        <ele>118.05</ele>
      </trkpt>
      <trkpt lat="43.66374492645264" lon="10.772223472595215">
        <ele>118.93</ele>
      </trkpt>
      <trkpt lat="43.66392723284662" lon="10.772362863644958">
        <ele>119.93</ele>
      </trkpt>
      <trkpt lat="43.66410970687866" lon="10.772502422332764">
        <ele>120.96</ele>
      </trkpt>
      <trkpt lat="43.664377592504025" lon="10.772475600242615">
        <ele>122.09</ele>
      </trkpt>
      <trkpt lat="43.66464556194842" lon="10.772448778152466">
        <ele>123.44</ele>
      </trkpt>
      <trkpt lat="43.66491344757378" lon="10.772422039881349">
        <ele>124.82</ele>
      </trkpt>
      <trkpt lat="43.66518259048462" lon="10.772395133972168">
        <ele>126.13</ele>
      </trkpt>
      <trkpt lat="43.66533279418945" lon="10.772502422332764">
        <ele>127.38</ele>
      </trkpt>
      <trkpt lat="43.665536642074585" lon="10.772716999053955">
        <ele>128.64</ele>
      </trkpt>
      <trkpt lat="43.66574048995972" lon="10.772931575775146">
        <ele>129.87</ele>
      </trkpt>
      <trkpt lat="43.66591215133667" lon="10.773038864135742">
        <ele>130.97</ele>
      </trkpt>
      <trkpt lat="43.666040897369385" lon="10.773060321807861">
        <ele>131.97</ele>
      </trkpt>
      <trkpt lat="43.66623401641846" lon="10.772995948791504">
        <ele>132.83</ele>
      </trkpt>
      <trkpt lat="43.666454711928964" lon="10.772902239114046">
        <ele>133.62</ele>
      </trkpt>
      <trkpt lat="43.66667582653463" lon="10.772808529436588">
        <ele>134.4</ele>
      </trkpt>
      <trkpt lat="43.66694211959839" lon="10.772695541381836">
        <ele>135.3</ele>
      </trkpt>
      <trkpt lat="43.667027950286865" lon="10.77282428741455">
        <ele>136.37</ele>
      </trkpt>
      <trkpt lat="43.667155522853136" lon="10.773206921294332">
        <ele>137.34</ele>
      </trkpt>
      <trkpt lat="43.66719961166382" lon="10.77333927154541">
        <ele>138.08</ele>
      </trkpt>
      <trkpt lat="43.667231798172" lon="10.773565080016851">
        <ele>138.82</ele>
      </trkpt>
      <trkpt lat="43.667263984680176" lon="10.773789882659912">
        <ele>139.47</ele>
      </trkpt>
      <trkpt lat="43.667499935254455" lon="10.773993646726012">
        <ele>139.93</ele>
      </trkpt>
      <trkpt lat="43.6677360534668" lon="10.774197578430176">
        <ele>140.42</ele>
      </trkpt>
      <trkpt lat="43.667832696810365" lon="10.774444676935673">
        <ele>140.8</ele>
      </trkpt>
      <trkpt lat="43.66792917251587" lon="10.774691104888916">
        <ele>141.05</ele>
      </trkpt>
      <trkpt lat="43.668036460876465" lon="10.77486276626587">
        <ele>141.19</ele>
      </trkpt>
      <trkpt lat="43.66820812225342" lon="10.774991512298584">
        <ele>141.33</ele>
      </trkpt>
      <trkpt lat="43.66842269897461" lon="10.774991512298584">
        <ele>141.48</ele>
      </trkpt>
      <trkpt lat="43.66858346387744" lon="10.774905681610107">
        <ele>141.4</ele>
      </trkpt>
      <trkpt lat="43.6687445640564" lon="10.77481985092163">
        <ele>141.11</ele>
      </trkpt>
      <trkpt lat="43.66885185241699" lon="10.774691104888916">
        <ele>140.66</ele>
      </trkpt>
      <trkpt lat="43.669023513793945" lon="10.774626731872559">
        <ele>140.15</ele>
      </trkpt>
      <trkpt lat="43.66917371749878" lon="10.774648189544678">
        <ele>139.7</ele>
      </trkpt>
      <trkpt lat="43.66917380131781" lon="10.774648189544678">
        <ele>139.11</ele>
      </trkpt>
      <trkpt lat="43.669302463531494" lon="10.774712562561035">
        <ele>138.55</ele>
      </trkpt>
      <trkpt lat="43.66938829421997" lon="10.77481985092163">
        <ele>137.9</ele>
      </trkpt>
      <trkpt lat="43.66962432861328" lon="10.774991512298584">
        <ele>137.05</ele>
      </trkpt>
      <trkpt lat="43.669757936149836" lon="10.774947004392743">
        <ele>136.18</ele>
      </trkpt>
      <trkpt lat="43.66988182067871" lon="10.774905681610107">
        <ele>135.18</ele>
      </trkpt>
      <trkpt lat="43.6700533144176" lon="10.77481985092163">
        <ele>134.14</ele>
      </trkpt>
      <trkpt lat="43.67022514343262" lon="10.774734020233154">
        <ele>132.97</ele>
      </trkpt>
      <trkpt lat="43.67050375789404" lon="10.774744665250182">
        <ele>131.42</ele>
      </trkpt>
      <trkpt lat="43.670783042907715" lon="10.774755477905273">
        <ele>129.99</ele>
      </trkpt>
      <trkpt lat="43.670943807810545" lon="10.77478758059442">
        <ele>128.76</ele>
      </trkpt>
      <trkpt lat="43.6711049079895" lon="10.77481985092163">
        <ele>127.57</ele>
      </trkpt>
      <trkpt lat="43.6712121963501" lon="10.774798393249512">
        <ele>126.54</ele>
      </trkpt>
      <trkpt lat="43.67135167121887" lon="10.774648105725646">
        <ele>125.59</ele>
      </trkpt>
      <trkpt lat="43.67149114608765" lon="10.774497985839844">
        <ele>124.72</ele>
      </trkpt>
      <trkpt lat="43.67157714441419" lon="10.774301514029503">
        <ele>123.94</ele>
      </trkpt>
      <trkpt lat="43.67157714441419" lon="10.774301430210471">
        <ele>123.23</ele>
      </trkpt>
      <trkpt lat="43.67164143361151" lon="10.774154663085938">
        <ele>122.53</ele>
      </trkpt>
      <trkpt lat="43.67168434895575" lon="10.774068832397461">
        <ele>121.9</ele>
      </trkpt>
      <trkpt lat="43.67188794538379" lon="10.773993730545044">
        <ele>121.39</ele>
      </trkpt>
      <trkpt lat="43.67209196090698" lon="10.773918628692627">
        <ele>120.96</ele>
      </trkpt>
      <trkpt lat="43.67228482849896" lon="10.773897171020508">
        <ele>120.6</ele>
      </trkpt>
      <trkpt lat="43.67247819900513" lon="10.773875713348389">
        <ele>120.23</ele>
      </trkpt>
      <trkpt lat="43.67262840270996" lon="10.773811340332031">
        <ele>119.78</ele>
      </trkpt>
      <trkpt lat="43.672778606414795" lon="10.773661136627197">
        <ele>119.35</ele>
      </trkpt>
      <trkpt lat="43.67292881011963" lon="10.773618221282959">
        <ele>118.8</ele>
      </trkpt>
      <trkpt lat="43.67320775985718" lon="10.773618221282959">
        <ele>118.15</ele>
      </trkpt>
      <trkpt lat="43.67331504821777" lon="10.77357530593872">
        <ele>117.38</ele>
      </trkpt>
      <trkpt lat="43.67344379425049" lon="10.773317813873291">
        <ele>116.57</ele>
      </trkpt>
      <trkpt lat="43.6735725402832" lon="10.773189067840576">
        <ele>115.55</ele>
      </trkpt>
      <trkpt lat="43.673771526664495" lon="10.77308957464993">
        <ele>114.38</ele>
      </trkpt>
      <trkpt lat="43.67391586303711" lon="10.773017406463623">
        <ele>113.1</ele>
      </trkpt>
      <trkpt lat="43.67417335510254" lon="10.77282428741455">
        <ele>111.63</ele>
      </trkpt>
      <trkpt lat="43.67436647415161" lon="10.772802829742432">
        <ele>109.98</ele>
      </trkpt>
      <trkpt lat="43.674418944865465" lon="10.772861586883664">
        <ele>108.3</ele>
      </trkpt>
      <trkpt lat="43.67460133507848" lon="10.773065853863955">
        <ele>106.31</ele>
      </trkpt>
      <trkpt lat="43.674752125516534" lon="10.773234749212861">
        <ele>104.23</ele>
      </trkpt>
      <trkpt lat="43.67490291595459" lon="10.773403644561768">
        <ele>102.16</ele>
      </trkpt>
      <trkpt lat="43.67505303584039" lon="10.773521577939391">
        <ele>100.09</ele>
      </trkpt>
      <trkpt lat="43.67520332336426" lon="10.773639678955078">
        <ele>97.91</ele>
      </trkpt>
      <trkpt lat="43.675267696380615" lon="10.773725509643555">
        <ele>95.63</ele>
      </trkpt>
      <trkpt lat="43.67525705136359" lon="10.773831624537706">
        <ele>93.25</ele>
      </trkpt>
      <trkpt lat="43.675246238708496" lon="10.773940086364746">
        <ele>90.76</ele>
      </trkpt>
      <trkpt lat="43.675127970054746" lon="10.774262454360723">
        <ele>87.88</ele>
      </trkpt>
      <trkpt lat="43.675010204315186" lon="10.77458381652832">
        <ele>84.97</ele>
      </trkpt>
      <trkpt lat="43.674988746643066" lon="10.774798393249512">
        <ele>82.32</ele>
      </trkpt>
      <trkpt lat="43.674988746643066" lon="10.774884223937988">
        <ele>79.84</ele>
      </trkpt>
      <trkpt lat="43.67513903416693" lon="10.775098884478211">
        <ele>77.48</ele>
      </trkpt>
      <trkpt lat="43.6752893216908" lon="10.775313628837466">
        <ele>75.17</ele>
      </trkpt>
      <trkpt lat="43.67543935775757" lon="10.775527954101562">
        <ele>72.77</ele>
      </trkpt>
      <trkpt lat="43.675696849823" lon="10.775678157806396">
        <ele>70.59</ele>
      </trkpt>
      <trkpt lat="43.675804138183594" lon="10.77582836151123">
        <ele>68.29</ele>
      </trkpt>
      <trkpt lat="43.67591142654419" lon="10.775914192199707">
        <ele>66.24</ele>
      </trkpt>
      <trkpt lat="43.67612600326538" lon="10.77610731124878">
        <ele>64.32</ele>
      </trkpt>
      <trkpt lat="43.67634057998657" lon="10.77634334564209">
        <ele>62.56</ele>
      </trkpt>
      <trkpt lat="43.676555240526795" lon="10.776579463854432">
        <ele>60.92</ele>
      </trkpt>
      <trkpt lat="43.676769733428955" lon="10.776815414428711">
        <ele>59.36</ele>
      </trkpt>
      <trkpt lat="43.67688288912177" lon="10.77697710134089">
        <ele>57.9</ele>
      </trkpt>
      <trkpt lat="43.67691993713379" lon="10.777029991149902">
        <ele>56.62</ele>
      </trkpt>
      <trkpt lat="43.677048683166504" lon="10.777266025543213">
        <ele>55.48</ele>
      </trkpt>
      <trkpt lat="43.67716326378286" lon="10.777538185939193">
        <ele>54.47</ele>
      </trkpt>
      <trkpt lat="43.677277844399214" lon="10.777810430154204">
        <ele>53.56</ele>
      </trkpt>
      <trkpt lat="43.67739200592041" lon="10.77808141708374">
        <ele>52.65</ele>
      </trkpt>
      <trkpt lat="43.677520751953125" lon="10.778188705444336">
        <ele>52.03</ele>
      </trkpt>
      <trkpt lat="43.67781369946897" lon="10.778138665482402">
        <ele>51.77</ele>
      </trkpt>
      <trkpt lat="43.678106646984816" lon="10.778088625520468">
        <ele>51.56</ele>
      </trkpt>
      <trkpt lat="43.67840051651001" lon="10.778038501739502">
        <ele>51.42</ele>
      </trkpt>
      <trkpt lat="43.67856128141284" lon="10.778070604428649">
        <ele>51.52</ele>
      </trkpt>
      <trkpt lat="43.6787223815918" lon="10.77810287475586">
        <ele>51.82</ele>
      </trkpt>
      <trkpt lat="43.67895011790097" lon="10.778087703511119">
        <ele>52.4</ele>
      </trkpt>
      <trkpt lat="43.679044246673584" lon="10.77808141708374">
        <ele>53.02</ele>
      </trkpt>
      <trkpt lat="43.67925857193768" lon="10.778134977445006">
        <ele>53.73</ele>
      </trkpt>
      <trkpt lat="43.67947340011597" lon="10.778188705444336">
        <ele>54.57</ele>
      </trkpt>
      <trkpt lat="43.679698538035154" lon="10.778328096494079">
        <ele>55.39</ele>
      </trkpt>
      <trkpt lat="43.67992401123047" lon="10.778467655181885">
        <ele>56.3</ele>
      </trkpt>
      <trkpt lat="43.680009841918945" lon="10.778253078460693">
        <ele>57.71</ele>
      </trkpt>
      <trkpt lat="43.680052757263184" lon="10.778038501739502">
        <ele>59.2</ele>
      </trkpt>
      <trkpt lat="43.68008695542812" lon="10.777702974155545">
        <ele>60.88</ele>
      </trkpt>
      <trkpt lat="43.68012115359306" lon="10.77736753039062">
        <ele>62.45</ele>
      </trkpt>
      <trkpt lat="43.68015518411994" lon="10.777034433558583">
        <ele>63.91</ele>
      </trkpt>
      <trkpt lat="43.68015518411994" lon="10.777034517377615">
        <ele>65.28</ele>
      </trkpt>
      <trkpt lat="43.68016004562378" lon="10.776987075805664">
        <ele>66.63</ele>
      </trkpt>
      <trkpt lat="43.68009567260742" lon="10.776622295379639">
        <ele>68.06</ele>
      </trkpt>
      <trkpt lat="43.68011713027954" lon="10.776515007019043">
        <ele>69.32</ele>
      </trkpt>
      <trkpt lat="43.68037462234497" lon="10.776493549346924">
        <ele>70.56</ele>
      </trkpt>
      <trkpt lat="43.680546283721924" lon="10.776622295379639">
        <ele>71.65</ele>
      </trkpt>
      <trkpt lat="43.68061074055731" lon="10.7765793800354">
        <ele>72.69</ele>
      </trkpt>
      <trkpt lat="43.68065365590155" lon="10.77632188796997">
        <ele>73.69</ele>
      </trkpt>
      <trkpt lat="43.68065357208252" lon="10.776193141937256">
        <ele>74.51</ele>
      </trkpt>
      <trkpt lat="43.680524826049805" lon="10.775871276855469">
        <ele>75.07</ele>
      </trkpt>
      <trkpt lat="43.680621553212404" lon="10.775559470057487">
        <ele>75.65</ele>
      </trkpt>
      <trkpt lat="43.68071794509888" lon="10.775249004364014">
        <ele>76.09</ele>
      </trkpt>
      <trkpt lat="43.680782318115234" lon="10.775120258331299">
        <ele>76.42</ele>
      </trkpt>
      <trkpt lat="43.680782401934266" lon="10.775120258331299">
        <ele>76.6</ele>
      </trkpt>
      <trkpt lat="43.680739402770996" lon="10.775034427642822">
        <ele>76.59</ele>
      </trkpt>
      <trkpt lat="43.680739402770996" lon="10.77488430775702">
        <ele>76.47</ele>
      </trkpt>
      <trkpt lat="43.680739402770996" lon="10.774497985839844">
        <ele>76.21</ele>
      </trkpt>
      <trkpt lat="43.68082523345947" lon="10.774197578430176">
        <ele>75.97</ele>
      </trkpt>
      <trkpt lat="43.681018352508545" lon="10.773875713348389">
        <ele>75.52</ele>
      </trkpt>
      <trkpt lat="43.681018352508545" lon="10.773768424987793">
        <ele>74.85</ele>
      </trkpt>
      <trkpt lat="43.68104056455195" lon="10.773746212944388">
        <ele>74.09</ele>
      </trkpt>
      <trkpt lat="43.68106126785278" lon="10.773725509643555">
        <ele>73.21</ele>
      </trkpt>
      <trkpt lat="43.68127559311688" lon="10.773736154660583">
        <ele>72.19</ele>
      </trkpt>
      <trkpt lat="43.6814905051142" lon="10.773746967315674">
        <ele>70.99</ele>
      </trkpt>
      <trkpt lat="43.681790828704834" lon="10.773618221282959">
        <ele>69.59</ele>
      </trkpt>
      <trkpt lat="43.682026863098145" lon="10.773468017578125">
        <ele>68.24</ele>
      </trkpt>
      <trkpt lat="43.68217706680298" lon="10.773210525512695">
        <ele>66.78</ele>
      </trkpt>
      <trkpt lat="43.68232727050781" lon="10.77284574508667">
        <ele>65.29</ele>
      </trkpt>
      <trkpt lat="43.68252047337592" lon="10.772598814219236">
        <ele>63.84</ele>
      </trkpt>
      <trkpt lat="43.68271350860596" lon="10.77235221862793">
        <ele>62.08</ele>
      </trkpt>
      <trkpt lat="43.68292800150812" lon="10.772191286087036">
        <ele>60.36</ele>
      </trkpt>
      <trkpt lat="43.68314266204834" lon="10.772030353546143">
        <ele>58.71</ele>
      </trkpt>
      <trkpt lat="43.683292949572206" lon="10.771880149841309">
        <ele>57.1</ele>
      </trkpt>
      <trkpt lat="43.683292865753174" lon="10.771729946136475">
        <ele>55.45</ele>
      </trkpt>
      <trkpt lat="43.683292865753174" lon="10.771622657775879">
        <ele>53.79</ele>
      </trkpt>
      <trkpt lat="43.683249950408936" lon="10.771536827087402">
        <ele>52.16</ele>
      </trkpt>
      <trkpt lat="43.683142410591245" lon="10.771171292290092">
        <ele>50.37</ele>
      </trkpt>
      <trkpt lat="43.683035373687744" lon="10.770807266235352">
        <ele>48.65</ele>
      </trkpt>
      <trkpt lat="43.68294954299927" lon="10.770442485809326">
        <ele>47.06</ele>
      </trkpt>
      <trkpt lat="43.68287594988942" lon="10.770166553556919">
        <ele>45.64</ele>
      </trkpt>
      <trkpt lat="43.682802356779575" lon="10.769890621304512">
        <ele>44.41</ele>
      </trkpt>
      <trkpt lat="43.68272926658392" lon="10.769616449251771">
        <ele>43.43</ele>
      </trkpt>
      <trkpt lat="43.68269213475287" lon="10.769476890563965">
        <ele>42.6</ele>
      </trkpt>
      <trkpt lat="43.68244545534253" lon="10.769605552777648">
        <ele>41.91</ele>
      </trkpt>
      <trkpt lat="43.6821985244751" lon="10.769734382629395">
        <ele>41.32</ele>
      </trkpt>
      <trkpt lat="43.681969698518515" lon="10.76989883556962">
        <ele>40.82</ele>
      </trkpt>
      <trkpt lat="43.68174087256193" lon="10.770063288509846">
        <ele>40.61</ele>
      </trkpt>
      <trkpt lat="43.681511878967285" lon="10.770227909088135">
        <ele>40.43</ele>
      </trkpt>
      <trkpt lat="43.6812330968678" lon="10.770367216318846">
        <ele>40.19</ele>
      </trkpt>
      <trkpt lat="43.68095397949219" lon="10.770506858825684">
        <ele>39.93</ele>
      </trkpt>
      <trkpt lat="43.680750131607056" lon="10.770656978711486">
        <ele>39.9</ele>
      </trkpt>
      <trkpt lat="43.680546283721924" lon="10.770807266235352">
        <ele>40.07</ele>
      </trkpt>
      <trkpt lat="43.68026758544147" lon="10.770882284268737">
        <ele>40.37</ele>
      </trkpt>
      <trkpt lat="43.679988384246826" lon="10.770957469940186">
        <ele>40.8</ele>
      </trkpt>
      <trkpt lat="43.67982979863882" lon="10.771064339205623">
        <ele>41.18</ele>
      </trkpt>
      <trkpt lat="43.67958848364651" lon="10.77122694812715">
        <ele>41.65</ele>
      </trkpt>
      <trkpt lat="43.6793471686542" lon="10.771389557048678">
        <ele>42.15</ele>
      </trkpt>
      <trkpt lat="43.6791056022048" lon="10.771552417427301">
        <ele>42.74</ele>
      </trkpt>
      <trkpt lat="43.679001331329346" lon="10.771622657775879">
        <ele>43.44</ele>
      </trkpt>
      <trkpt lat="43.67870092391968" lon="10.771665573120117">
        <ele>44.3</ele>
      </trkpt>
      <trkpt lat="43.678486347198486" lon="10.77160120010376">
        <ele>45.25</ele>
      </trkpt>
      <trkpt lat="43.678257605060935" lon="10.771479662507772">
        <ele>46.23</ele>
      </trkpt>
      <trkpt lat="43.678028862923384" lon="10.771358124911785">
        <ele>47.21</ele>
      </trkpt>
      <trkpt lat="43.677799701690674" lon="10.771236419677734">
        <ele>48.17</ele>
      </trkpt>
      <trkpt lat="43.67752796038985" lon="10.771043300628662">
        <ele>49.16</ele>
      </trkpt>
      <trkpt lat="43.67725621908903" lon="10.770850265398622">
        <ele>50.28</ele>
      </trkpt>
      <trkpt lat="43.67698431015015" lon="10.770657062530518">
        <ele>51.46</ele>
      </trkpt>
      <trkpt lat="43.676748275756836" lon="10.770453214645386">
        <ele>52.34</ele>
      </trkpt>
      <trkpt lat="43.67651232518256" lon="10.770249366760254">
        <ele>53.03</ele>
      </trkpt>
      <trkpt lat="43.67627629078925" lon="10.770045518875122">
        <ele>53.65</ele>
      </trkpt>
      <trkpt lat="43.676040256395936" lon="10.76984167098999">
        <ele>54.28</ele>
      </trkpt>
      <trkpt lat="43.67582559585571" lon="10.76960563659668">
        <ele>54.92</ele>
      </trkpt>
      <trkpt lat="43.67559693753719" lon="10.769577054306865">
        <ele>55.55</ele>
      </trkpt>
      <trkpt lat="43.675368279218674" lon="10.76954847201705">
        <ele>55.99</ele>
      </trkpt>
      <trkpt lat="43.6751389503479" lon="10.769519805908203">
        <ele>56.33</ele>
      </trkpt>
      <trkpt lat="43.67496737278998" lon="10.769444704055786">
        <ele>56.48</ele>
      </trkpt>
      <trkpt lat="43.674795627593994" lon="10.76936960220337">
        <ele>56.48</ele>
      </trkpt>
      <trkpt lat="43.6748625151813" lon="10.769001804292202">
        <ele>56.3</ele>
      </trkpt>
      <trkpt lat="43.6748625151813" lon="10.76900172047317">
        <ele>56.13</ele>
      </trkpt>
      <trkpt lat="43.67492437362671" lon="10.768661499023438">
        <ele>55.93</ele>
      </trkpt>
      <trkpt lat="43.67505328729749" lon="10.76834985986352">
        <ele>55.69</ele>
      </trkpt>
      <trkpt lat="43.67518186569214" lon="10.768039226531982">
        <ele>55.32</ele>
      </trkpt>
      <trkpt lat="43.67518194951117" lon="10.768039226531982">
        <ele>54.79</ele>
      </trkpt>
      <trkpt lat="43.67523919790983" lon="10.767695065587759">
        <ele>54.09</ele>
      </trkpt>
      <trkpt lat="43.675296530127525" lon="10.767350988462567">
        <ele>53.27</ele>
      </trkpt>
      <trkpt lat="43.67535352706909" lon="10.767009258270264">
        <ele>52.42</ele>
      </trkpt>
      <trkpt lat="43.67543935775757" lon="10.766687393188477">
        <ele>51.54</ele>
      </trkpt>
      <trkpt lat="43.675589645281434" lon="10.766440378502011">
        <ele>50.59</ele>
      </trkpt>
      <trkpt lat="43.675739765167236" lon="10.766193866729736">
        <ele>49.76</ele>
      </trkpt>
      <trkpt lat="43.675739765167236" lon="10.76587200164795">
        <ele>48.93</ele>
      </trkpt>
      <trkpt lat="43.675707494840026" lon="10.765549298375845">
        <ele>48.16</ele>
      </trkpt>
      <trkpt lat="43.67567539215088" lon="10.765228271484375">
        <ele>47.57</ele>
      </trkpt>
      <trkpt lat="43.67568612098694" lon="10.764937838539481">
        <ele>47.12</ele>
      </trkpt>
      <trkpt lat="43.67569693364203" lon="10.764648914337158">
        <ele>46.76</ele>
      </trkpt>
      <trkpt lat="43.67570757865906" lon="10.764380022883415">
        <ele>46.5</ele>
      </trkpt>
      <trkpt lat="43.67571830749512" lon="10.76411247253418">
        <ele>46.43</ele>
      </trkpt>
      <trkpt lat="43.675750494003296" lon="10.763854309916496">
        <ele>46.37</ele>
      </trkpt>
      <trkpt lat="43.675782680511475" lon="10.76359748840332">
        <ele>46.41</ele>
      </trkpt>
      <trkpt lat="43.67573699913919" lon="10.763430017977953">
        <ele>46.62</ele>
      </trkpt>
      <trkpt lat="43.67565401829779" lon="10.7631254196167">
        <ele>46.97</ele>
      </trkpt>
      <trkpt lat="43.67539652623236" lon="10.762953758239746">
        <ele>47.47</ele>
      </trkpt>
      <trkpt lat="43.6751389503479" lon="10.762782096862793">
        <ele>48.01</ele>
      </trkpt>
      <trkpt lat="43.67493527010083" lon="10.762696266174316">
        <ele>48.52</ele>
      </trkpt>
      <trkpt lat="43.67473133839667" lon="10.76261043548584">
        <ele>49.04</ele>
      </trkpt>
      <trkpt lat="43.674470242112875" lon="10.762575650587678">
        <ele>49.58</ele>
      </trkpt>
      <trkpt lat="43.67440947331488" lon="10.762567520141602">
        <ele>50.18</ele>
      </trkpt>
      <trkpt lat="43.67410906590521" lon="10.76258897781372">
        <ele>50.84</ele>
      </trkpt>
      <trkpt lat="43.673837492242455" lon="10.762653267011046">
        <ele>51.6</ele>
      </trkpt>
      <trkpt lat="43.6735659185797" lon="10.762717556208372">
        <ele>52.42</ele>
      </trkpt>
      <trkpt lat="43.67329442873597" lon="10.762781845405698">
        <ele>53.21</ele>
      </trkpt>
      <trkpt lat="43.673022855073214" lon="10.762846218422055">
        <ele>54.1</ele>
      </trkpt>
      <trkpt lat="43.672751281410456" lon="10.762910507619381">
        <ele>55.15</ele>
      </trkpt>
      <trkpt lat="43.67247819900513" lon="10.762975215911865">
        <ele>56.28</ele>
      </trkpt>
      <trkpt lat="43.67245674133301" lon="10.7631254196167">
        <ele>57.48</ele>
      </trkpt>
      <trkpt lat="43.67241382598877" lon="10.763490200042725">
        <ele>58.96</ele>
      </trkpt>
      <trkpt lat="43.672306537628174" lon="10.763790607452393">
        <ele>60.37</ele>
      </trkpt>
      <trkpt lat="43.67217779159546" lon="10.764069557189941">
        <ele>61.77</ele>
      </trkpt>
      <trkpt lat="43.67198467254639" lon="10.764241218566895">
        <ele>63.09</ele>
      </trkpt>
      <trkpt lat="43.671752912923694" lon="10.764357056468725">
        <ele>64.44</ele>
      </trkpt>
      <trkpt lat="43.671520901843905" lon="10.76447306200862">
        <ele>65.88</ele>
      </trkpt>
      <trkpt lat="43.671512603759766" lon="10.764477252960205">
        <ele>67.41</ele>
      </trkpt>
      <trkpt lat="43.67137312889099" lon="10.764595186337829">
        <ele>69.08</ele>
      </trkpt>
      <trkpt lat="43.67123365402222" lon="10.764713287353516">
        <ele>70.89</ele>
      </trkpt>
      <trkpt lat="43.670997619628906" lon="10.76484203338623">
        <ele>72.65</ele>
      </trkpt>
      <trkpt lat="43.67086887359619" lon="10.764970779418945">
        <ele>74.57</ele>
      </trkpt>
      <trkpt lat="43.670783042907715" lon="10.76512098312378">
        <ele>76.54</ele>
      </trkpt>
      <trkpt lat="43.670761585235596" lon="10.765442848205566">
        <ele>78.76</ele>
      </trkpt>
      <trkpt lat="43.67060056887567" lon="10.76561450958252">
        <ele>80.57</ele>
      </trkpt>
      <trkpt lat="43.67043972015381" lon="10.765786170959473">
        <ele>82.48</ele>
      </trkpt>
      <trkpt lat="43.67044919170439" lon="10.766005106270313">
        <ele>84.71</ele>
      </trkpt>
      <trkpt lat="43.67045874707401" lon="10.766223035752773">
        <ele>86.93</ele>
      </trkpt>
      <trkpt lat="43.67046117782593" lon="10.766279697418213">
        <ele>89.04</ele>
      </trkpt>
      <trkpt lat="43.67034290917218" lon="10.766645148396492">
        <ele>91.26</ele>
      </trkpt>
      <trkpt lat="43.67022522725165" lon="10.767009258270264">
        <ele>93.57</ele>
      </trkpt>
      <trkpt lat="43.67022514343262" lon="10.767009258270264">
        <ele>95.69</ele>
      </trkpt>
      <trkpt lat="43.670053482055664" lon="10.767127191647887">
        <ele>97.77</ele>
      </trkpt>
      <trkpt lat="43.66988182067871" lon="10.767245292663574">
        <ele>99.92</ele>
      </trkpt>
      <trkpt lat="43.66960312239826" lon="10.767322406172752">
        <ele>102.1</ele>
      </trkpt>
      <trkpt lat="43.669324424117804" lon="10.767399603500962">
        <ele>104.35</ele>
      </trkpt>
      <trkpt lat="43.66904572583735" lon="10.767476800829172">
        <ele>106.66</ele>
      </trkpt>
      <trkpt lat="43.668767027556896" lon="10.76755391433835">
        <ele>108.86</ele>
      </trkpt>
      <trkpt lat="43.66848707199097" lon="10.767631530761719">
        <ele>111.05</ele>
      </trkpt>
      <trkpt lat="43.668186916038394" lon="10.76762080192566">
        <ele>113.3</ele>
      </trkpt>
      <trkpt lat="43.66788625717163" lon="10.7676100730896">
        <ele>115.48</ele>
      </trkpt>
      <trkpt lat="43.66772532463074" lon="10.767502784729004">
        <ele>117.47</ele>
      </trkpt>
      <trkpt lat="43.667564392089844" lon="10.767395496368408">
        <ele>119.36</ele>
      </trkpt>
      <trkpt lat="43.66732835769653" lon="10.76735258102417">
        <ele>121.07</ele>
      </trkpt>
      <trkpt lat="43.6670708656311" lon="10.767395496368408">
        <ele>122.76</ele>
      </trkpt>
      <trkpt lat="43.66698503494263" lon="10.767459869384766">
        <ele>124.27</ele>
      </trkpt>
      <trkpt lat="43.66689920425415" lon="10.767459869384766">
        <ele>125.68</ele>
      </trkpt>
      <trkpt lat="43.66669544018805" lon="10.767374038696289">
        <ele>127.01</ele>
      </trkpt>
      <trkpt lat="43.66649150848389" lon="10.767288208007812">
        <ele>128.15</ele>
      </trkpt>
      <trkpt lat="43.66642713546753" lon="10.767309665679932">
        <ele>129.21</ele>
      </trkpt>
      <trkpt lat="43.666255474090576" lon="10.767288208007812">
        <ele>130.18</ele>
      </trkpt>
      <trkpt lat="43.666094625368714" lon="10.767213106155396">
        <ele>131.08</ele>
      </trkpt>
      <trkpt lat="43.66593360900879" lon="10.767138004302979">
        <ele>132</ele>
      </trkpt>
      <trkpt lat="43.66584777832031" lon="10.76709508895874">
        <ele>132.69</ele>
      </trkpt>
      <trkpt lat="43.665665220469236" lon="10.766869615763426">
        <ele>133.39</ele>
      </trkpt>
      <trkpt lat="43.66548299789429" lon="10.766644477844238">
        <ele>133.84</ele>
      </trkpt>
      <trkpt lat="43.66535425186157" lon="10.7666015625">
        <ele>134.02</ele>
      </trkpt>
      <trkpt lat="43.66517186164856" lon="10.766440629959106">
        <ele>134.07</ele>
      </trkpt>
      <trkpt lat="43.66498947143555" lon="10.766279697418213">
        <ele>133.97</ele>
      </trkpt>
      <trkpt lat="43.664810517802835" lon="10.766043495386839">
        <ele>133.77</ele>
      </trkpt>
      <trkpt lat="43.66463156417012" lon="10.765807293355465">
        <ele>133.41</ele>
      </trkpt>
      <trkpt lat="43.66445302963257" lon="10.765571594238281">
        <ele>132.81</ele>
      </trkpt>
      <trkpt lat="43.66434574127197" lon="10.765314102172852">
        <ele>131.95</ele>
      </trkpt>
      <trkpt lat="43.66423845291138" lon="10.765185356140137">
        <ele>131.17</ele>
      </trkpt>
      <trkpt lat="43.664014991372824" lon="10.765027105808258">
        <ele>130.32</ele>
      </trkpt>
      <trkpt lat="43.66379144601524" lon="10.764868771657348">
        <ele>129.35</ele>
      </trkpt>
      <trkpt lat="43.66372346878052" lon="10.764820575714111">
        <ele>128.38</ele>
      </trkpt>
      <trkpt lat="43.663573348894715" lon="10.764648914337158">
        <ele>127.34</ele>
      </trkpt>
      <trkpt lat="43.66335868835449" lon="10.764713287353516">
        <ele>126.23</ele>
      </trkpt>
      <trkpt lat="43.66304428316653" lon="10.764699038118124">
        <ele>125.15</ele>
      </trkpt>
      <trkpt lat="43.66288661956787" lon="10.764691829681396">
        <ele>124.14</ele>
      </trkpt>
      <trkpt lat="43.66265058517456" lon="10.764648914337158">
        <ele>123.15</ele>
      </trkpt>
      <trkpt lat="43.66241455078125" lon="10.764520168304443">
        <ele>122.19</ele>
      </trkpt>
      <trkpt lat="43.662237441167235" lon="10.764357140287757">
        <ele>121.29</ele>
      </trkpt>
      <trkpt lat="43.66206033155322" lon="10.764194279909134">
        <ele>120.46</ele>
      </trkpt>
      <trkpt lat="43.66187810897827" lon="10.764026641845703">
        <ele>119.65</ele>
      </trkpt>
      <trkpt lat="43.66172790527344" lon="10.763919353485107">
        <ele>118.9</ele>
      </trkpt>
      <trkpt lat="43.661463456228375" lon="10.763812148943543">
        <ele>118.08</ele>
      </trkpt>
      <trkpt lat="43.66119900718331" lon="10.76370494440198">
        <ele>117.43</ele>
      </trkpt>
      <trkpt lat="43.66093397140503" lon="10.76359748840332">
        <ele>117.04</ele>
      </trkpt>
      <trkpt lat="43.66093405522406" lon="10.76359748840332">
        <ele>116.77</ele>
      </trkpt>
      <trkpt lat="43.660832131281495" lon="10.763648450374603">
        <ele>116.67</ele>
      </trkpt>
      <trkpt lat="43.66084252484143" lon="10.763643169775605">
        <ele>116.57</ele>
      </trkpt>
      <trkpt lat="43.66093397140503" lon="10.76359748840332">
        <ele>117.04</ele>
      </trkpt>
      <trkpt lat="43.660805225372314" lon="10.763511657714844">
        <ele>116.62</ele>
      </trkpt>
      <trkpt lat="43.66058008745313" lon="10.763425827026367">
        <ele>116.91</ele>
      </trkpt>
      <trkpt lat="43.66035461425781" lon="10.76333999633789">
        <ele>117.25</ele>
      </trkpt>
      <trkpt lat="43.66016141138971" lon="10.763146793469787">
        <ele>117.6</ele>
      </trkpt>
      <trkpt lat="43.65996837615967" lon="10.762953758239746">
        <ele>117.99</ele>
      </trkpt>
      <trkpt lat="43.65990400314331" lon="10.762803554534912">
        <ele>118.16</ele>
      </trkpt>
      <trkpt lat="43.65983963012695" lon="10.762546062469482">
        <ele>118.31</ele>
      </trkpt>
      <trkpt lat="43.659818172454834" lon="10.7621169090271">
        <ele>118.29</ele>
      </trkpt>
      <trkpt lat="43.659834768623114" lon="10.761967459693551">
        <ele>118.26</ele>
      </trkpt>
      <trkpt lat="43.65986108779907" lon="10.761730670928955">
        <ele>118.2</ele>
      </trkpt>
      <trkpt lat="43.65996837615967" lon="10.761494636535645">
        <ele>117.99</ele>
      </trkpt>
      <trkpt lat="43.6601185798645" lon="10.76136589050293">
        <ele>117.62</ele>
      </trkpt>
      <trkpt lat="43.66035461425781" lon="10.761172771453857">
        <ele>117.07</ele>
      </trkpt>
      <trkpt lat="43.660597521811724" lon="10.76108694076538">
        <ele>116.38</ele>
      </trkpt>
      <trkpt lat="43.66084051318467" lon="10.761001193895936">
        <ele>115.52</ele>
      </trkpt>
      <trkpt lat="43.66108417510986" lon="10.760915279388428">
        <ele>114.56</ele>
      </trkpt>
      <trkpt lat="43.66136312484741" lon="10.760743618011475">
        <ele>113.49</ele>
      </trkpt>
      <trkpt lat="43.661545515060425" lon="10.76052887365222">
        <ele>112.28</ele>
      </trkpt>
      <trkpt lat="43.66172790527344" lon="10.760314464569092">
        <ele>110.97</ele>
      </trkpt>
      <trkpt lat="43.661736035719514" lon="10.760295521467924">
        <ele>109.5</ele>
      </trkpt>
      <trkpt lat="43.661792278289795" lon="10.760164260864258">
        <ele>107.8</ele>
      </trkpt>
      <trkpt lat="43.661813735961914" lon="10.759906768798828">
        <ele>105.97</ele>
      </trkpt>
      <trkpt lat="43.661770820617676" lon="10.759735107421875">
        <ele>104.06</ele>
      </trkpt>
      <trkpt lat="43.6616849899292" lon="10.759735107421875">
        <ele>101.94</ele>
      </trkpt>
      <trkpt lat="43.6615777015686" lon="10.75960636138916">
        <ele>99.57</ele>
      </trkpt>
      <trkpt lat="43.66147041320801" lon="10.75937032699585">
        <ele>97.05</ele>
      </trkpt>
      <trkpt lat="43.66144895553589" lon="10.759198665618896">
        <ele>94.5</ele>
      </trkpt>
      <trkpt lat="43.66135214455426" lon="10.758897671476007">
        <ele>91.59</ele>
      </trkpt>
      <trkpt lat="43.661255836486816" lon="10.75859785079956">
        <ele>88.57</ele>
      </trkpt>
      <trkpt lat="43.66122272796929" lon="10.758426692336798">
        <ele>85.62</ele>
      </trkpt>
      <trkpt lat="43.66117478348315" lon="10.75817909091711">
        <ele>82.62</ele>
      </trkpt>
      <trkpt lat="43.6611270904541" lon="10.757932662963867">
        <ele>79.66</ele>
      </trkpt>
      <trkpt lat="43.66095517762005" lon="10.757610378786922">
        <ele>76.33</ele>
      </trkpt>
      <trkpt lat="43.66078334860504" lon="10.757288094609976">
        <ele>72.89</ele>
      </trkpt>
      <trkpt lat="43.66061210632324" lon="10.756967067718506">
        <ele>69.47</ele>
      </trkpt>
      <trkpt lat="43.66044740192592" lon="10.75668778270483">
        <ele>66.16</ele>
      </trkpt>
      <trkpt lat="43.6602826975286" lon="10.756408581510186">
        <ele>62.91</ele>
      </trkpt>
      <trkpt lat="43.6601185798645" lon="10.75613021850586">
        <ele>59.71</ele>
      </trkpt>
      <trkpt lat="43.660032749176025" lon="10.755808353424072">
        <ele>56.62</ele>
      </trkpt>
      <trkpt lat="43.659996623173356" lon="10.75545103289187">
        <ele>53.71</ele>
      </trkpt>
      <trkpt lat="43.65996049717069" lon="10.755093796178699">
        <ele>50.9</ele>
      </trkpt>
      <trkpt lat="43.65992437116802" lon="10.754736475646496">
        <ele>48.19</ele>
      </trkpt>
      <trkpt lat="43.65988824516535" lon="10.754379238933325">
        <ele>45.74</ele>
      </trkpt>
      <trkpt lat="43.65985253825784" lon="10.75402619317174">
        <ele>43.45</ele>
      </trkpt>
      <trkpt lat="43.65983963012695" lon="10.753898620605469">
        <ele>37.74</ele>
      </trkpt>
      <trkpt lat="43.65960359573364" lon="10.754005908966064">
        <ele>37.86</ele>
      </trkpt>
      <trkpt lat="43.65936756134033" lon="10.754263401031494">
        <ele>38</ele>
      </trkpt>
      <trkpt lat="43.65914217196405" lon="10.754528101533651">
        <ele>36.7</ele>
      </trkpt>
      <trkpt lat="43.65891678258777" lon="10.75479288585484">
        <ele>35.54</ele>
      </trkpt>
      <trkpt lat="43.658691393211484" lon="10.755057586356997">
        <ele>34.61</ele>
      </trkpt>
      <trkpt lat="43.6584660038352" lon="10.755322370678186">
        <ele>33.86</ele>
      </trkpt>
      <trkpt lat="43.65824061445892" lon="10.755587154999375">
        <ele>33.32</ele>
      </trkpt>
      <trkpt lat="43.65801581181586" lon="10.75585126876831">
        <ele>39.36</ele>
      </trkpt>
      <trkpt lat="43.65788698196411" lon="10.756001472473145">
        <ele>39.62</ele>
      </trkpt>
      <trkpt lat="43.65776879712939" lon="10.75622702948749">
        <ele>39.94</ele>
      </trkpt>
      <trkpt lat="43.6576509475708" lon="10.756452083587646">
        <ele>40.29</ele>
      </trkpt>
      <trkpt lat="43.65750074386597" lon="10.756816864013672">
        <ele>40.7</ele>
      </trkpt>
      <trkpt lat="43.65737199783325" lon="10.756988525390625">
        <ele>40.92</ele>
      </trkpt>
      <trkpt lat="43.65720042027533" lon="10.75706354342401">
        <ele>41.03</ele>
      </trkpt>
      <trkpt lat="43.657028675079346" lon="10.757138729095459">
        <ele>41.12</ele>
      </trkpt>
      <trkpt lat="43.65679289214313" lon="10.757160102948546">
        <ele>41.22</ele>
      </trkpt>
      <trkpt lat="43.656556606292725" lon="10.757181644439697">
        <ele>41.35</ele>
      </trkpt>
      <trkpt lat="43.656320571899414" lon="10.75735330581665">
        <ele>41.43</ele>
      </trkpt>
      <trkpt lat="43.65612753666937" lon="10.75737476348877">
        <ele>41.48</ele>
      </trkpt>
      <trkpt lat="43.655913127586246" lon="10.757321119308472">
        <ele>41.52</ele>
      </trkpt>
      <trkpt lat="43.65569838322699" lon="10.757267475128174">
        <ele>41.5</ele>
      </trkpt>
      <trkpt lat="43.655441142618656" lon="10.757224559783936">
        <ele>41.39</ele>
      </trkpt>
      <trkpt lat="43.65518390201032" lon="10.757181728258729">
        <ele>41.19</ele>
      </trkpt>
      <trkpt lat="43.6549259070307" lon="10.757138729095459">
        <ele>40.92</ele>
      </trkpt>
      <trkpt lat="43.654840076342225" lon="10.75711727142334">
        <ele>40.63</ele>
      </trkpt>
      <trkpt lat="43.654582500457764" lon="10.75709581375122">
        <ele>40.24</ele>
      </trkpt>
      <trkpt lat="43.65438938140869" lon="10.757224559783936">
        <ele>39.88</ele>
      </trkpt>
      <trkpt lat="43.65418176166713" lon="10.757503677159548">
        <ele>39.42</ele>
      </trkpt>
      <trkpt lat="43.653974225744605" lon="10.75778279453516">
        <ele>38.96</ele>
      </trkpt>
      <trkpt lat="43.653767108917236" lon="10.758061408996582">
        <ele>38.55</ele>
      </trkpt>
      <trkpt lat="43.653552532196045" lon="10.758275985717773">
        <ele>38.2</ele>
      </trkpt>
      <trkpt lat="43.653316497802734" lon="10.75838327407837">
        <ele>37.95</ele>
      </trkpt>
      <trkpt lat="43.653112817555666" lon="10.758426105603576">
        <ele>37.68</ele>
      </trkpt>
      <trkpt lat="43.65290880203247" lon="10.758469104766846">
        <ele>37.34</ele>
      </trkpt>
      <trkpt lat="43.65262985229492" lon="10.758447647094727">
        <ele>36.93</ele>
      </trkpt>
      <trkpt lat="43.65243673324585" lon="10.758554935455322">
        <ele>36.19</ele>
      </trkpt>
      <trkpt lat="43.65222919732332" lon="10.758812511339784">
        <ele>41.48</ele>
      </trkpt>
      <trkpt lat="43.652021661400795" lon="10.759070171043277">
        <ele>41.68</ele>
      </trkpt>
      <trkpt lat="43.651814544573426" lon="10.759327411651611">
        <ele>41.87</ele>
      </trkpt>
      <trkpt lat="43.65158907137811" lon="10.759606445208192">
        <ele>42.11</ele>
      </trkpt>
      <trkpt lat="43.65136384963989" lon="10.759885311126709">
        <ele>42.44</ele>
      </trkpt>
      <trkpt lat="43.65113879553974" lon="10.760117406025529">
        <ele>42.67</ele>
      </trkpt>
      <trkpt lat="43.65091382525861" lon="10.76034958474338">
        <ele>42.87</ele>
      </trkpt>
      <trkpt lat="43.65068885497749" lon="10.7605816796422">
        <ele>42.96</ele>
      </trkpt>
      <trkpt lat="43.650463884696364" lon="10.760813858360052">
        <ele>42.99</ele>
      </trkpt>
      <trkpt lat="43.65023891441524" lon="10.761045953258872">
        <ele>43.1</ele>
      </trkpt>
      <trkpt lat="43.65001419559121" lon="10.761277880519629">
        <ele>43.23</ele>
      </trkpt>
      <trkpt lat="43.65001419559121" lon="10.761277796700597">
        <ele>43.34</ele>
      </trkpt>
      <trkpt lat="43.65001201629639" lon="10.761280059814453">
        <ele>43.44</ele>
      </trkpt>
      <trkpt lat="43.64979140460491" lon="10.761535624042153">
        <ele>43.52</ele>
      </trkpt>
      <trkpt lat="43.64957079291344" lon="10.761791272088885">
        <ele>43.63</ele>
      </trkpt>
      <trkpt lat="43.64935018122196" lon="10.762046836316586">
        <ele>43.75</ele>
      </trkpt>
      <trkpt lat="43.64912956953049" lon="10.762302484363317">
        <ele>43.92</ele>
      </trkpt>
      <trkpt lat="43.6489094607532" lon="10.76255762949586">
        <ele>44.02</ele>
      </trkpt>
      <trkpt lat="43.64878473803401" lon="10.762702049687505">
        <ele>44.09</ele>
      </trkpt>
      <trkpt lat="43.64866018295288" lon="10.76284646987915">
        <ele>44.17</ele>
      </trkpt>
      <trkpt lat="43.64848860539496" lon="10.762932300567627">
        <ele>44.26</ele>
      </trkpt>
      <trkpt lat="43.64838123321533" lon="10.762953758239746">
        <ele>44.33</ele>
      </trkpt>
      <trkpt lat="43.64826304838061" lon="10.763168502599001">
        <ele>44.5</ele>
      </trkpt>
      <trkpt lat="43.64814519882202" lon="10.763382911682129">
        <ele>44.66</ele>
      </trkpt>
      <trkpt lat="43.648059368133545" lon="10.763468742370605">
        <ele>44.74</ele>
      </trkpt>
      <trkpt lat="43.647823333740234" lon="10.763297080993652">
        <ele>44.72</ele>
      </trkpt>
      <trkpt lat="43.64788770675659" lon="10.763576030731201">
        <ele>44.92</ele>
      </trkpt>
      <trkpt lat="43.64788770675659" lon="10.763812065124512">
        <ele>45.1</ele>
      </trkpt>
      <trkpt lat="43.647780418395996" lon="10.764133930206299">
        <ele>45.21</ele>
      </trkpt>
      <trkpt lat="43.64761638455093" lon="10.76443693600595">
        <ele>45.44</ele>
      </trkpt>
      <trkpt lat="43.647452434524894" lon="10.764739941805601">
        <ele>45.62</ele>
      </trkpt>
      <trkpt lat="43.64728848449886" lon="10.765043031424284">
        <ele>45.79</ele>
      </trkpt>
      <trkpt lat="43.64712453447282" lon="10.765346037223935">
        <ele>45.89</ele>
      </trkpt>
      <trkpt lat="43.64696058444679" lon="10.765649126842618">
        <ele>46.06</ele>
      </trkpt>
      <trkpt lat="43.6467978078872" lon="10.765950037166476">
        <ele>46.29</ele>
      </trkpt>
      <trkpt lat="43.64662002772093" lon="10.7662786077708">
        <ele>46.54</ele>
      </trkpt>
      <trkpt lat="43.64644224755466" lon="10.766607178375125">
        <ele>46.86</ele>
      </trkpt>
      <trkpt lat="43.64626446738839" lon="10.76693574897945">
        <ele>47.02</ele>
      </trkpt>
      <trkpt lat="43.64608668722212" lon="10.767264403402805">
        <ele>47.2</ele>
      </trkpt>
      <trkpt lat="43.645908907055855" lon="10.76759297400713">
        <ele>47.35</ele>
      </trkpt>
      <trkpt lat="43.64573112688959" lon="10.767921544611454">
        <ele>47.36</ele>
      </trkpt>
      <trkpt lat="43.64555334672332" lon="10.76825019903481">
        <ele>47.35</ele>
      </trkpt>
      <trkpt lat="43.645377242937684" lon="10.768575668334961">
        <ele>47.4</ele>
      </trkpt>
      <trkpt lat="43.64537715911865" lon="10.768575668334961">
        <ele>47.47</ele>
      </trkpt>
      <trkpt lat="43.64523969590664" lon="10.768806003034115">
        <ele>47.53</ele>
      </trkpt>
      <trkpt lat="43.64507541060448" lon="10.769081264734268">
        <ele>47.53</ele>
      </trkpt>
      <trkpt lat="43.644911125302315" lon="10.769356526434422">
        <ele>47.57</ele>
      </trkpt>
      <trkpt lat="43.64474684000015" lon="10.769631871953607">
        <ele>47.62</ele>
      </trkpt>
      <trkpt lat="43.644583225250244" lon="10.769906044006348">
        <ele>47.68</ele>
      </trkpt>
      <trkpt lat="43.644443498924375" lon="10.770249869674444">
        <ele>47.72</ele>
      </trkpt>
      <trkpt lat="43.644304275512695" lon="10.77059268951416">
        <ele>47.72</ele>
      </trkpt>
      <trkpt lat="43.64418961107731" lon="10.770907932892442">
        <ele>47.79</ele>
      </trkpt>
      <trkpt lat="43.644075030460954" lon="10.771223176270723">
        <ele>47.9</ele>
      </trkpt>
      <trkpt lat="43.64396103657782" lon="10.771536827087402">
        <ele>48.02</ele>
      </trkpt>
      <trkpt lat="43.643832206726074" lon="10.771880149841309">
        <ele>48.2</ele>
      </trkpt>
      <trkpt lat="43.64368409849703" lon="10.77223353087902">
        <ele>48.23</ele>
      </trkpt>
      <trkpt lat="43.643536074087024" lon="10.772586911916733">
        <ele>48.23</ele>
      </trkpt>
      <trkpt lat="43.643388049677014" lon="10.772940376773477">
        <ele>48.18</ele>
      </trkpt>
      <trkpt lat="43.643240025267005" lon="10.773293757811189">
        <ele>48.21</ele>
      </trkpt>
      <trkpt lat="43.643092000856996" lon="10.773647222667933">
        <ele>48.22</ele>
      </trkpt>
      <trkpt lat="43.642943976446986" lon="10.774000603705645">
        <ele>48.26</ele>
      </trkpt>
      <trkpt lat="43.642795868217945" lon="10.774353984743357">
        <ele>48.21</ele>
      </trkpt>
      <trkpt lat="43.642647843807936" lon="10.7747074496001">
        <ele>48.2</ele>
      </trkpt>
      <trkpt lat="43.64250191487372" lon="10.775055885314941">
        <ele>48.1</ele>
      </trkpt>
      <trkpt lat="43.64250183105469" lon="10.775055885314941">
        <ele>47.93</ele>
      </trkpt>
      <trkpt lat="43.642415748909116" lon="10.775421420112252">
        <ele>47.76</ele>
      </trkpt>
      <trkpt lat="43.642330169677734" lon="10.775785446166992">
        <ele>47.48</ele>
      </trkpt>
      <trkpt lat="43.642308712005615" lon="10.776150226593018">
        <ele>47.27</ele>
      </trkpt>
      <trkpt lat="43.64230452105403" lon="10.776516683399677">
        <ele>47.01</ele>
      </trkpt>
      <trkpt lat="43.642300413921475" lon="10.776881463825703">
        <ele>46.74</ele>
      </trkpt>
      <trkpt lat="43.642300413921475" lon="10.776881380006671">
        <ele>46.44</ele>
      </trkpt>
      <trkpt lat="43.642295971512794" lon="10.777267953380942">
        <ele>46.07</ele>
      </trkpt>
      <trkpt lat="43.642291612923145" lon="10.777654610574245">
        <ele>45.76</ele>
      </trkpt>
      <trkpt lat="43.642287254333496" lon="10.778038501739502">
        <ele>45.45</ele>
      </trkpt>
      <trkpt lat="43.642254984006286" lon="10.778275039047003">
        <ele>45.13</ele>
      </trkpt>
      <trkpt lat="43.64222288131714" lon="10.778510570526123">
        <ele>44.92</ele>
      </trkpt>
      <trkpt lat="43.64215834066272" lon="10.778822377324104">
        <ele>44.83</ele>
      </trkpt>
      <trkpt lat="43.642094135284424" lon="10.779132843017578">
        <ele>44.86</ele>
      </trkpt>
      <trkpt lat="43.642072677612305" lon="10.77934741973877">
        <ele>44.96</ele>
      </trkpt>
      <trkpt lat="43.64181543700397" lon="10.779293775558472">
        <ele>44.98</ele>
      </trkpt>
      <trkpt lat="43.641557693481445" lon="10.779240131378174">
        <ele>45.15</ele>
      </trkpt>
      <trkpt lat="43.641457026824355" lon="10.779203921556473">
        <ele>45.51</ele>
      </trkpt>
      <trkpt lat="43.64123926497996" lon="10.779125466942787">
        <ele>46.06</ele>
      </trkpt>
      <trkpt lat="43.64102125167847" lon="10.779047012329102">
        <ele>46.75</ele>
      </trkpt>
      <trkpt lat="43.64093542098999" lon="10.779047012329102">
        <ele>47.58</ele>
      </trkpt>
      <trkpt lat="43.64062462002039" lon="10.779004096984863">
        <ele>48.52</ele>
      </trkpt>
      <trkpt lat="43.64031323231757" lon="10.778961181640625">
        <ele>49.7</ele>
      </trkpt>
      <trkpt lat="43.640313148498535" lon="10.778961181640625">
        <ele>51.05</ele>
      </trkpt>
      <trkpt lat="43.64010946825147" lon="10.778918266296387">
        <ele>52.64</ele>
      </trkpt>
      <trkpt lat="43.63990545272827" lon="10.778875350952148">
        <ele>54.45</ele>
      </trkpt>
      <trkpt lat="43.63969095982611" lon="10.778617858886719">
        <ele>56.58</ele>
      </trkpt>
      <trkpt lat="43.63969087600708" lon="10.778617858886719">
        <ele>58.65</ele>
      </trkpt>
      <trkpt lat="43.639540672302246" lon="10.77833890914917">
        <ele>61.11</ele>
      </trkpt>
      <trkpt lat="43.6394118424505" lon="10.778199350461364">
        <ele>63.63</ele>
      </trkpt>
      <trkpt lat="43.639283180236816" lon="10.778059959411621">
        <ele>66.32</ele>
      </trkpt>
      <trkpt lat="43.63913280889392" lon="10.777823673561215">
        <ele>69.21</ele>
      </trkpt>
      <trkpt lat="43.63898277282715" lon="10.777587890625">
        <ele>72.19</ele>
      </trkpt>
      <trkpt lat="43.638832569122314" lon="10.777416229248047">
        <ele>75.12</ele>
      </trkpt>
      <trkpt lat="43.63863945007324" lon="10.777373313903809">
        <ele>78.18</ele>
      </trkpt>
      <trkpt lat="43.63840341567993" lon="10.777437686920166">
        <ele>81.28</ele>
      </trkpt>
      <trkpt lat="43.63818883895874" lon="10.777587890625">
        <ele>84.3</ele>
      </trkpt>
      <trkpt lat="43.637969736009836" lon="10.777587890625">
        <ele>87.31</ele>
      </trkpt>
      <trkpt lat="43.6378005053848" lon="10.777587890625">
        <ele>90.32</ele>
      </trkpt>
      <trkpt lat="43.63763093948364" lon="10.777587890625">
        <ele>93.35</ele>
      </trkpt>
      <trkpt lat="43.637416530400515" lon="10.777544975280762">
        <ele>96.3</ele>
      </trkpt>
      <trkpt lat="43.63720178604126" lon="10.777502059936523">
        <ele>99.16</ele>
      </trkpt>
      <trkpt lat="43.63698746077716" lon="10.777501976117492">
        <ele>101.99</ele>
      </trkpt>
      <trkpt lat="43.63677271641791" lon="10.777502059936523">
        <ele>104.81</ele>
      </trkpt>
      <trkpt lat="43.63661186769605" lon="10.777491331100464">
        <ele>107.46</ele>
      </trkpt>
      <trkpt lat="43.63645076751709" lon="10.777480602264404">
        <ele>109.95</ele>
      </trkpt>
      <trkpt lat="43.636322021484375" lon="10.777416229248047">
        <ele>112.26</ele>
      </trkpt>
      <trkpt lat="43.63621473312378" lon="10.777244567871094">
        <ele>114.34</ele>
      </trkpt>
      <trkpt lat="43.63616092130542" lon="10.777029488235712">
        <ele>116.23</ele>
      </trkpt>
      <trkpt lat="43.636107444763184" lon="10.776815414428711">
        <ele>117.82</ele>
      </trkpt>
      <trkpt lat="43.63602161407471" lon="10.776729583740234">
        <ele>119.36</ele>
      </trkpt>
      <trkpt lat="43.63597869873047" lon="10.776751041412354">
        <ele>120.79</ele>
      </trkpt>
      <trkpt lat="43.63589286804199" lon="10.776901245117188">
        <ele>122.14</ele>
      </trkpt>
      <trkpt lat="43.63577535375953" lon="10.777266696095467">
        <ele>123.35</ele>
      </trkpt>
      <trkpt lat="43.63577535375953" lon="10.777266779914498">
        <ele>124.29</ele>
      </trkpt>
      <trkpt lat="43.63569974899292" lon="10.777502059936523">
        <ele>125.15</ele>
      </trkpt>
      <trkpt lat="43.635517191141844" lon="10.777770448476076">
        <ele>125.94</ele>
      </trkpt>
      <trkpt lat="43.635334968566895" lon="10.778038501739502">
        <ele>126.58</ele>
      </trkpt>
      <trkpt lat="43.63515266217291" lon="10.778134977445006">
        <ele>127.11</ele>
      </trkpt>
      <trkpt lat="43.63497018814087" lon="10.778231620788574">
        <ele>127.5</ele>
      </trkpt>
      <trkpt lat="43.634776985272765" lon="10.778424739837646">
        <ele>127.74</ele>
      </trkpt>
      <trkpt lat="43.634583950042725" lon="10.778617858886719">
        <ele>127.76</ele>
      </trkpt>
      <trkpt lat="43.63434087485075" lon="10.778717854991555">
        <ele>127.7</ele>
      </trkpt>
      <trkpt lat="43.63409788347781" lon="10.778817934915423">
        <ele>127.52</ele>
      </trkpt>
      <trkpt lat="43.633854389190674" lon="10.778918266296387">
        <ele>127.22</ele>
      </trkpt>
      <trkpt lat="43.63372564315796" lon="10.779154300689697">
        <ele>126.91</ele>
      </trkpt>
      <trkpt lat="43.63355381414294" lon="10.77936896122992">
        <ele>126.73</ele>
      </trkpt>
      <trkpt lat="43.63338232040405" lon="10.77958345413208">
        <ele>126.7</ele>
      </trkpt>
      <trkpt lat="43.63324619829655" lon="10.779869947582483">
        <ele>126.59</ele>
      </trkpt>
      <trkpt lat="43.63311007618904" lon="10.780156441032887">
        <ele>126.53</ele>
      </trkpt>
      <trkpt lat="43.63297462463379" lon="10.780441761016846">
        <ele>126.49</ele>
      </trkpt>
      <trkpt lat="43.63278150558472" lon="10.780634880065918">
        <ele>126.59</ele>
      </trkpt>
      <trkpt lat="43.632652843371034" lon="10.780699253082275">
        <ele>126.62</ele>
      </trkpt>
      <trkpt lat="43.63252401351929" lon="10.780699253082275">
        <ele>126.79</ele>
      </trkpt>
      <trkpt lat="43.63248109817505" lon="10.780763626098633">
        <ele>127.05</ele>
      </trkpt>
      <trkpt lat="43.63233072683215" lon="10.781032098457217">
        <ele>127.41</ele>
      </trkpt>
      <trkpt lat="43.63218077458441" lon="10.781300067901611">
        <ele>127.92</ele>
      </trkpt>
      <trkpt lat="43.63218069076538" lon="10.781300067901611">
        <ele>128.52</ele>
      </trkpt>
      <trkpt lat="43.632023027166724" lon="10.781651018187404">
        <ele>129.4</ele>
      </trkpt>
      <trkpt lat="43.6318654473871" lon="10.782001968473196">
        <ele>130.4</ele>
      </trkpt>
      <trkpt lat="43.63170862197876" lon="10.78235149383545">
        <ele>131.38</ele>
      </trkpt>
      <trkpt lat="43.6316011659801" lon="10.782534051686525">
        <ele>132.34</ele>
      </trkpt>
      <trkpt lat="43.63149404525757" lon="10.782716274261475">
        <ele>133.37</ele>
      </trkpt>
      <trkpt lat="43.63136529922485" lon="10.7830810546875">
        <ele>134.6</ele>
      </trkpt>
      <trkpt lat="43.63119347020984" lon="10.783295715227723">
        <ele>135.92</ele>
      </trkpt>
      <trkpt lat="43.63102197647095" lon="10.783510208129883">
        <ele>137.47</ele>
      </trkpt>
      <trkpt lat="43.631043434143066" lon="10.783660411834717">
        <ele>138.9</ele>
      </trkpt>
      <trkpt lat="43.631129348650575" lon="10.783907594159245">
        <ele>140.36</ele>
      </trkpt>
      <trkpt lat="43.63121509552002" lon="10.784153938293457">
        <ele>141.8</ele>
      </trkpt>
      <trkpt lat="43.63121509552002" lon="10.784422745928168">
        <ele>143.29</ele>
      </trkpt>
      <trkpt lat="43.63121509552002" lon="10.784690380096436">
        <ele>144.77</ele>
      </trkpt>
      <trkpt lat="43.63127946853638" lon="10.784862041473389">
        <ele>146.02</ele>
      </trkpt>
      <trkpt lat="43.631376111879945" lon="10.785033870488405">
        <ele>147.16</ele>
      </trkpt>
      <trkpt lat="43.63147258758545" lon="10.785205364227295">
        <ele>148.25</ele>
      </trkpt>
      <trkpt lat="43.63149404525757" lon="10.78533411026001">
        <ele>149.42</ele>
      </trkpt>
      <trkpt lat="43.63140821456909" lon="10.78557014465332">
        <ele>150.58</ele>
      </trkpt>
      <trkpt lat="43.631322383880615" lon="10.785655975341797">
        <ele>151.76</ele>
      </trkpt>
      <trkpt lat="43.631091797724366" lon="10.78579000197351">
        <ele>153.02</ele>
      </trkpt>
      <trkpt lat="43.63086129538715" lon="10.785924028605223">
        <ele>154.28</ele>
      </trkpt>
      <trkpt lat="43.6306307092309" lon="10.786058055236936">
        <ele>155.4</ele>
      </trkpt>
      <trkpt lat="43.63039970397949" lon="10.786192417144775">
        <ele>156.28</ele>
      </trkpt>
      <trkpt lat="43.63011027686298" lon="10.78626743517816">
        <ele>157.11</ele>
      </trkpt>
      <trkpt lat="43.629820346832275" lon="10.78634262084961">
        <ele>157.79</ele>
      </trkpt>
      <trkpt lat="43.62956293858588" lon="10.786428451538086">
        <ele>158.3</ele>
      </trkpt>
      <trkpt lat="43.629562854766846" lon="10.786428451538086">
        <ele>158.87</ele>
      </trkpt>
      <trkpt lat="43.62938046455383" lon="10.786557113751769">
        <ele>159.33</ele>
      </trkpt>
      <trkpt lat="43.62919807434082" lon="10.786685943603516">
        <ele>159.94</ele>
      </trkpt>
      <trkpt lat="43.62896203994751" lon="10.786771774291992">
        <ele>160.35</ele>
      </trkpt>
      <trkpt lat="43.62870454788208" lon="10.786921977996826">
        <ele>160.95</ele>
      </trkpt>
      <trkpt lat="43.628597259521484" lon="10.786943435668945">
        <ele>161.32</ele>
      </trkpt>
      <trkpt lat="43.62831856124103" lon="10.786857604980469">
        <ele>161.54</ele>
      </trkpt>
      <trkpt lat="43.62803986296058" lon="10.786771858111024">
        <ele>161.88</ele>
      </trkpt>
      <trkpt lat="43.62776116468012" lon="10.786686111241579">
        <ele>162.17</ele>
      </trkpt>
      <trkpt lat="43.62748154439032" lon="10.786600112915039">
        <ele>162.42</ele>
      </trkpt>
      <trkpt lat="43.62722053192556" lon="10.786449909210205">
        <ele>162.76</ele>
      </trkpt>
      <trkpt lat="43.62695960327983" lon="10.786299789324403">
        <ele>163.09</ele>
      </trkpt>
      <trkpt lat="43.6266986746341" lon="10.7861496694386">
        <ele>163.62</ele>
      </trkpt>
      <trkpt lat="43.62643774598837" lon="10.785999549552798">
        <ele>164.32</ele>
      </trkpt>
      <trkpt lat="43.62617681734264" lon="10.785849429666996">
        <ele>165.14</ele>
      </trkpt>
      <trkpt lat="43.62591505050659" lon="10.785698890686035">
        <ele>166.11</ele>
      </trkpt>
      <trkpt lat="43.62578638829291" lon="10.785527229309082">
        <ele>167.09</ele>
      </trkpt>
      <trkpt lat="43.625486232340336" lon="10.785484313964844">
        <ele>168.08</ele>
      </trkpt>
      <trkpt lat="43.62518548965454" lon="10.785441398620605">
        <ele>169.09</ele>
      </trkpt>
      <trkpt lat="43.62492824904621" lon="10.785436034202576">
        <ele>170.19</ele>
      </trkpt>
      <trkpt lat="43.62467100843787" lon="10.785430669784546">
        <ele>171.33</ele>
      </trkpt>
      <trkpt lat="43.62441385164857" lon="10.785425305366516">
        <ele>172.49</ele>
      </trkpt>
      <trkpt lat="43.62415552139282" lon="10.785419940948486">
        <ele>173.72</ele>
      </trkpt>
      <trkpt lat="43.624069690704346" lon="10.785398483276367">
        <ele>174.93</ele>
      </trkpt>
      <trkpt lat="43.62389802932739" lon="10.785280466079712">
        <ele>176.26</ele>
      </trkpt>
      <trkpt lat="43.62372636795044" lon="10.785162448883057">
        <ele>177.61</ele>
      </trkpt>
      <trkpt lat="43.62356551922858" lon="10.785130262374878">
        <ele>178.84</ele>
      </trkpt>
      <trkpt lat="43.62340450286865" lon="10.7850980758667">
        <ele>180</ele>
      </trkpt>
      <trkpt lat="43.62321138381958" lon="10.785291194915771">
        <ele>180.94</ele>
      </trkpt>
      <trkpt lat="43.62304667942226" lon="10.785548854619265">
        <ele>181.67</ele>
      </trkpt>
      <trkpt lat="43.62288205884397" lon="10.78580659814179">
        <ele>182.22</ele>
      </trkpt>
      <trkpt lat="43.62271785736084" lon="10.78606367111206">
        <ele>182.53</ele>
      </trkpt>
      <trkpt lat="43.6226318590343" lon="10.786246312782168">
        <ele>182.85</ele>
      </trkpt>
      <trkpt lat="43.62254619598389" lon="10.786428451538086">
        <ele>183.24</ele>
      </trkpt>
      <trkpt lat="43.62252473831177" lon="10.78657865524292">
        <ele>183.59</ele>
      </trkpt>
      <trkpt lat="43.62252473831177" lon="10.786842098459601">
        <ele>183.95</ele>
      </trkpt>
      <trkpt lat="43.62252473831177" lon="10.787104368209839">
        <ele>184.12</ele>
      </trkpt>
      <trkpt lat="43.62252473831177" lon="10.787394046783447">
        <ele>184.04</ele>
      </trkpt>
      <trkpt lat="43.62247101031244" lon="10.787705853581429">
        <ele>183.67</ele>
      </trkpt>
      <trkpt lat="43.622417533770204" lon="10.788016319274902">
        <ele>183.15</ele>
      </trkpt>
      <trkpt lat="43.62241744995117" lon="10.788016319274902">
        <ele>182.67</ele>
      </trkpt>
      <trkpt lat="43.62230999395251" lon="10.7882634177804">
        <ele>181.93</ele>
      </trkpt>
      <trkpt lat="43.62220287322998" lon="10.788509845733643">
        <ele>180.99</ele>
      </trkpt>
      <trkpt lat="43.622188456356525" lon="10.788832465186715">
        <ele>180.05</ele>
      </trkpt>
      <trkpt lat="43.6221741233021" lon="10.789155084639788">
        <ele>179.18</ele>
      </trkpt>
      <trkpt lat="43.62215995788574" lon="10.789475440979004">
        <ele>178.26</ele>
      </trkpt>
      <trkpt lat="43.62209541723132" lon="10.789733435958624">
        <ele>177.25</ele>
      </trkpt>
      <trkpt lat="43.62203121185303" lon="10.789990425109863">
        <ele>176.2</ele>
      </trkpt>
      <trkpt lat="43.62190246582031" lon="10.790247917175293">
        <ele>175.13</ele>
      </trkpt>
      <trkpt lat="43.62171068787575" lon="10.790492668747902">
        <ele>174.09</ele>
      </trkpt>
      <trkpt lat="43.621518993750215" lon="10.79073742032051">
        <ele>173.09</ele>
      </trkpt>
      <trkpt lat="43.62132721580565" lon="10.790982088074088">
        <ele>172.16</ele>
      </trkpt>
      <trkpt lat="43.62113552168012" lon="10.791226839646697">
        <ele>171.26</ele>
      </trkpt>
      <trkpt lat="43.620944330468774" lon="10.791471004486084">
        <ele>170.3</ele>
      </trkpt>
      <trkpt lat="43.62089395523071" lon="10.791535377502441">
        <ele>169.21</ele>
      </trkpt>
      <trkpt lat="43.62064710818231" lon="10.7912992592901">
        <ele>168.12</ele>
      </trkpt>
      <trkpt lat="43.62040042877197" lon="10.79106330871582">
        <ele>166.95</ele>
      </trkpt>
      <trkpt lat="43.6201536655426" lon="10.790870189666748">
        <ele>165.7</ele>
      </trkpt>
      <trkpt lat="43.61990690231323" lon="10.790677070617676">
        <ele>164.21</ele>
      </trkpt>
      <trkpt lat="43.619821071624756" lon="10.7905912399292">
        <ele>162.79</ele>
      </trkpt>
      <trkpt lat="43.619821071624756" lon="10.790505409240723">
        <ele>161.39</ele>
      </trkpt>
      <trkpt lat="43.61990690231323" lon="10.790355205535889">
        <ele>159.88</ele>
      </trkpt>
      <trkpt lat="43.61997127532959" lon="10.790290832519531">
        <ele>158.43</ele>
      </trkpt>
      <trkpt lat="43.62018585205078" lon="10.79033374786377">
        <ele>157.04</ele>
      </trkpt>
      <trkpt lat="43.62044334411621" lon="10.790505409240723">
        <ele>155.72</ele>
      </trkpt>
      <trkpt lat="43.62055063247681" lon="10.790505409240723">
        <ele>154.17</ele>
      </trkpt>
      <trkpt lat="43.620615005493164" lon="10.790419578552246">
        <ele>152.47</ele>
      </trkpt>
      <trkpt lat="43.620872497558594" lon="10.790419578552246">
        <ele>150.9</ele>
      </trkpt>
      <trkpt lat="43.62097978591919" lon="10.790247917175293">
        <ele>149.13</ele>
      </trkpt>
      <trkpt lat="43.62100124359131" lon="10.79007625579834">
        <ele>147.24</ele>
      </trkpt>
      <trkpt lat="43.6209689732641" lon="10.789785822853446">
        <ele>145.13</ele>
      </trkpt>
      <trkpt lat="43.62093687057495" lon="10.789496898651123">
        <ele>143.03</ele>
      </trkpt>
      <trkpt lat="43.62095832824707" lon="10.78930377960205">
        <ele>141.06</ele>
      </trkpt>
      <trkpt lat="43.62091541290283" lon="10.789217948913574">
        <ele>139.04</ele>
      </trkpt>
      <trkpt lat="43.620829582214355" lon="10.789239406585693">
        <ele>136.97</ele>
      </trkpt>
      <trkpt lat="43.62074375152588" lon="10.78930377960205">
        <ele>134.9</ele>
      </trkpt>
      <trkpt lat="43.620593547821045" lon="10.789539813995361">
        <ele>132.94</ele>
      </trkpt>
      <trkpt lat="43.62052917480469" lon="10.7895827293396">
        <ele>130.87</ele>
      </trkpt>
      <trkpt lat="43.62050771713257" lon="10.789518356323242">
        <ele>128.68</ele>
      </trkpt>
      <trkpt lat="43.620593547821045" lon="10.789346694946289">
        <ele>126.39</ele>
      </trkpt>
      <trkpt lat="43.620593547821045" lon="10.789282321929932">
        <ele>124.13</ele>
      </trkpt>
      <trkpt lat="43.62050771713257" lon="10.789239406585693">
        <ele>121.8</ele>
      </trkpt>
      <trkpt lat="43.620314598083496" lon="10.78932523727417">
        <ele>119.52</ele>
      </trkpt>
      <trkpt lat="43.62017512321472" lon="10.789196407422423">
        <ele>117.06</ele>
      </trkpt>
      <trkpt lat="43.62003564834595" lon="10.78906774520874">
        <ele>114.55</ele>
      </trkpt>
      <trkpt lat="43.61992098391056" lon="10.788824167102575">
        <ele>112.08</ele>
      </trkpt>
      <trkpt lat="43.619806403294206" lon="10.788580672815442">
        <ele>109.65</ele>
      </trkpt>
      <trkpt lat="43.61969232559204" lon="10.78833818435669">
        <ele>107.14</ele>
      </trkpt>
      <trkpt lat="43.619520496577024" lon="10.788101982325315">
        <ele>104.72</ele>
      </trkpt>
      <trkpt lat="43.619349002838135" lon="10.787866115570068">
        <ele>102.16</ele>
      </trkpt>
      <trkpt lat="43.61917734146118" lon="10.787715911865234">
        <ele>99.65</ele>
      </trkpt>
      <trkpt lat="43.61900576390326" lon="10.787662267684937">
        <ele>97.26</ele>
      </trkpt>
      <trkpt lat="43.618834018707275" lon="10.787608623504639">
        <ele>95.02</ele>
      </trkpt>
      <trkpt lat="43.61879110336304" lon="10.787544250488281">
        <ele>93.01</ele>
      </trkpt>
      <trkpt lat="43.618694292381406" lon="10.78716790303588">
        <ele>91.13</ele>
      </trkpt>
      <trkpt lat="43.618597984313965" lon="10.786793231964111">
        <ele>89.35</ele>
      </trkpt>
      <trkpt lat="43.618597984313965" lon="10.786664485931396">
        <ele>87.56</ele>
      </trkpt>
      <trkpt lat="43.6186408996582" lon="10.786492824554443">
        <ele>85.85</ele>
      </trkpt>
      <trkpt lat="43.6187669634819" lon="10.786209180951118">
        <ele>84.35</ele>
      </trkpt>
      <trkpt lat="43.61889839172363" lon="10.785913467407227">
        <ele>82.84</ele>
      </trkpt>
      <trkpt lat="43.61890375614166" lon="10.785574670881033">
        <ele>81.36</ele>
      </trkpt>
      <trkpt lat="43.61890912055969" lon="10.78523587435484">
        <ele>79.9</ele>
      </trkpt>
      <trkpt lat="43.61891448497772" lon="10.784897077828646">
        <ele>78.55</ele>
      </trkpt>
      <trkpt lat="43.61891984939575" lon="10.78456163406372">
        <ele>77.3</ele>
      </trkpt>
      <trkpt lat="43.618834018707275" lon="10.784304141998291">
        <ele>76.17</ele>
      </trkpt>
      <trkpt lat="43.618619441986084" lon="10.78406810760498">
        <ele>75.04</ele>
      </trkpt>
      <trkpt lat="43.61845473758876" lon="10.783760156482458">
        <ele>74</ele>
      </trkpt>
      <trkpt lat="43.61829003319144" lon="10.783452205359936">
        <ele>72.86</ele>
      </trkpt>
      <trkpt lat="43.618125915527344" lon="10.783145427703857">
        <ele>71.81</ele>
      </trkpt>
      <trkpt lat="43.61814737319946" lon="10.783038139343262">
        <ele>71.01</ele>
      </trkpt>
      <trkpt lat="43.61834057606757" lon="10.782780479639769">
        <ele>70.39</ele>
      </trkpt>
      <trkpt lat="43.61853361129761" lon="10.782523155212402">
        <ele>69.71</ele>
      </trkpt>
      <trkpt lat="43.618576526641846" lon="10.782394409179688">
        <ele>68.94</ele>
      </trkpt>
      <trkpt lat="43.618587255477905" lon="10.782136246562004">
        <ele>68.13</ele>
      </trkpt>
      <trkpt lat="43.618597984313965" lon="10.781879425048828">
        <ele>67.43</ele>
      </trkpt>
      <trkpt lat="43.618694711476564" lon="10.781567702069879">
        <ele>66.81</ele>
      </trkpt>
      <trkpt lat="43.61879110336304" lon="10.781257152557373">
        <ele>66.16</ele>
      </trkpt>
      <trkpt lat="43.61879110336304" lon="10.780956745147705">
        <ele>65.52</ele>
      </trkpt>
      <trkpt lat="43.61889529041946" lon="10.780742671340704">
        <ele>64.96</ele>
      </trkpt>
      <trkpt lat="43.618999226018786" lon="10.780529268085957">
        <ele>64.39</ele>
      </trkpt>
      <trkpt lat="43.6191541235894" lon="10.780210923403502">
        <ele>63.69</ele>
      </trkpt>
      <trkpt lat="43.61930910497904" lon="10.779892662540078">
        <ele>63.21</ele>
      </trkpt>
      <trkpt lat="43.61946400254965" lon="10.779574401676655">
        <ele>62.89</ele>
      </trkpt>
      <trkpt lat="43.61961898393929" lon="10.779256140813231">
        <ele>62.58</ele>
      </trkpt>
      <trkpt lat="43.61977396532893" lon="10.778937879949808">
        <ele>62.33</ele>
      </trkpt>
      <trkpt lat="43.61992886289954" lon="10.778619619086385">
        <ele>62.13</ele>
      </trkpt>
      <trkpt lat="43.620082419365644" lon="10.778304291889071">
        <ele>61.88</ele>
      </trkpt>
      <trkpt lat="43.62023086287081" lon="10.77799927443266">
        <ele>61.65</ele>
      </trkpt>
      <trkpt lat="43.62037897109985" lon="10.777695178985596">
        <ele>61.51</ele>
      </trkpt>
      <trkpt lat="43.62049707211554" lon="10.77751262113452">
        <ele>61.6</ele>
      </trkpt>
      <trkpt lat="43.620615005493164" lon="10.77733039855957">
        <ele>61.86</ele>
      </trkpt>
      <trkpt lat="43.62083670683205" lon="10.777101404964924">
        <ele>62.26</ele>
      </trkpt>
      <trkpt lat="43.62105849198997" lon="10.77687249518931">
        <ele>62.75</ele>
      </trkpt>
      <trkpt lat="43.62128019332886" lon="10.776643753051758">
        <ele>63.45</ele>
      </trkpt>
      <trkpt lat="43.62119444645941" lon="10.776536464691162">
        <ele>64.3</ele>
      </trkpt>
      <trkpt lat="43.621130073443055" lon="10.776493549346924">
        <ele>65.34</ele>
      </trkpt>
      <trkpt lat="43.621108531951904" lon="10.776472091674805">
        <ele>66.59</ele>
      </trkpt>
      <trkpt lat="43.62093695439398" lon="10.77634334564209">
        <ele>68.07</ele>
      </trkpt>
      <trkpt lat="43.62073662690818" lon="10.776178808882833">
        <ele>69.78</ele>
      </trkpt>
      <trkpt lat="43.620536383241415" lon="10.776014355942607">
        <ele>71.72</ele>
      </trkpt>
      <trkpt lat="43.620336055755615" lon="10.77584981918335">
        <ele>73.91</ele>
      </trkpt>
      <trkpt lat="43.620146960020065" lon="10.775801204144955">
        <ele>76.26</ele>
      </trkpt>
      <trkpt lat="43.61995752900839" lon="10.775752505287528">
        <ele>78.78</ele>
      </trkpt>
      <trkpt lat="43.61977145075798" lon="10.775704644620419">
        <ele>81.46</ele>
      </trkpt>
      <trkpt lat="43.619585037231445" lon="10.775656700134277">
        <ele>84.16</ele>
      </trkpt>
      <trkpt lat="43.61943483352661" lon="10.775763988494873">
        <ele>87.02</ele>
      </trkpt>
      <trkpt lat="43.61931664869189" lon="10.776000274345279">
        <ele>89.95</ele>
      </trkpt>
      <trkpt lat="43.6191987991333" lon="10.776236057281494">
        <ele>93.03</ele>
      </trkpt>
      <trkpt lat="43.61896276473999" lon="10.776450634002686">
        <ele>96.23</ele>
      </trkpt>
      <trkpt lat="43.61868381500244" lon="10.776536464691162">
        <ele>99.37</ele>
      </trkpt>
      <trkpt lat="43.61840486526489" lon="10.776450634002686">
        <ele>102.44</ele>
      </trkpt>
      <trkpt lat="43.618340492248535" lon="10.776450634002686">
        <ele>105.45</ele>
      </trkpt>
      <trkpt lat="43.61827611923218" lon="10.776536464691162">
        <ele>108.51</ele>
      </trkpt>
      <trkpt lat="43.61823320388794" lon="10.776751041412354">
        <ele>111.7</ele>
      </trkpt>
      <trkpt lat="43.61816883087158" lon="10.776793956756592">
        <ele>114.71</ele>
      </trkpt>
      <trkpt lat="43.61799725331366" lon="10.776697397232056">
        <ele>117.57</ele>
      </trkpt>
      <trkpt lat="43.617825508117676" lon="10.77660083770752">
        <ele>120.32</ele>
      </trkpt>
      <trkpt lat="43.61754655838013" lon="10.776557922363281">
        <ele>123.14</ele>
      </trkpt>
      <trkpt lat="43.61746072769165" lon="10.776643753051758">
        <ele>126.04</ele>
      </trkpt>
      <trkpt lat="43.61733181402087" lon="10.776880038902164">
        <ele>129.19</ele>
      </trkpt>
      <trkpt lat="43.61720323562622" lon="10.777115821838379">
        <ele>132.17</ele>
      </trkpt>
      <trkpt lat="43.61705303192139" lon="10.777266025543213">
        <ele>134.88</ele>
      </trkpt>
      <trkpt lat="43.61677408218384" lon="10.777394771575928">
        <ele>137.38</ele>
      </trkpt>
      <trkpt lat="43.616602420806885" lon="10.777394771575928">
        <ele>139.85</ele>
      </trkpt>
      <trkpt lat="43.61654215492308" lon="10.777367614209652">
        <ele>142.19</ele>
      </trkpt>
      <trkpt lat="43.61635783687234" lon="10.777284633368254">
        <ele>144.52</ele>
      </trkpt>
      <trkpt lat="43.616173351183534" lon="10.777201652526855">
        <ele>146.72</ele>
      </trkpt>
      <trkpt lat="43.61595869064331" lon="10.777137279510498">
        <ele>148.67</ele>
      </trkpt>
      <trkpt lat="43.61576557159424" lon="10.77685832977295">
        <ele>150.57</ele>
      </trkpt>
      <trkpt lat="43.61558326520026" lon="10.776761770248413">
        <ele>152.29</ele>
      </trkpt>
      <trkpt lat="43.61540079116821" lon="10.776665210723877">
        <ele>153.94</ele>
      </trkpt>
      <trkpt lat="43.61514329910278" lon="10.776429176330566">
        <ele>155.6</ele>
      </trkpt>
      <trkpt lat="43.615078926086426" lon="10.77632188796997">
        <ele>156.72</ele>
      </trkpt>
      <trkpt lat="43.615078926086426" lon="10.776042938232422">
        <ele>157.59</ele>
      </trkpt>
      <trkpt lat="43.61514329910278" lon="10.77582836151123">
        <ele>158.09</ele>
      </trkpt>
      <trkpt lat="43.615100383758545" lon="10.775463581085205">
        <ele>158.55</ele>
      </trkpt>
      <trkpt lat="43.615100383758545" lon="10.775313377380371">
        <ele>158.76</ele>
      </trkpt>
      <trkpt lat="43.61523985862732" lon="10.775163089856505">
        <ele>158.67</ele>
      </trkpt>
      <trkpt lat="43.615379333496094" lon="10.775012969970703">
        <ele>158.37</ele>
      </trkpt>
      <trkpt lat="43.61542224884033" lon="10.774884223937988">
        <ele>157.97</ele>
      </trkpt>
      <trkpt lat="43.61542224884033" lon="10.774712562561035">
        <ele>157.47</ele>
      </trkpt>
      <trkpt lat="43.615368520841" lon="10.774574428796768">
        <ele>156.84</ele>
      </trkpt>
      <trkpt lat="43.6152720451355" lon="10.77432632446289">
        <ele>156.05</ele>
      </trkpt>
      <trkpt lat="43.61544370651245" lon="10.774122392758727">
        <ele>155.07</ele>
      </trkpt>
      <trkpt lat="43.615615367889404" lon="10.773918628692627">
        <ele>154.03</ele>
      </trkpt>
      <trkpt lat="43.61579432152212" lon="10.773610677570105">
        <ele>152.92</ele>
      </trkpt>
      <trkpt lat="43.61597335897386" lon="10.773302810266614">
        <ele>151.98</ele>
      </trkpt>
      <trkpt lat="43.61615180969238" lon="10.772995948791504">
        <ele>151.02</ele>
      </trkpt>
      <trkpt lat="43.61635213717818" lon="10.772745413705707">
        <ele>149.98</ele>
      </trkpt>
      <trkpt lat="43.616552548483014" lon="10.772494962438941">
        <ele>148.9</ele>
      </trkpt>
      <trkpt lat="43.61675262451172" lon="10.772244930267334">
        <ele>148.03</ele>
      </trkpt>
      <trkpt lat="43.616892183199525" lon="10.772040914744139">
        <ele>147.34</ele>
      </trkpt>
      <trkpt lat="43.61703157424927" lon="10.77183723449707">
        <ele>146.73</ele>
      </trkpt>
      <trkpt lat="43.61705956980586" lon="10.771776465699077">
        <ele>146.23</ele>
      </trkpt>
      <trkpt lat="43.61716032028198" lon="10.771558284759521">
        <ele>145.83</ele>
      </trkpt>
      <trkpt lat="43.61721404828131" lon="10.77133247628808">
        <ele>145.63</ele>
      </trkpt>
      <trkpt lat="43.61726760864258" lon="10.77110767364502">
        <ele>145.61</ele>
      </trkpt>
      <trkpt lat="43.617417979985476" lon="10.770774576812983">
        <ele>145.81</ele>
      </trkpt>
      <trkpt lat="43.617568016052246" lon="10.770442485809326">
        <ele>146.23</ele>
      </trkpt>
      <trkpt lat="43.617711178958416" lon="10.770191866904497">
        <ele>146.64</ele>
      </trkpt>
      <trkpt lat="43.61785442568362" lon="10.769941247999668">
        <ele>147.25</ele>
      </trkpt>
      <trkpt lat="43.61799716949463" lon="10.769691467285156">
        <ele>147.97</ele>
      </trkpt>
      <trkpt lat="43.618104457855225" lon="10.769562721252441">
        <ele>148.92</ele>
      </trkpt>
      <trkpt lat="43.61840486526489" lon="10.769455432891846">
        <ele>150.05</ele>
      </trkpt>
      <trkpt lat="43.61858700402081" lon="10.769466077908874">
        <ele>151.18</ele>
      </trkpt>
      <trkpt lat="43.61876964569092" lon="10.769476890563965">
        <ele>152.52</ele>
      </trkpt>
      <trkpt lat="43.61889839172363" lon="10.769627094268799">
        <ele>153.83</ele>
      </trkpt>
      <trkpt lat="43.61903803423047" lon="10.769949378445745">
        <ele>155.12</ele>
      </trkpt>
      <trkpt lat="43.61917734146118" lon="10.770270824432373">
        <ele>156.47</ele>
      </trkpt>
      <trkpt lat="43.61922025680542" lon="10.77033519744873">
        <ele>157.88</ele>
      </trkpt>
      <trkpt lat="43.61928462982178" lon="10.77033519744873">
        <ele>159.34</ele>
      </trkpt>
      <trkpt lat="43.619327545166016" lon="10.770270824432373">
        <ele>160.86</ele>
      </trkpt>
      <trkpt lat="43.619370460510254" lon="10.770163536071777">
        <ele>162.45</ele>
      </trkpt>
      <trkpt lat="43.61937758512795" lon="10.769855165854096">
        <ele>164.25</ele>
      </trkpt>
      <trkpt lat="43.61938479356468" lon="10.769546879455447">
        <ele>165.97</ele>
      </trkpt>
      <trkpt lat="43.61939191818237" lon="10.769240856170654">
        <ele>167.44</ele>
      </trkpt>
      <trkpt lat="43.61934883520007" lon="10.768896695226431">
        <ele>168.72</ele>
      </trkpt>
      <trkpt lat="43.6193058360368" lon="10.768552534282207">
        <ele>170.05</ele>
      </trkpt>
      <trkpt lat="43.61926283687353" lon="10.768208457157016">
        <ele>171.23</ele>
      </trkpt>
      <trkpt lat="43.61922025680542" lon="10.76786756515503">
        <ele>172.3</ele>
      </trkpt>
      <trkpt lat="43.61922025680542" lon="10.76758861541748">
        <ele>173.28</ele>
      </trkpt>
      <trkpt lat="43.619349002838135" lon="10.767438411712646">
        <ele>174.31</ele>
      </trkpt>
      <trkpt lat="43.61950968392193" lon="10.767438411712646">
        <ele>175.24</ele>
      </trkpt>
      <trkpt lat="43.61967086791992" lon="10.767438411712646">
        <ele>176.04</ele>
      </trkpt>
      <trkpt lat="43.619831716641784" lon="10.76756707392633">
        <ele>176.77</ele>
      </trkpt>
      <trkpt lat="43.61999273300171" lon="10.767695903778076">
        <ele>177.31</ele>
      </trkpt>
      <trkpt lat="43.62014293670654" lon="10.767738819122314">
        <ele>177.68</ele>
      </trkpt>
      <trkpt lat="43.62034653313458" lon="10.767663717269897">
        <ele>177.84</ele>
      </trkpt>
      <trkpt lat="43.62055063247681" lon="10.76758861541748">
        <ele>177.92</ele>
      </trkpt>
      <trkpt lat="43.62082933075726" lon="10.767495660111308">
        <ele>177.86</ele>
      </trkpt>
      <trkpt lat="43.621108029037714" lon="10.767402788624167">
        <ele>177.74</ele>
      </trkpt>
      <trkpt lat="43.62138748168945" lon="10.767309665679932">
        <ele>177.7</ele>
      </trkpt>
      <trkpt lat="43.62160180695355" lon="10.767277479171753">
        <ele>177.43</ele>
      </trkpt>
      <trkpt lat="43.621816635131836" lon="10.767245292663574">
        <ele>176.98</ele>
      </trkpt>
      <trkpt lat="43.622095584869385" lon="10.767052173614502">
        <ele>176.43</ele>
      </trkpt>
      <trkpt lat="43.62224578857422" lon="10.767052173614502">
        <ele>175.54</ele>
      </trkpt>
      <trkpt lat="43.62253161147237" lon="10.76713071204722">
        <ele>174.5</ele>
      </trkpt>
      <trkpt lat="43.62281743437052" lon="10.767209334298968">
        <ele>173.65</ele>
      </trkpt>
      <trkpt lat="43.623104095458984" lon="10.767288208007812">
        <ele>172.6</ele>
      </trkpt>
      <trkpt lat="43.62329721450806" lon="10.767374038696289">
        <ele>171.59</ele>
      </trkpt>
      <trkpt lat="43.62357582896948" lon="10.767449056729674">
        <ele>170.57</ele>
      </trkpt>
      <trkpt lat="43.623855113983154" lon="10.767524242401123">
        <ele>169.6</ele>
      </trkpt>
      <trkpt lat="43.62404806539416" lon="10.767609989270568">
        <ele>168.57</ele>
      </trkpt>
      <trkpt lat="43.6242413520813" lon="10.767695903778076">
        <ele>167.49</ele>
      </trkpt>
      <trkpt lat="43.624487947672606" lon="10.767856752499938">
        <ele>166.44</ele>
      </trkpt>
      <trkpt lat="43.62473487854004" lon="10.768017768859863">
        <ele>165.42</ele>
      </trkpt>
      <trkpt lat="43.624863624572754" lon="10.768167972564697">
        <ele>164.38</ele>
      </trkpt>
      <trkpt lat="43.62499237060547" lon="10.768318176269531">
        <ele>163.34</ele>
      </trkpt>
      <trkpt lat="43.62518548965454" lon="10.76833963394165">
        <ele>162.33</ele>
      </trkpt>
      <trkpt lat="43.62535698339343" lon="10.768275260925293">
        <ele>161.27</ele>
      </trkpt>
      <trkpt lat="43.62552881240845" lon="10.768210887908936">
        <ele>160.16</ele>
      </trkpt>
      <trkpt lat="43.6257004737854" lon="10.768189430236816">
        <ele>159.02</ele>
      </trkpt>
      <trkpt lat="43.62578630447388" lon="10.76810359954834">
        <ele>157.89</ele>
      </trkpt>
      <trkpt lat="43.62587213516235" lon="10.767953395843506">
        <ele>156.67</ele>
      </trkpt>
      <trkpt lat="43.6259473208338" lon="10.767652317881584">
        <ele>155.41</ele>
      </trkpt>
      <trkpt lat="43.62602233886719" lon="10.76735258102417">
        <ele>154.32</ele>
      </trkpt>
      <trkpt lat="43.62612962722778" lon="10.767223834991455">
        <ele>153.3</ele>
      </trkpt>
      <trkpt lat="43.62632283009589" lon="10.767084946855903">
        <ele>152.19</ele>
      </trkpt>
      <trkpt lat="43.626569425687194" lon="10.766907669603825">
        <ele>150.97</ele>
      </trkpt>
      <trkpt lat="43.626816272735596" lon="10.766730308532715">
        <ele>149.71</ele>
      </trkpt>
      <trkpt lat="43.62692356109619" lon="10.76662302017212">
        <ele>148.41</ele>
      </trkpt>
      <trkpt lat="43.62694501876831" lon="10.766472816467285">
        <ele>147.39</ele>
      </trkpt>
      <trkpt lat="43.62696647644043" lon="10.766301155090332">
        <ele>146.24</ele>
      </trkpt>
      <trkpt lat="43.62688064575195" lon="10.765914916992188">
        <ele>145.08</ele>
      </trkpt>
      <trkpt lat="43.626751732081175" lon="10.765657089650631">
        <ele>144.16</ele>
      </trkpt>
      <trkpt lat="43.62662315368652" lon="10.765399932861328">
        <ele>143.44</ele>
      </trkpt>
      <trkpt lat="43.62653715535998" lon="10.765217207372189">
        <ele>142.74</ele>
      </trkpt>
      <trkpt lat="43.62645149230957" lon="10.765035152435303">
        <ele>142.15</ele>
      </trkpt>
      <trkpt lat="43.62640840932727" lon="10.76474480330944">
        <ele>141.55</ele>
      </trkpt>
      <trkpt lat="43.626365661621094" lon="10.764455795288086">
        <ele>141.2</ele>
      </trkpt>
      <trkpt lat="43.62640857696533" lon="10.764048099517822">
        <ele>141.24</ele>
      </trkpt>
      <trkpt lat="43.62653732299805" lon="10.763726234436035">
        <ele>141.18</ele>
      </trkpt>
      <trkpt lat="43.62674133852124" lon="10.763404034078121">
        <ele>141.19</ele>
      </trkpt>
      <trkpt lat="43.62694501876831" lon="10.763082504272461">
        <ele>141.21</ele>
      </trkpt>
      <trkpt lat="43.62717032432556" lon="10.762857114896178">
        <ele>141.42</ele>
      </trkpt>
      <trkpt lat="43.62739562988281" lon="10.762631893157959">
        <ele>141.74</ele>
      </trkpt>
      <trkpt lat="43.62750300206244" lon="10.76241698116064">
        <ele>142.27</ele>
      </trkpt>
      <trkpt lat="43.627610206604004" lon="10.762202739715576">
        <ele>142.89</ele>
      </trkpt>
      <trkpt lat="43.62774624489248" lon="10.76196645386517">
        <ele>143.66</ele>
      </trkpt>
      <trkpt lat="43.62788228318095" lon="10.761730168014765">
        <ele>144.53</ele>
      </trkpt>
      <trkpt lat="43.62801790237427" lon="10.761494636535645">
        <ele>145.47</ele>
      </trkpt>
      <trkpt lat="43.62823247909546" lon="10.761269247159362">
        <ele>146.56</ele>
      </trkpt>
      <trkpt lat="43.62844705581665" lon="10.761044025421143">
        <ele>147.63</ele>
      </trkpt>
      <trkpt lat="43.62859021872282" lon="10.760814864188433">
        <ele>148.71</ele>
      </trkpt>
      <trkpt lat="43.62873346544802" lon="10.760585786774755">
        <ele>150.01</ele>
      </trkpt>
      <trkpt lat="43.628876293078065" lon="10.76035737991333">
        <ele>151.46</ele>
      </trkpt>
      <trkpt lat="43.62906413152814" lon="10.760045908391476">
        <ele>152.97</ele>
      </trkpt>
      <trkpt lat="43.629252053797245" lon="10.759734436869621">
        <ele>154.64</ele>
      </trkpt>
      <trkpt lat="43.62943997606635" lon="10.759423049166799">
        <ele>156.73</ele>
      </trkpt>
      <trkpt lat="43.6296272277832" lon="10.75911283493042">
        <ele>159.06</ele>
      </trkpt>
      <trkpt lat="43.629686404019594" lon="10.759068494662642">
        <ele>161.22</ele>
      </trkpt>
      <trkpt lat="43.62979897297919" lon="10.758984088897705">
        <ele>163.46</ele>
      </trkpt>
      <trkpt lat="43.63003492355347" lon="10.758726596832275">
        <ele>165.87</ele>
      </trkpt>
      <trkpt lat="43.63014221191406" lon="10.758533477783203">
        <ele>168.19</ele>
      </trkpt>
      <trkpt lat="43.63044261932373" lon="10.758447647094727">
        <ele>170.75</ele>
      </trkpt>
      <trkpt lat="43.63062878139317" lon="10.758118238300085">
        <ele>173.26</ele>
      </trkpt>
      <trkpt lat="43.63081494346261" lon="10.757788829505444">
        <ele>175.68</ele>
      </trkpt>
      <trkpt lat="43.63100051879883" lon="10.757460594177246">
        <ele>177.82</ele>
      </trkpt>
      <trkpt lat="43.63121509552002" lon="10.757203102111816">
        <ele>179.43</ele>
      </trkpt>
      <trkpt lat="43.63150988705456" lon="10.757069075480103">
        <ele>180.9</ele>
      </trkpt>
      <trkpt lat="43.63180476240814" lon="10.75693504884839">
        <ele>182.09</ele>
      </trkpt>
      <trkpt lat="43.63209955394268" lon="10.756801022216678">
        <ele>183.36</ele>
      </trkpt>
      <trkpt lat="43.632395351305604" lon="10.756666660308838">
        <ele>184.37</ele>
      </trkpt>
      <trkpt lat="43.63239526748657" lon="10.756666660308838">
        <ele>184.98</ele>
      </trkpt>
      <trkpt lat="43.63268251530826" lon="10.756537998095155">
        <ele>185.46</ele>
      </trkpt>
      <trkpt lat="43.63296984694898" lon="10.756409335881472">
        <ele>185.64</ele>
      </trkpt>
      <trkpt lat="43.6332571785897" lon="10.756280673667789">
        <ele>185.51</ele>
      </trkpt>
      <trkpt lat="43.63354451023042" lon="10.756152011454105">
        <ele>185.05</ele>
      </trkpt>
      <trkpt lat="43.633832931518555" lon="10.756022930145264">
        <ele>184.06</ele>
      </trkpt>
      <trkpt lat="43.63394021987915" lon="10.755829811096191">
        <ele>183.21</ele>
      </trkpt>
      <trkpt lat="43.63413333892822" lon="10.755550861358643">
        <ele>181.67</ele>
      </trkpt>
      <trkpt lat="43.63439083099365" lon="10.75535774230957">
        <ele>180.11</ele>
      </trkpt>
      <trkpt lat="43.63469123840332" lon="10.755228996276855">
        <ele>178.5</ele>
      </trkpt>
      <trkpt lat="43.634927021339536" lon="10.755196809768677">
        <ele>176.89</ele>
      </trkpt>
      <trkpt lat="43.63516330718994" lon="10.755164623260498">
        <ele>175.15</ele>
      </trkpt>
      <trkpt lat="43.63539925776422" lon="10.754982233047485">
        <ele>173.3</ele>
      </trkpt>
      <trkpt lat="43.63563537597656" lon="10.754799842834473">
        <ele>171.39</ele>
      </trkpt>
      <trkpt lat="43.635892951861024" lon="10.754714012145996">
        <ele>169.36</ele>
      </trkpt>
      <trkpt lat="43.63616100512445" lon="10.754520893096924">
        <ele>167.17</ele>
      </trkpt>
      <trkpt lat="43.63642930984497" lon="10.754327774047852">
        <ele>165.36</ele>
      </trkpt>
      <trkpt lat="43.63663299009204" lon="10.754241943359375">
        <ele>163.58</ele>
      </trkpt>
      <trkpt lat="43.636837005615234" lon="10.754156112670898">
        <ele>161.78</ele>
      </trkpt>
      <trkpt lat="43.63708351738751" lon="10.754241859540343">
        <ele>159.93</ele>
      </trkpt>
      <trkpt lat="43.637330532073975" lon="10.754327774047852">
        <ele>157.96</ele>
      </trkpt>
      <trkpt lat="43.637588024139404" lon="10.754306316375732">
        <ele>156.1</ele>
      </trkpt>
      <trkpt lat="43.63775968551636" lon="10.754199028015137">
        <ele>154.17</ele>
      </trkpt>
      <trkpt lat="43.638038635253906" lon="10.75411319732666">
        <ele>152.18</ele>
      </trkpt>
      <trkpt lat="43.638252960518" lon="10.754077406600118">
        <ele>150.36</ele>
      </trkpt>
      <trkpt lat="43.6384672857821" lon="10.754041699692607">
        <ele>148.58</ele>
      </trkpt>
      <trkpt lat="43.63868236541748" lon="10.754005908966064">
        <ele>146.98</ele>
      </trkpt>
      <trkpt lat="43.63898277282715" lon="10.75387716293335">
        <ele>145.45</ele>
      </trkpt>
      <trkpt lat="43.639133144170046" lon="10.753597877919674">
        <ele>143.73</ele>
      </trkpt>
      <trkpt lat="43.639283180236816" lon="10.753319263458252">
        <ele>142.09</ele>
      </trkpt>
      <trkpt lat="43.63945484161377" lon="10.753147518262267">
        <ele>140.6</ele>
      </trkpt>
      <trkpt lat="43.63962650299072" lon="10.752975940704346">
        <ele>138.92</ele>
      </trkpt>
      <trkpt lat="43.639819622039795" lon="10.752911567687988">
        <ele>137.17</ele>
      </trkpt>
      <trkpt lat="43.640034198760986" lon="10.753083229064941">
        <ele>136.01</ele>
      </trkpt>
      <trkpt lat="43.6402702331543" lon="10.753190517425537">
        <ele>134.86</ele>
      </trkpt>
      <trkpt lat="43.64049528725445" lon="10.753222620114684">
        <ele>133.67</ele>
      </trkpt>
      <trkpt lat="43.6407208442688" lon="10.753254890441895">
        <ele>132.64</ele>
      </trkpt>
      <trkpt lat="43.640849674120545" lon="10.753083229064941">
        <ele>131.69</ele>
      </trkpt>
      <trkpt lat="43.64091396331787" lon="10.752997398376465">
        <ele>130.92</ele>
      </trkpt>
      <trkpt lat="43.64112854003906" lon="10.752997398376465">
        <ele>130.21</ele>
      </trkpt>
      <trkpt lat="43.6412145383656" lon="10.753312725573778">
        <ele>130.1</ele>
      </trkpt>
      <trkpt lat="43.64130053669214" lon="10.753628052771091">
        <ele>130.07</ele>
      </trkpt>
      <trkpt lat="43.64138603210449" lon="10.753941535949707">
        <ele>130.16</ele>
      </trkpt>
      <trkpt lat="43.64151477813721" lon="10.754048824310303">
        <ele>130.42</ele>
      </trkpt>
      <trkpt lat="43.64170789718628" lon="10.754070281982422">
        <ele>130.82</ele>
      </trkpt>
      <trkpt lat="43.64190101623535" lon="10.753920078277588">
        <ele>131.52</ele>
      </trkpt>
      <trkpt lat="43.64196538925171" lon="10.753641128540039">
        <ele>132.3</ele>
      </trkpt>
      <trkpt lat="43.64198684692383" lon="10.753319263458252">
        <ele>133.12</ele>
      </trkpt>
      <trkpt lat="43.64211559295654" lon="10.75310468673706">
        <ele>134.44</ele>
      </trkpt>
      <trkpt lat="43.64220142364502" lon="10.75286865234375">
        <ele>135.81</ele>
      </trkpt>
      <trkpt lat="43.6422264855355" lon="10.752438409253955">
        <ele>137.06</ele>
      </trkpt>
      <trkpt lat="43.642251547425985" lon="10.752008249983191">
        <ele>138.45</ele>
      </trkpt>
      <trkpt lat="43.6422766931355" lon="10.751578006893396">
        <ele>140.09</ele>
      </trkpt>
      <trkpt lat="43.64230175502598" lon="10.751147847622633">
        <ele>141.64</ele>
      </trkpt>
      <trkpt lat="43.6423269007355" lon="10.75071768835187">
        <ele>143.11</ele>
      </trkpt>
      <trkpt lat="43.64235162734985" lon="10.750293731689453">
        <ele>144.51</ele>
      </trkpt>
      <trkpt lat="43.64239462651312" lon="10.750067923218012">
        <ele>145.74</ele>
      </trkpt>
      <trkpt lat="43.64243745803833" lon="10.749843120574951">
        <ele>146.92</ele>
      </trkpt>
      <trkpt lat="43.64252337254584" lon="10.749574396759272">
        <ele>148.12</ele>
      </trkpt>
      <trkpt lat="43.64260911941528" lon="10.749306678771973">
        <ele>149.2</ele>
      </trkpt>
      <trkpt lat="43.642780780792236" lon="10.749006271362305">
        <ele>149.98</ele>
      </trkpt>
      <trkpt lat="43.643011366948485" lon="10.748829245567322">
        <ele>150.35</ele>
      </trkpt>
      <trkpt lat="43.643241953104734" lon="10.74865230359137">
        <ele>150.87</ele>
      </trkpt>
      <trkpt lat="43.64347253926098" lon="10.748475277796388">
        <ele>151.17</ele>
      </trkpt>
      <trkpt lat="43.64370346069336" lon="10.748298168182373">
        <ele>151.28</ele>
      </trkpt>
      <trkpt lat="43.64391803741455" lon="10.748212337493896">
        <ele>151.35</ele>
      </trkpt>
      <trkpt lat="43.644153820350766" lon="10.748147964477539">
        <ele>151.45</ele>
      </trkpt>
      <trkpt lat="43.64438960328698" lon="10.748083675280213">
        <ele>151.56</ele>
      </trkpt>
      <trkpt lat="43.64462614059448" lon="10.748019218444824">
        <ele>151.54</ele>
      </trkpt>
      <trkpt lat="43.64476561546326" lon="10.747858202084899">
        <ele>151.47</ele>
      </trkpt>
      <trkpt lat="43.64490509033203" lon="10.747697353363037">
        <ele>151.09</ele>
      </trkpt>
      <trkpt lat="43.64506979472935" lon="10.747403735294938">
        <ele>150.83</ele>
      </trkpt>
      <trkpt lat="43.64523449912667" lon="10.747110117226839">
        <ele>150.5</ele>
      </trkpt>
      <trkpt lat="43.6453987006098" lon="10.746817588806152">
        <ele>150.2</ele>
      </trkpt>
      <trkpt lat="43.645556196570396" lon="10.74653109535575">
        <ele>150</ele>
      </trkpt>
      <trkpt lat="43.64571369253099" lon="10.746244685724378">
        <ele>149.73</ele>
      </trkpt>
      <trkpt lat="43.64587068557739" lon="10.745959281921387">
        <ele>149.38</ele>
      </trkpt>
      <trkpt lat="43.64602088928223" lon="10.745766162872314">
        <ele>148.89</ele>
      </trkpt>
      <trkpt lat="43.646235382184386" lon="10.745605230331421">
        <ele>148.35</ele>
      </trkpt>
      <trkpt lat="43.64645004272461" lon="10.745444297790527">
        <ele>147.77</ele>
      </trkpt>
      <trkpt lat="43.64660024642944" lon="10.745229721069336">
        <ele>147.03</ele>
      </trkpt>
      <trkpt lat="43.646600330248475" lon="10.745229721069336">
        <ele>146.37</ele>
      </trkpt>
      <trkpt lat="43.64672899246216" lon="10.745015144348145">
        <ele>145.62</ele>
      </trkpt>
      <trkpt lat="43.64696494303644" lon="10.744843482971191">
        <ele>144.86</ele>
      </trkpt>
      <trkpt lat="43.647200893610716" lon="10.74467190541327">
        <ele>144.06</ele>
      </trkpt>
      <trkpt lat="43.64743709564209" lon="10.744500160217285">
        <ele>143.21</ele>
      </trkpt>
      <trkpt lat="43.64765167236328" lon="10.74439287185669">
        <ele>142.35</ele>
      </trkpt>
      <trkpt lat="43.647908829152584" lon="10.744399996474385">
        <ele>141.57</ele>
      </trkpt>
      <trkpt lat="43.64816606976092" lon="10.744407121092081">
        <ele>140.64</ele>
      </trkpt>
      <trkpt lat="43.64842414855957" lon="10.744414329528809">
        <ele>139.83</ele>
      </trkpt>
      <trkpt lat="43.64868172444403" lon="10.744500160217285">
        <ele>139.32</ele>
      </trkpt>
      <trkpt lat="43.64891767501831" lon="10.744585990905762">
        <ele>138.76</ele>
      </trkpt>
      <trkpt lat="43.649046421051025" lon="10.744543075561523">
        <ele>138.17</ele>
      </trkpt>
      <trkpt lat="43.649325454607606" lon="10.74439287185669">
        <ele>137.7</ele>
      </trkpt>
      <trkpt lat="43.6494327429682" lon="10.744328498840332">
        <ele>137.28</ele>
      </trkpt>
      <trkpt lat="43.649604404345155" lon="10.744135295972228">
        <ele>136.86</ele>
      </trkpt>
      <trkpt lat="43.649775981903076" lon="10.743942260742188">
        <ele>136.51</ele>
      </trkpt>
      <trkpt lat="43.649775981903076" lon="10.743834972381592">
        <ele>135.99</ele>
      </trkpt>
      <trkpt lat="43.64988327026367" lon="10.743470191955566">
        <ele>135.46</ele>
      </trkpt>
      <trkpt lat="43.64999072626233" lon="10.74316207319498">
        <ele>134.98</ele>
      </trkpt>
      <trkpt lat="43.65009818226099" lon="10.742853954434395">
        <ele>134.58</ele>
      </trkpt>
      <trkpt lat="43.65020513534546" lon="10.742547512054443">
        <ele>134</ele>
      </trkpt>
      <trkpt lat="43.650269508361816" lon="10.742461681365967">
        <ele>133.5</ele>
      </trkpt>
      <trkpt lat="43.65046262741089" lon="10.742354393005371">
        <ele>132.95</ele>
      </trkpt>
      <trkpt lat="43.65067720413208" lon="10.742225646972656">
        <ele>132.3</ele>
      </trkpt>
      <trkpt lat="43.65089865401387" lon="10.742161273956299">
        <ele>131.76</ele>
      </trkpt>
      <trkpt lat="43.651120187714696" lon="10.742096984758973">
        <ele>131.2</ele>
      </trkpt>
      <trkpt lat="43.65134239196777" lon="10.742032527923584">
        <ele>130.6</ele>
      </trkpt>
      <trkpt lat="43.651535511016846" lon="10.741989612579346">
        <ele>130.01</ele>
      </trkpt>
      <trkpt lat="43.65169635973871" lon="10.74186086654663">
        <ele>129.39</ele>
      </trkpt>
      <trkpt lat="43.65185737609863" lon="10.741732120513916">
        <ele>128.85</ele>
      </trkpt>
      <trkpt lat="43.65169644355774" lon="10.74162483215332">
        <ele>128.34</ele>
      </trkpt>
      <trkpt lat="43.651535511016846" lon="10.741517543792725">
        <ele>127.75</ele>
      </trkpt>
      <trkpt lat="43.651621425524354" lon="10.741313360631466">
        <ele>127.26</ele>
      </trkpt>
      <trkpt lat="43.6517071723938" lon="10.741109848022461">
        <ele>126.96</ele>
      </trkpt>
      <trkpt lat="43.651692755520344" lon="10.740808686241508">
        <ele>126.47</ele>
      </trkpt>
      <trkpt lat="43.65167842246592" lon="10.740507524460554">
        <ele>126.08</ele>
      </trkpt>
      <trkpt lat="43.65166425704956" lon="10.740208625793457">
        <ele>125.73</ele>
      </trkpt>
      <trkpt lat="43.65167590789497" lon="10.739824818447232">
        <ele>125.62</ele>
      </trkpt>
      <trkpt lat="43.65167590789497" lon="10.739824902266264">
        <ele>125.34</ele>
      </trkpt>
      <trkpt lat="43.65168571472168" lon="10.739500522613525">
        <ele>125.26</ele>
      </trkpt>
      <trkpt lat="43.65164279937744" lon="10.73915719985962">
        <ele>124.99</ele>
      </trkpt>
      <trkpt lat="43.65164279937744" lon="10.739006996154785">
        <ele>124.72</ele>
      </trkpt>
      <trkpt lat="43.65168579854071" lon="10.738727375864983">
        <ele>124.47</ele>
      </trkpt>
      <trkpt lat="43.65172871388495" lon="10.738449096679688">
        <ele>124.21</ele>
      </trkpt>
      <trkpt lat="43.65170725621283" lon="10.738234519958496">
        <ele>123.9</ele>
      </trkpt>
      <trkpt lat="43.65168579854071" lon="10.738041400909424">
        <ele>123.62</ele>
      </trkpt>
      <trkpt lat="43.651578510180116" lon="10.737805366516113">
        <ele>123.26</ele>
      </trkpt>
      <trkpt lat="43.65138530731201" lon="10.73763370513916">
        <ele>122.97</ele>
      </trkpt>
      <trkpt lat="43.65119218826294" lon="10.737462043762207">
        <ele>122.8</ele>
      </trkpt>
      <trkpt lat="43.651041984558105" lon="10.737247467041016">
        <ele>122.61</ele>
      </trkpt>
      <trkpt lat="43.650955986231565" lon="10.737011013552547">
        <ele>122.39</ele>
      </trkpt>
      <trkpt lat="43.65087032318115" lon="10.736775398254395">
        <ele>122.15</ele>
      </trkpt>
      <trkpt lat="43.65080578252673" lon="10.736517319455743">
        <ele>121.82</ele>
      </trkpt>
      <trkpt lat="43.65074157714844" lon="10.736260414123535">
        <ele>121.52</ele>
      </trkpt>
      <trkpt lat="43.65074166096747" lon="10.736067295074463">
        <ele>121.19</ele>
      </trkpt>
      <trkpt lat="43.65076311863959" lon="10.735831260681152">
        <ele>120.87</ele>
      </trkpt>
      <trkpt lat="43.650827491655946" lon="10.735445022583008">
        <ele>120.47</ele>
      </trkpt>
      <trkpt lat="43.65087032318115" lon="10.735187530517578">
        <ele>120.1</ele>
      </trkpt>
      <trkpt lat="43.65103133954108" lon="10.734972786158323">
        <ele>119.56</ele>
      </trkpt>
      <trkpt lat="43.65119218826294" lon="10.734758377075195">
        <ele>119.06</ele>
      </trkpt>
      <trkpt lat="43.65119218826294" lon="10.734522342681885">
        <ele>118.58</ele>
      </trkpt>
      <trkpt lat="43.65110635757446" lon="10.734114646911621">
        <ele>117.97</ele>
      </trkpt>
      <trkpt lat="43.65117073059082" lon="10.733835697174072">
        <ele>117.3</ele>
      </trkpt>
      <trkpt lat="43.65123518742621" lon="10.733728408813477">
        <ele>116.52</ele>
      </trkpt>
      <trkpt lat="43.65139394067228" lon="10.733624389395118">
        <ele>115.66</ele>
      </trkpt>
      <trkpt lat="43.65162553265691" lon="10.733472593128681">
        <ele>114.69</ele>
      </trkpt>
      <trkpt lat="43.651857459917665" lon="10.733320713043213">
        <ele>113.67</ele>
      </trkpt>
      <trkpt lat="43.65185737609863" lon="10.733320713043213">
        <ele>112.55</ele>
      </trkpt>
      <trkpt lat="43.65210397168994" lon="10.73319205082953">
        <ele>111.34</ele>
      </trkpt>
      <trkpt lat="43.65235090255737" lon="10.733063220977783">
        <ele>110.03</ele>
      </trkpt>
      <trkpt lat="43.65247973240912" lon="10.732880663126707">
        <ele>108.6</ele>
      </trkpt>
      <trkpt lat="43.6526083946228" lon="10.732698440551758">
        <ele>106.83</ele>
      </trkpt>
      <trkpt lat="43.6527156829834" lon="10.73239803314209">
        <ele>104.89</ele>
      </trkpt>
      <trkpt lat="43.65280168130994" lon="10.732053956016898">
        <ele>102.85</ele>
      </trkpt>
      <trkpt lat="43.65288767963648" lon="10.731709962710738">
        <ele>100.78</ele>
      </trkpt>
      <trkpt lat="43.65297317504883" lon="10.731368064880371">
        <ele>98.65</ele>
      </trkpt>
      <trkpt lat="43.653123462572694" lon="10.731124570593238">
        <ele>96.47</ele>
      </trkpt>
      <trkpt lat="43.65327383391559" lon="10.730881160125136">
        <ele>94.04</ele>
      </trkpt>
      <trkpt lat="43.65342378616333" lon="10.73063850402832">
        <ele>91.43</ele>
      </trkpt>
      <trkpt lat="43.65350492298603" lon="10.73047874495387">
        <ele>88.85</ele>
      </trkpt>
      <trkpt lat="43.65365646779537" lon="10.730180349200964">
        <ele>86.09</ele>
      </trkpt>
      <trkpt lat="43.65380801260471" lon="10.729881869629025">
        <ele>83.33</ele>
      </trkpt>
      <trkpt lat="43.653959557414055" lon="10.729583473876119">
        <ele>80.62</ele>
      </trkpt>
      <trkpt lat="43.65411043167114" lon="10.729286670684814">
        <ele>78.05</ele>
      </trkpt>
      <trkpt lat="43.65396031178534" lon="10.729200839996338">
        <ele>75.67</ele>
      </trkpt>
      <trkpt lat="43.653810024261475" lon="10.729115009307861">
        <ele>73.34</ele>
      </trkpt>
      <trkpt lat="43.653788566589355" lon="10.728964805603027">
        <ele>70.82</ele>
      </trkpt>
      <trkpt lat="43.653810024261475" lon="10.72887897491455">
        <ele>68.22</ele>
      </trkpt>
      <trkpt lat="43.65399241447449" lon="10.728707229718566">
        <ele>65.49</ele>
      </trkpt>
      <trkpt lat="43.6541748046875" lon="10.728535652160645">
        <ele>62.91</ele>
      </trkpt>
      <trkpt lat="43.654282093048096" lon="10.728363990783691">
        <ele>60.42</ele>
      </trkpt>
      <trkpt lat="43.65434646606445" lon="10.72812795639038">
        <ele>57.83</ele>
      </trkpt>
      <trkpt lat="43.65434646606445" lon="10.727869793772697">
        <ele>55.33</ele>
      </trkpt>
      <trkpt lat="43.65434646606445" lon="10.727612972259521">
        <ele>52.89</ele>
      </trkpt>
      <trkpt lat="43.654303550720215" lon="10.727312564849854">
        <ele>50.61</ele>
      </trkpt>
      <trkpt lat="43.65411043167114" lon="10.726990699768066">
        <ele>48.56</ele>
      </trkpt>
      <trkpt lat="43.65407271310687" lon="10.726657267659903">
        <ele>46.63</ele>
      </trkpt>
      <trkpt lat="43.65403507836163" lon="10.72632391937077">
        <ele>44.8</ele>
      </trkpt>
      <trkpt lat="43.65399744361639" lon="10.725990487262607">
        <ele>42.96</ele>
      </trkpt>
      <trkpt lat="43.65396022796631" lon="10.72566032409668">
        <ele>41.17</ele>
      </trkpt>
      <trkpt lat="43.65382050164044" lon="10.725327143445611">
        <ele>39.72</ele>
      </trkpt>
      <trkpt lat="43.65368127822876" lon="10.724995136260986">
        <ele>38.42</ele>
      </trkpt>
      <trkpt lat="43.65363819524646" lon="10.724747786298394">
        <ele>37.11</ele>
      </trkpt>
      <trkpt lat="43.65359544754028" lon="10.724501609802246">
        <ele>35.94</ele>
      </trkpt>
      <trkpt lat="43.653595531359315" lon="10.724501609802246">
        <ele>35.13</ele>
      </trkpt>
      <trkpt lat="43.65355244837701" lon="10.724189719185233">
        <ele>34.33</ele>
      </trkpt>
      <trkpt lat="43.65350961685181" lon="10.723879337310791">
        <ele>33.82</ele>
      </trkpt>
      <trkpt lat="43.653477346524596" lon="10.723449094220996">
        <ele>33.47</ele>
      </trkpt>
      <trkpt lat="43.653445076197386" lon="10.723018934950233">
        <ele>33.24</ele>
      </trkpt>
      <trkpt lat="43.653412805870175" lon="10.722588775679469">
        <ele>33.16</ele>
      </trkpt>
      <trkpt lat="43.65338087081909" lon="10.72216272354126">
        <ele>33.35</ele>
      </trkpt>
      <trkpt lat="43.65338095463812" lon="10.72216272354126">
        <ele>33.51</ele>
      </trkpt>
      <trkpt lat="43.653359496966004" lon="10.722055435180664">
        <ele>33.83</ele>
      </trkpt>
      <trkpt lat="43.65333795547485" lon="10.721755027770996">
        <ele>34.66</ele>
      </trkpt>
      <trkpt lat="43.653177693486214" lon="10.721718817949295">
        <ele>35.03</ele>
      </trkpt>
      <trkpt lat="43.65333795547485" lon="10.721755027770996">
        <ele>34.66</ele>
      </trkpt>
      <trkpt lat="43.65363836288452" lon="10.721819400787354">
        <ele>35.87</ele>
      </trkpt>
      <trkpt lat="43.653879426419735" lon="10.721787214279175">
        <ele>36.29</ele>
      </trkpt>
      <trkpt lat="43.65412057377398" lon="10.721755027770996">
        <ele>36.65</ele>
      </trkpt>
      <trkpt lat="43.654361721128225" lon="10.721722925081849">
        <ele>37.09</ele>
      </trkpt>
      <trkpt lat="43.65460395812988" lon="10.721690654754639">
        <ele>37.73</ele>
      </trkpt>
      <trkpt lat="43.65479682572186" lon="10.721701299771667">
        <ele>38.38</ele>
      </trkpt>
      <trkpt lat="43.65499019622803" lon="10.721712112426758">
        <ele>38.84</ele>
      </trkpt>
      <trkpt lat="43.65521525032818" lon="10.721615552902222">
        <ele>39.31</ele>
      </trkpt>
      <trkpt lat="43.65544080734253" lon="10.721518993377686">
        <ele>39.62</ele>
      </trkpt>
      <trkpt lat="43.65565102547407" lon="10.721325874328613">
        <ele>40.17</ele>
      </trkpt>
      <trkpt lat="43.655861327424645" lon="10.721132755279541">
        <ele>40.55</ele>
      </trkpt>
      <trkpt lat="43.65607162937522" lon="10.720939636230469">
        <ele>40.77</ele>
      </trkpt>
      <trkpt lat="43.65628193132579" lon="10.720746517181396">
        <ele>40.9</ele>
      </trkpt>
      <trkpt lat="43.65649223327637" lon="10.720553398132324">
        <ele>40.96</ele>
      </trkpt>
      <trkpt lat="43.65670680999756" lon="10.72042465209961">
        <ele>41.02</ele>
      </trkpt>
      <trkpt lat="43.65698550827801" lon="10.720310239121318">
        <ele>41.12</ele>
      </trkpt>
      <trkpt lat="43.657264206558466" lon="10.720195909962058">
        <ele>41.17</ele>
      </trkpt>
      <trkpt lat="43.657543659210205" lon="10.720081329345703">
        <ele>41.15</ele>
      </trkpt>
      <trkpt lat="43.65769386291504" lon="10.720081329345703">
        <ele>41.14</ele>
      </trkpt>
      <trkpt lat="43.657929645851254" lon="10.72012416087091">
        <ele>41.05</ele>
      </trkpt>
      <trkpt lat="43.65816593170166" lon="10.72016716003418">
        <ele>40.89</ele>
      </trkpt>
      <trkpt lat="43.658433901146054" lon="10.720049226656556">
        <ele>40.75</ele>
      </trkpt>
      <trkpt lat="43.65870237350464" lon="10.71993112564087">
        <ele>40.47</ele>
      </trkpt>
      <trkpt lat="43.65891695022583" lon="10.719695091247559">
        <ele>40.23</ele>
      </trkpt>
      <trkpt lat="43.65909917280078" lon="10.719587802886963">
        <ele>39.94</ele>
      </trkpt>
      <trkpt lat="43.659281730651855" lon="10.719480514526367">
        <ele>39.69</ele>
      </trkpt>
      <trkpt lat="43.65941047668457" lon="10.719459056854248">
        <ele>39.39</ele>
      </trkpt>
      <trkpt lat="43.6596661247313" lon="10.719513790681958">
        <ele>39</ele>
      </trkpt>
      <trkpt lat="43.65992244333029" lon="10.719568775966763">
        <ele>38.66</ele>
      </trkpt>
      <trkpt lat="43.66011690348387" lon="10.719610350206494">
        <ele>38.32</ele>
      </trkpt>
      <trkpt lat="43.660311782732606" lon="10.71965217590332">
        <ele>38</ele>
      </trkpt>
      <trkpt lat="43.66059475578368" lon="10.719523513689637">
        <ele>37.77</ele>
      </trkpt>
      <trkpt lat="43.66087781265378" lon="10.719394851475954">
        <ele>37.38</ele>
      </trkpt>
      <trkpt lat="43.66116086952388" lon="10.719266189262271">
        <ele>37.05</ele>
      </trkpt>
      <trkpt lat="43.661443842574954" lon="10.719137527048588">
        <ele>36.83</ele>
      </trkpt>
      <trkpt lat="43.66172798909247" lon="10.719008445739746">
        <ele>36.62</ele>
      </trkpt>
      <trkpt lat="43.661985313519835" lon="10.71884399279952">
        <ele>36.39</ele>
      </trkpt>
      <trkpt lat="43.6622426379472" lon="10.718679539859295">
        <ele>35.91</ele>
      </trkpt>
      <trkpt lat="43.6625000461936" lon="10.71851508691907">
        <ele>35.33</ele>
      </trkpt>
      <trkpt lat="43.662757370620966" lon="10.718350717797875">
        <ele>34.81</ele>
      </trkpt>
      <trkpt lat="43.663014778867364" lon="10.71818626485765">
        <ele>34.53</ele>
      </trkpt>
      <trkpt lat="43.663272857666016" lon="10.718021392822266">
        <ele>34.36</ele>
      </trkpt>
      <trkpt lat="43.66350159980357" lon="10.71789264678955">
        <ele>34.01</ele>
      </trkpt>
      <trkpt lat="43.66373034194112" lon="10.717763984575868">
        <ele>33.5</ele>
      </trkpt>
      <trkpt lat="43.66395958699286" lon="10.717635154724121">
        <ele>33.04</ele>
      </trkpt>
      <trkpt lat="43.66419553756714" lon="10.717356204986572">
        <ele>32.63</ele>
      </trkpt>
      <trkpt lat="43.664431404322386" lon="10.717213209718466">
        <ele>32.19</ele>
      </trkpt>
      <trkpt lat="43.664667354896665" lon="10.71707021445036">
        <ele>31.84</ele>
      </trkpt>
      <trkpt lat="43.66490364074707" lon="10.71692705154419">
        <ele>31.55</ele>
      </trkpt>
      <trkpt lat="43.6651611328125" lon="10.716712474822998">
        <ele>31.11</ele>
      </trkpt>
      <trkpt lat="43.66524696350098" lon="10.716497898101807">
        <ele>30.62</ele>
      </trkpt>
      <trkpt lat="43.665268421173096" lon="10.716261863708496">
        <ele>30.11</ele>
      </trkpt>
      <trkpt lat="43.665198516100645" lon="10.715893562883139">
        <ele>29.69</ele>
      </trkpt>
      <trkpt lat="43.665128611028194" lon="10.715525262057781">
        <ele>29.15</ele>
      </trkpt>
      <trkpt lat="43.665058705955744" lon="10.715156961232424">
        <ele>28.63</ele>
      </trkpt>
      <trkpt lat="43.66498880088329" lon="10.714788744226098">
        <ele>28.07</ele>
      </trkpt>
      <trkpt lat="43.664918979629874" lon="10.71442044340074">
        <ele>27.5</ele>
      </trkpt>
      <trkpt lat="43.664849074557424" lon="10.714052142575383">
        <ele>26.86</ele>
      </trkpt>
      <trkpt lat="43.66477916948497" lon="10.713683841750026">
        <ele>26.26</ele>
      </trkpt>
      <trkpt lat="43.664710521698" lon="10.713322162628174">
        <ele>25.48</ele>
      </trkpt>
      <trkpt lat="43.66467598825693" lon="10.71305276826024">
        <ele>24.86</ele>
      </trkpt>
      <trkpt lat="43.6646394431591" lon="10.71276837028563">
        <ele>24.22</ele>
      </trkpt>
      <trkpt lat="43.6646032333374" lon="10.712485313415527">
        <ele>23.73</ele>
      </trkpt>
      <trkpt lat="43.66444565355778" lon="10.712234694510698">
        <ele>23.38</ele>
      </trkpt>
      <trkpt lat="43.664288157597184" lon="10.711984159424901">
        <ele>23.01</ele>
      </trkpt>
      <trkpt lat="43.66413116455078" lon="10.711734294891357">
        <ele>22.64</ele>
      </trkpt>
      <trkpt lat="43.66396646015346" lon="10.711447801440954">
        <ele>22.4</ele>
      </trkpt>
      <trkpt lat="43.66380175575614" lon="10.711161391809583">
        <ele>22.37</ele>
      </trkpt>
      <trkpt lat="43.66363763809204" lon="10.710875988006592">
        <ele>22.38</ele>
      </trkpt>
      <trkpt lat="43.663841653615236" lon="10.710553787648678">
        <ele>22.28</ele>
      </trkpt>
      <trkpt lat="43.664045417681336" lon="10.710232257843018">
        <ele>22.29</ele>
      </trkpt>
      <trkpt lat="43.664088333025575" lon="10.71016788482666">
        <ele>22.46</ele>
      </trkpt>
      <trkpt lat="43.66427139379084" lon="10.709882145747542">
        <ele>22.73</ele>
      </trkpt>
      <trkpt lat="43.66445420309901" lon="10.709596993401647">
        <ele>23.05</ele>
      </trkpt>
      <trkpt lat="43.66462469100952" lon="10.709331035614014">
        <ele>23.44</ele>
      </trkpt>
      <trkpt lat="43.66468906402588" lon="10.709223747253418">
        <ele>23.96</ele>
      </trkpt>
      <trkpt lat="43.664817810058594" lon="10.709030628204346">
        <ele>24.56</ele>
      </trkpt>
      <trkpt lat="43.66488218307495" lon="10.708880424499512">
        <ele>25.28</ele>
      </trkpt>
      <trkpt lat="43.665064573287964" lon="10.708697950467467">
        <ele>26.13</ele>
      </trkpt>
      <trkpt lat="43.66524696350098" lon="10.708515644073486">
        <ele>27.09</ele>
      </trkpt>
      <trkpt lat="43.66513079032302" lon="10.708128651604056">
        <ele>28.06</ele>
      </trkpt>
      <trkpt lat="43.66501470096409" lon="10.707741659134626">
        <ele>29.17</ele>
      </trkpt>
      <trkpt lat="43.66489861160517" lon="10.707354666665196">
        <ele>30.3</ele>
      </trkpt>
      <trkpt lat="43.66478252224624" lon="10.706967674195766">
        <ele>31.41</ele>
      </trkpt>
      <trkpt lat="43.66466760635376" lon="10.706584453582764">
        <ele>32.54</ele>
      </trkpt>
      <trkpt lat="43.66464614868164" lon="10.706262588500977">
        <ele>33.78</ele>
      </trkpt>
      <trkpt lat="43.6645601503551" lon="10.706036863848567">
        <ele>34.86</ele>
      </trkpt>
      <trkpt lat="43.66447448730469" lon="10.705811977386475">
        <ele>35.91</ele>
      </trkpt>
      <trkpt lat="43.66445302963257" lon="10.70568323135376">
        <ele>36.92</ele>
      </trkpt>
      <trkpt lat="43.66438848897815" lon="10.705403611063957">
        <ele>37.87</ele>
      </trkpt>
      <trkpt lat="43.66432428359985" lon="10.705125331878662">
        <ele>38.82</ele>
      </trkpt>
      <trkpt lat="43.66432428359985" lon="10.704834898933768">
        <ele>39.77</ele>
      </trkpt>
      <trkpt lat="43.66432428359985" lon="10.704545974731445">
        <ele>40.66</ele>
      </trkpt>
      <trkpt lat="43.66421699523926" lon="10.704245567321777">
        <ele>41.45</ele>
      </trkpt>
      <trkpt lat="43.66421699523926" lon="10.703988075256348">
        <ele>42.12</ele>
      </trkpt>
      <trkpt lat="43.66423845291138" lon="10.703837871551514">
        <ele>42.69</ele>
      </trkpt>
      <trkpt lat="43.66415111348033" lon="10.703532351180911">
        <ele>43.18</ele>
      </trkpt>
      <trkpt lat="43.664063857868314" lon="10.70322691462934">
        <ele>43.58</ele>
      </trkpt>
      <trkpt lat="43.66397710517049" lon="10.702923322096467">
        <ele>43.93</ele>
      </trkpt>
      <trkpt lat="43.66397710517049" lon="10.702923238277435">
        <ele>44.18</ele>
      </trkpt>
      <trkpt lat="43.66393812932074" lon="10.702786445617676">
        <ele>44.33</ele>
      </trkpt>
      <trkpt lat="43.664023876190186" lon="10.702507495880127">
        <ele>44.3</ele>
      </trkpt>
      <trkpt lat="43.663830840960145" lon="10.702271461486816">
        <ele>44.29</ele>
      </trkpt>
      <trkpt lat="43.66393812932074" lon="10.70216417312622">
        <ele>44.13</ele>
      </trkpt>
      <trkpt lat="43.66393804550171" lon="10.70216417312622">
        <ele>43.97</ele>
      </trkpt>
      <trkpt lat="43.664066791534424" lon="10.702314376831055">
        <ele>43.74</ele>
      </trkpt>
      <trkpt lat="43.66415270604193" lon="10.702228546142578">
        <ele>43.38</ele>
      </trkpt>
      <trkpt lat="43.66419553756714" lon="10.702250003814697">
        <ele>43</ele>
      </trkpt>
      <trkpt lat="43.664259910583496" lon="10.702400207519531">
        <ele>42.59</ele>
      </trkpt>
      <trkpt lat="43.664517402648926" lon="10.702636241912842">
        <ele>42.08</ele>
      </trkpt>
      <trkpt lat="43.66477916948497" lon="10.70271042175591">
        <ele>41.51</ele>
      </trkpt>
      <trkpt lat="43.66504102014005" lon="10.702784601598978">
        <ele>40.93</ele>
      </trkpt>
      <trkpt lat="43.66530287079513" lon="10.702858781442046">
        <ele>40.29</ele>
      </trkpt>
      <trkpt lat="43.66556572727859" lon="10.702933296561241">
        <ele>39.53</ele>
      </trkpt>
      <trkpt lat="43.665804946795106" lon="10.703001022338867">
        <ele>38.67</ele>
      </trkpt>
      <trkpt lat="43.6660195235163" lon="10.703065395355225">
        <ele>37.75</ele>
      </trkpt>
      <trkpt lat="43.666062438860536" lon="10.703065395355225">
        <ele>36.83</ele>
      </trkpt>
      <trkpt lat="43.66634113714099" lon="10.703158266842365">
        <ele>35.83</ele>
      </trkpt>
      <trkpt lat="43.66661983542144" lon="10.703251138329506">
        <ele>34.8</ele>
      </trkpt>
      <trkpt lat="43.66689928807318" lon="10.703344345092773">
        <ele>33.7</ele>
      </trkpt>
      <trkpt lat="43.66717823781073" lon="10.70343017578125">
        <ele>32.52</ele>
      </trkpt>
      <trkpt lat="43.66734973154962" lon="10.703473007306457">
        <ele>31.38</ele>
      </trkpt>
      <trkpt lat="43.66752156056464" lon="10.703516006469727">
        <ele>30.22</ele>
      </trkpt>
      <trkpt lat="43.66767168045044" lon="10.703601837158203">
        <ele>29.09</ele>
      </trkpt>
      <trkpt lat="43.667821967974305" lon="10.70392370223999">
        <ele>28.05</ele>
      </trkpt>
      <trkpt lat="43.667940152809024" lon="10.704267611727118">
        <ele>26.87</ele>
      </trkpt>
      <trkpt lat="43.668058002367616" lon="10.704610347747803">
        <ele>25.66</ele>
      </trkpt>
      <trkpt lat="43.668143916875124" lon="10.70483598858118">
        <ele>24.52</ele>
      </trkpt>
      <trkpt lat="43.66822957992554" lon="10.705060958862305">
        <ele>23.4</ele>
      </trkpt>
      <trkpt lat="43.668293952941895" lon="10.705211162567139">
        <ele>22.38</ele>
      </trkpt>
      <trkpt lat="43.66837978363037" lon="10.705039501190186">
        <ele>21.46</ele>
      </trkpt>
      <trkpt lat="43.66842269897461" lon="10.704782009124756">
        <ele>20.57</ele>
      </trkpt>
      <trkpt lat="43.66846192628145" lon="10.704379510134459">
        <ele>19.86</ele>
      </trkpt>
      <trkpt lat="43.668501153588295" lon="10.703977094963193">
        <ele>19.08</ele>
      </trkpt>
      <trkpt lat="43.66854038089514" lon="10.703574595972896">
        <ele>18.29</ele>
      </trkpt>
      <trkpt lat="43.66857960820198" lon="10.70317218080163">
        <ele>17.54</ele>
      </trkpt>
      <trkpt lat="43.66861883550882" lon="10.702769765630364">
        <ele>16.85</ele>
      </trkpt>
      <trkpt lat="43.668658062815666" lon="10.702367266640067">
        <ele>16.29</ele>
      </trkpt>
      <trkpt lat="43.668696619570255" lon="10.701971556991339">
        <ele>15.83</ele>
      </trkpt>
      <trkpt lat="43.668733248487115" lon="10.701595041900873">
        <ele>15.45</ele>
      </trkpt>
      <trkpt lat="43.668769961223006" lon="10.701218526810408">
        <ele>15.11</ele>
      </trkpt>
      <trkpt lat="43.6688066739589" lon="10.700842095538974">
        <ele>14.83</ele>
      </trkpt>
      <trkpt lat="43.66884330287576" lon="10.700465580448508">
        <ele>14.66</ele>
      </trkpt>
      <trkpt lat="43.66888001561165" lon="10.700089065358043">
        <ele>14.53</ele>
      </trkpt>
      <trkpt lat="43.66891622543335" lon="10.699717998504639">
        <ele>14.46</ele>
      </trkpt>
      <trkpt lat="43.66891630925238" lon="10.699717998504639">
        <ele>14.37</ele>
      </trkpt>
      <trkpt lat="43.668952099978924" lon="10.699431169778109">
        <ele>14.31</ele>
      </trkpt>
      <trkpt lat="43.668987890705466" lon="10.69914442487061">
        <ele>14.24</ele>
      </trkpt>
      <trkpt lat="43.669023513793945" lon="10.698859691619873">
        <ele>14.25</ele>
      </trkpt>
      <trkpt lat="43.66910934448242" lon="10.698602199554443">
        <ele>14.28</ele>
      </trkpt>
      <trkpt lat="43.6691951751709" lon="10.698409080505371">
        <ele>14.33</ele>
      </trkpt>
      <trkpt lat="43.66932392120361" lon="10.698258876800537">
        <ele>14.35</ele>
      </trkpt>
      <trkpt lat="43.669495582580566" lon="10.69817304611206">
        <ele>14.42</ele>
      </trkpt>
      <trkpt lat="43.669699262827635" lon="10.698130130767822">
        <ele>14.48</ele>
      </trkpt>
      <trkpt lat="43.66990336216986" lon="10.698087215423584">
        <ele>14.58</ele>
      </trkpt>
      <trkpt lat="43.670124812051654" lon="10.698087131604552">
        <ele>14.7</ele>
      </trkpt>
      <trkpt lat="43.670346261933446" lon="10.698087131604552">
        <ele>14.83</ele>
      </trkpt>
      <trkpt lat="43.67056846618652" lon="10.698087215423584">
        <ele>15.01</ele>
      </trkpt>
      <trkpt lat="43.67084741592407" lon="10.698130130767822">
        <ele>15.25</ele>
      </trkpt>
      <trkpt lat="43.67091178894043" lon="10.69819450378418">
        <ele>15.4</ele>
      </trkpt>
      <trkpt lat="43.67092251777649" lon="10.698441853746772">
        <ele>15.52</ele>
      </trkpt>
      <trkpt lat="43.67093324661255" lon="10.69868803024292">
        <ele>15.64</ele>
      </trkpt>
      <trkpt lat="43.67097616195679" lon="10.698816776275635">
        <ele>15.72</ele>
      </trkpt>
      <trkpt lat="43.671083534136415" lon="10.699042333289981">
        <ele>15.79</ele>
      </trkpt>
      <trkpt lat="43.67119073867798" lon="10.699267387390137">
        <ele>15.87</ele>
      </trkpt>
      <trkpt lat="43.67129819467664" lon="10.699611296877265">
        <ele>15.96</ele>
      </trkpt>
      <trkpt lat="43.67140531539917" lon="10.69995403289795">
        <ele>16.04</ele>
      </trkpt>
      <trkpt lat="43.67142677307129" lon="10.700255110859871">
        <ele>16.17</ele>
      </trkpt>
      <trkpt lat="43.67144823074341" lon="10.700554847717285">
        <ele>16.33</ele>
      </trkpt>
      <trkpt lat="43.67143741808832" lon="10.700974278151989">
        <ele>16.48</ele>
      </trkpt>
      <trkpt lat="43.67142668925226" lon="10.701393708586693">
        <ele>16.48</ele>
      </trkpt>
      <trkpt lat="43.6714159604162" lon="10.701813139021397">
        <ele>16.48</ele>
      </trkpt>
      <trkpt lat="43.67140531539917" lon="10.702228546142578">
        <ele>16.58</ele>
      </trkpt>
      <trkpt lat="43.67140531539917" lon="10.702378749847412">
        <ele>16.68</ele>
      </trkpt>
      <trkpt lat="43.67134094238281" lon="10.702657699584961">
        <ele>16.82</ele>
      </trkpt>
      <trkpt lat="43.67131948471069" lon="10.702893733978271">
        <ele>16.91</ele>
      </trkpt>
      <trkpt lat="43.671461306512356" lon="10.703185927122831">
        <ele>17.02</ele>
      </trkpt>
      <trkpt lat="43.67160312831402" lon="10.703478120267391">
        <ele>17.1</ele>
      </trkpt>
      <trkpt lat="43.67174495011568" lon="10.703770313411951">
        <ele>17.14</ele>
      </trkpt>
      <trkpt lat="43.67188677191734" lon="10.704062590375543">
        <ele>17.19</ele>
      </trkpt>
      <trkpt lat="43.67202767170966" lon="10.704352855682373">
        <ele>17.28</ele>
      </trkpt>
      <trkpt lat="43.672092044726014" lon="10.704481601715088">
        <ele>17.32</ele>
      </trkpt>
      <trkpt lat="43.672243086621165" lon="10.704791564494371">
        <ele>17.35</ele>
      </trkpt>
      <trkpt lat="43.672394128516316" lon="10.705101611092687">
        <ele>17.45</ele>
      </trkpt>
      <trkpt lat="43.67254517041147" lon="10.705411657691002">
        <ele>17.53</ele>
      </trkpt>
      <trkpt lat="43.67269621230662" lon="10.705721704289317">
        <ele>17.56</ele>
      </trkpt>
      <trkpt lat="43.67284725420177" lon="10.706031750887632">
        <ele>17.58</ele>
      </trkpt>
      <trkpt lat="43.67299829609692" lon="10.706341797485948">
        <ele>17.57</ele>
      </trkpt>
      <trkpt lat="43.67314791306853" lon="10.706648994237185">
        <ele>17.55</ele>
      </trkpt>
      <trkpt lat="43.67314791306853" lon="10.706649078056216">
        <ele>17.55</ele>
      </trkpt>
      <trkpt lat="43.67329183034599" lon="10.70694437250495">
        <ele>17.54</ele>
      </trkpt>
      <trkpt lat="43.673435747623444" lon="10.707239750772715">
        <ele>17.58</ele>
      </trkpt>
      <trkpt lat="43.6735796649009" lon="10.70753512904048">
        <ele>17.58</ele>
      </trkpt>
      <trkpt lat="43.67372282780707" lon="10.707828998565674">
        <ele>17.55</ele>
      </trkpt>
      <trkpt lat="43.67376574315131" lon="10.70791482925415">
        <ele>17.49</ele>
      </trkpt>
      <trkpt lat="43.673787200823426" lon="10.707979202270508">
        <ele>17.42</ele>
      </trkpt>
      <trkpt lat="43.67395902983844" lon="10.708314310759306">
        <ele>17.33</ele>
      </trkpt>
      <trkpt lat="43.67413094267249" lon="10.708649503067136">
        <ele>17.22</ele>
      </trkpt>
      <trkpt lat="43.67430277168751" lon="10.708984611555934">
        <ele>17.12</ele>
      </trkpt>
      <trkpt lat="43.674474684521556" lon="10.709319803863764">
        <ele>17.05</ele>
      </trkpt>
      <trkpt lat="43.67464550770819" lon="10.7096529006958">
        <ele>16.94</ele>
      </trkpt>
      <trkpt lat="43.674824461340904" lon="10.709989434108138">
        <ele>16.87</ele>
      </trkpt>
      <trkpt lat="43.67500349879265" lon="10.710325967520475">
        <ele>16.82</ele>
      </trkpt>
      <trkpt lat="43.67518186569214" lon="10.7106614112854">
        <ele>16.67</ele>
      </trkpt>
      <trkpt lat="43.67518194951117" lon="10.7106614112854">
        <ele>16.61</ele>
      </trkpt>
      <trkpt lat="43.675267696380615" lon="10.710790157318115">
        <ele>16.53</ele>
      </trkpt>
      <trkpt lat="43.67544388398528" lon="10.711148902773857">
        <ele>16.52</ele>
      </trkpt>
      <trkpt lat="43.67562007158995" lon="10.71150773204863">
        <ele>16.53</ele>
      </trkpt>
      <trkpt lat="43.67579625919461" lon="10.711866477504373">
        <ele>16.49</ele>
      </trkpt>
      <trkpt lat="43.67597244679928" lon="10.712225306779146">
        <ele>16.5</ele>
      </trkpt>
      <trkpt lat="43.676148634403944" lon="10.712584052234888">
        <ele>16.51</ele>
      </trkpt>
      <trkpt lat="43.67632482200861" lon="10.712942881509662">
        <ele>16.41</ele>
      </trkpt>
      <trkpt lat="43.676501009613276" lon="10.713301710784435">
        <ele>16.39</ele>
      </trkpt>
      <trkpt lat="43.67667719721794" lon="10.713660456240177">
        <ele>16.4</ele>
      </trkpt>
      <trkpt lat="43.67685338482261" lon="10.71401928551495">
        <ele>16.44</ele>
      </trkpt>
      <trkpt lat="43.67702957242727" lon="10.714378114789724">
        <ele>16.48</ele>
      </trkpt>
      <trkpt lat="43.67720576003194" lon="10.714736860245466">
        <ele>16.57</ele>
      </trkpt>
      <trkpt lat="43.677381947636604" lon="10.71509568952024">
        <ele>16.62</ele>
      </trkpt>
      <trkpt lat="43.67755813524127" lon="10.715454518795013">
        <ele>16.6</ele>
      </trkpt>
      <trkpt lat="43.67773440666497" lon="10.715813264250755">
        <ele>16.6</ele>
      </trkpt>
      <trkpt lat="43.67791059426963" lon="10.716172093525529">
        <ele>16.7</ele>
      </trkpt>
      <trkpt lat="43.6780867818743" lon="10.716530922800303">
        <ele>16.84</ele>
      </trkpt>
      <trkpt lat="43.678262969478965" lon="10.716889752075076">
        <ele>16.9</ele>
      </trkpt>
      <trkpt lat="43.67843915708363" lon="10.717248497530818">
        <ele>16.97</ele>
      </trkpt>
      <trkpt lat="43.678615344688296" lon="10.717607326805592">
        <ele>17.08</ele>
      </trkpt>
      <trkpt lat="43.678786754608154" lon="10.717957019805908">
        <ele>17.24</ele>
      </trkpt>
      <trkpt lat="43.67887266911566" lon="10.718064308166504">
        <ele>17.36</ele>
      </trkpt>
      <trkpt lat="43.67903997190297" lon="10.718421880155802">
        <ele>17.47</ele>
      </trkpt>
      <trkpt lat="43.67903997190297" lon="10.718421963974833">
        <ele>17.59</ele>
      </trkpt>
      <trkpt lat="43.67919554002583" lon="10.718754222616553">
        <ele>17.73</ele>
      </trkpt>
      <trkpt lat="43.679351108148694" lon="10.719086565077305">
        <ele>17.87</ele>
      </trkpt>
      <trkpt lat="43.67950667627156" lon="10.719418907538056">
        <ele>17.98</ele>
      </trkpt>
      <trkpt lat="43.67966224439442" lon="10.719751249998808">
        <ele>18.09</ele>
      </trkpt>
      <trkpt lat="43.679816806688905" lon="10.720081329345703">
        <ele>18.18</ele>
      </trkpt>
      <trkpt lat="43.67995644919574" lon="10.720360614359379">
        <ele>18.28</ele>
      </trkpt>
      <trkpt lat="43.68009609170258" lon="10.720639899373055">
        <ele>18.41</ele>
      </trkpt>
      <trkpt lat="43.68023573420942" lon="10.72091918438673">
        <ele>18.52</ele>
      </trkpt>
      <trkpt lat="43.680374706164" lon="10.721197128295898">
        <ele>18.54</ele>
      </trkpt>
      <trkpt lat="43.68043907918036" lon="10.721368789672852">
        <ele>18.53</ele>
      </trkpt>
      <trkpt lat="43.68056774139404" lon="10.721626281738281">
        <ele>18.51</ele>
      </trkpt>
      <trkpt lat="43.680739402770996" lon="10.721969604492188">
        <ele>18.48</ele>
      </trkpt>
      <trkpt lat="43.68093252182007" lon="10.722205638885498">
        <ele>18.46</ele>
      </trkpt>
      <trkpt lat="43.681072164326906" lon="10.722581734880805">
        <ele>18.41</ele>
      </trkpt>
      <trkpt lat="43.68121147155762" lon="10.722956657409668">
        <ele>18.39</ele>
      </trkpt>
      <trkpt lat="43.68135924451053" lon="10.723237367346883">
        <ele>18.39</ele>
      </trkpt>
      <trkpt lat="43.68150668218732" lon="10.723517490550876">
        <ele>18.37</ele>
      </trkpt>
      <trkpt lat="43.68150668218732" lon="10.723517574369907">
        <ele>18.29</ele>
      </trkpt>
      <trkpt lat="43.681640625" lon="10.723772048950195">
        <ele>18.2</ele>
      </trkpt>
      <trkpt lat="43.68164070881903" lon="10.723772048950195">
        <ele>18.08</ele>
      </trkpt>
      <trkpt lat="43.681747913360596" lon="10.724029541015625">
        <ele>17.91</ele>
      </trkpt>
      <trkpt lat="43.68168354034424" lon="10.724093914031982">
        <ele>17.78</ele>
      </trkpt>
      <trkpt lat="43.68161916732788" lon="10.724222660064697">
        <ele>17.62</ele>
      </trkpt>
      <trkpt lat="43.68147105909884" lon="10.724580818787217">
        <ele>17.46</ele>
      </trkpt>
      <trkpt lat="43.68132303468883" lon="10.724938977509737">
        <ele>17.25</ele>
      </trkpt>
      <trkpt lat="43.68117501027882" lon="10.725297220051289">
        <ele>17.04</ele>
      </trkpt>
      <trkpt lat="43.68102690204978" lon="10.725655378773808">
        <ele>16.86</ele>
      </trkpt>
      <trkpt lat="43.68087887763977" lon="10.72601362131536">
        <ele>16.7</ele>
      </trkpt>
      <trkpt lat="43.68073085322976" lon="10.72637178003788">
        <ele>16.65</ele>
      </trkpt>
      <trkpt lat="43.68058274500072" lon="10.726730022579432">
        <ele>16.57</ele>
      </trkpt>
      <trkpt lat="43.68043472059071" lon="10.727088181301951">
        <ele>16.5</ele>
      </trkpt>
      <trkpt lat="43.680288791656494" lon="10.727441310882568">
        <ele>16.33</ele>
      </trkpt>
      <trkpt lat="43.680288875475526" lon="10.727441310882568">
        <ele>16.26</ele>
      </trkpt>
      <trkpt lat="43.68017421104014" lon="10.72718339972198">
        <ele>16.22</ele>
      </trkpt>
      <trkpt lat="43.68005954660475" lon="10.726925488561392">
        <ele>16.18</ele>
      </trkpt>
      <trkpt lat="43.67994546890259" lon="10.72666883468628">
        <ele>16.14</ele>
      </trkpt>
      <trkpt lat="43.679752349853516" lon="10.726754665374756">
        <ele>16.14</ele>
      </trkpt>
      <trkpt lat="43.679580856114626" lon="10.726776039227843">
        <ele>16.21</ele>
      </trkpt>
      <trkpt lat="43.67940911091864" lon="10.726797580718994">
        <ele>16.37</ele>
      </trkpt>
      <trkpt lat="43.679119599983096" lon="10.726733207702637">
        <ele>16.61</ele>
      </trkpt>
      <trkpt lat="43.67882966995239" lon="10.72666883468628">
        <ele>16.92</ele>
      </trkpt>
      <trkpt lat="43.67855633608997" lon="10.72664201259613">
        <ele>17.29</ele>
      </trkpt>
      <trkpt lat="43.67828308604658" lon="10.726615190505981">
        <ele>17.74</ele>
      </trkpt>
      <trkpt lat="43.678009836003184" lon="10.726588452234864">
        <ele>18.16</ele>
      </trkpt>
      <trkpt lat="43.67773541249335" lon="10.726561546325684">
        <ele>18.58</ele>
      </trkpt>
      <trkpt lat="43.67744439281523" lon="10.72668400593102">
        <ele>19.04</ele>
      </trkpt>
      <trkpt lat="43.677153373137116" lon="10.726806549355388">
        <ele>19.55</ele>
      </trkpt>
      <trkpt lat="43.676862353459" lon="10.726929092779756">
        <ele>20.24</ele>
      </trkpt>
      <trkpt lat="43.67657141759992" lon="10.727051552385092">
        <ele>20.99</ele>
      </trkpt>
      <trkpt lat="43.6762803979218" lon="10.72717409580946">
        <ele>21.78</ele>
      </trkpt>
      <trkpt lat="43.675989378243685" lon="10.727296639233828">
        <ele>22.52</ele>
      </trkpt>
      <trkpt lat="43.675696849823" lon="10.72741985321045">
        <ele>23.33</ele>
      </trkpt>
      <trkpt lat="43.67565393447876" lon="10.727484226226807">
        <ele>24.15</ele>
      </trkpt>
      <trkpt lat="43.67565837688744" lon="10.727515574544668">
        <ele>25.02</ele>
      </trkpt>
      <trkpt lat="43.67565837688744" lon="10.727515490725636">
        <ele>25.92</ele>
      </trkpt>
      <trkpt lat="43.67567539215088" lon="10.72763442993164">
        <ele>26.87</ele>
      </trkpt>
      <trkpt lat="43.67576139047742" lon="10.727971214801073">
        <ele>27.9</ele>
      </trkpt>
      <trkpt lat="43.67584738880396" lon="10.728308083489537">
        <ele>28.96</ele>
      </trkpt>
      <trkpt lat="43.67593288421631" lon="10.72864294052124">
        <ele>30.07</ele>
      </trkpt>
      <trkpt lat="43.675990216434" lon="10.728922476992011">
        <ele>31.23</ele>
      </trkpt>
      <trkpt lat="43.676047548651695" lon="10.729202013462782">
        <ele>32.37</ele>
      </trkpt>
      <trkpt lat="43.67610454559326" lon="10.729479789733887">
        <ele>33.41</ele>
      </trkpt>
      <trkpt lat="43.67608308792114" lon="10.729565620422363">
        <ele>34.41</ele>
      </trkpt>
      <trkpt lat="43.67594696581364" lon="10.729837696999311">
        <ele>35.47</ele>
      </trkpt>
      <trkpt lat="43.67581092752516" lon="10.730109857395291">
        <ele>36.5</ele>
      </trkpt>
      <trkpt lat="43.67567547596991" lon="10.73038101196289">
        <ele>37.5</ele>
      </trkpt>
      <trkpt lat="43.67557866498828" lon="10.730595840141177">
        <ele>38.46</ele>
      </trkpt>
      <trkpt lat="43.67548227310181" lon="10.730810165405273">
        <ele>39.27</ele>
      </trkpt>
      <trkpt lat="43.67548235692084" lon="10.730810165405273">
        <ele>40.05</ele>
      </trkpt>
      <trkpt lat="43.675332153216004" lon="10.731110572814941">
        <ele>40.75</ele>
      </trkpt>
      <trkpt lat="43.67533206939697" lon="10.731110572814941">
        <ele>41.42</ele>
      </trkpt>
      <trkpt lat="43.675332153216004" lon="10.731110572814941">
        <ele>40.75</ele>
      </trkpt>
      <trkpt lat="43.67546098306775" lon="10.731357587501407">
        <ele>42.64</ele>
      </trkpt>
      <trkpt lat="43.675589645281434" lon="10.731604099273682">
        <ele>43.12</ele>
      </trkpt>
      <trkpt lat="43.67569693364203" lon="10.731990337371826">
        <ele>43.45</ele>
      </trkpt>
      <trkpt lat="43.67577572353184" lon="10.732377413660288">
        <ele>43.87</ele>
      </trkpt>
      <trkpt lat="43.675854597240686" lon="10.73276448994875">
        <ele>44.33</ele>
      </trkpt>
      <trkpt lat="43.67593296803534" lon="10.73314905166626">
        <ele>44.66</ele>
      </trkpt>
      <trkpt lat="43.67599742487073" lon="10.73345004580915">
        <ele>44.96</ele>
      </trkpt>
      <trkpt lat="43.67606196552515" lon="10.733751123771071">
        <ele>45.16</ele>
      </trkpt>
      <trkpt lat="43.67612608708441" lon="10.734050273895264">
        <ele>45.25</ele>
      </trkpt>
      <trkpt lat="43.676204876974225" lon="10.734387142583728">
        <ele>45.26</ele>
      </trkpt>
      <trkpt lat="43.67628375068307" lon="10.734724011272192">
        <ele>45.21</ele>
      </trkpt>
      <trkpt lat="43.67636212147772" lon="10.735058784484863">
        <ele>45.17</ele>
      </trkpt>
      <trkpt lat="43.67638357914984" lon="10.73512315750122">
        <ele>44.99</ele>
      </trkpt>
      <trkpt lat="43.67642657831311" lon="10.73534888215363">
        <ele>44.77</ele>
      </trkpt>
      <trkpt lat="43.67646940983832" lon="10.735573768615723">
        <ele>44.42</ele>
      </trkpt>
      <trkpt lat="43.67651240900159" lon="10.735864033922553">
        <ele>43.95</ele>
      </trkpt>
      <trkpt lat="43.676555240526795" lon="10.73615312576294">
        <ele>43.39</ele>
      </trkpt>
      <trkpt lat="43.676565969362855" lon="10.736411204561591">
        <ele>42.83</ele>
      </trkpt>
      <trkpt lat="43.676576698198915" lon="10.736668109893799">
        <ele>42.18</ele>
      </trkpt>
      <trkpt lat="43.67659153416753" lon="10.736892493441701">
        <ele>41.43</ele>
      </trkpt>
      <trkpt lat="43.676598155871034" lon="10.736989974975586">
        <ele>40.65</ele>
      </trkpt>
      <trkpt lat="43.67657661437988" lon="10.737161636352539">
        <ele>39.81</ele>
      </trkpt>
      <trkpt lat="43.676297664642334" lon="10.737097263336182">
        <ele>38.93</ele>
      </trkpt>
      <trkpt lat="43.67619037628174" lon="10.737075805664062">
        <ele>37.96</ele>
      </trkpt>
      <trkpt lat="43.67595450952649" lon="10.737011432647705">
        <ele>36.82</ele>
      </trkpt>
      <trkpt lat="43.675718726590276" lon="10.73694714345038">
        <ele>35.64</ele>
      </trkpt>
      <trkpt lat="43.67548227310181" lon="10.73688268661499">
        <ele>34.45</ele>
      </trkpt>
      <trkpt lat="43.67520885542035" lon="10.736780846491456">
        <ele>33.22</ele>
      </trkpt>
      <trkpt lat="43.67493552155793" lon="10.736679006367922">
        <ele>32.06</ele>
      </trkpt>
      <trkpt lat="43.6746621876955" lon="10.736577166244388">
        <ele>30.95</ele>
      </trkpt>
      <trkpt lat="43.67438793182373" lon="10.736474990844727">
        <ele>29.93</ele>
      </trkpt>
      <trkpt lat="43.6742377281189" lon="10.73637843132019">
        <ele>29.06</ele>
      </trkpt>
      <trkpt lat="43.67408752441406" lon="10.736281871795654">
        <ele>28.24</ele>
      </trkpt>
      <trkpt lat="43.67383732460439" lon="10.73615312576294">
        <ele>27.47</ele>
      </trkpt>
      <trkpt lat="43.67358720861375" lon="10.736024463549256">
        <ele>26.76</ele>
      </trkpt>
      <trkpt lat="43.673336589708924" lon="10.73589563369751">
        <ele>26.12</ele>
      </trkpt>
      <trkpt lat="43.67329861968756" lon="10.73597140610218">
        <ele>25.59</ele>
      </trkpt>
      <trkpt lat="43.67320775985718" lon="10.73615312576294">
        <ele>25.14</ele>
      </trkpt>
      <trkpt lat="43.6731324903667" lon="10.73651866056025">
        <ele>24.77</ele>
      </trkpt>
      <trkpt lat="43.673057556152344" lon="10.73688268661499">
        <ele>24.52</ele>
      </trkpt>
      <trkpt lat="43.6729718092829" lon="10.737075805664062">
        <ele>24.33</ele>
      </trkpt>
      <trkpt lat="43.67295026779175" lon="10.737247467041016">
        <ele>24.2</ele>
      </trkpt>
      <trkpt lat="43.673057556152344" lon="10.737547874450684">
        <ele>24.12</ele>
      </trkpt>
      <trkpt lat="43.673165012151" lon="10.737945595756173">
        <ele>24.12</ele>
      </trkpt>
      <trkpt lat="43.673272132873535" lon="10.738341808319092">
        <ele>24.15</ele>
      </trkpt>
      <trkpt lat="43.67327221669257" lon="10.738556385040283">
        <ele>24.23</ele>
      </trkpt>
      <trkpt lat="43.673238437622786" lon="10.738573232665658">
        <ele>24.37</ele>
      </trkpt>
      <trkpt lat="43.67318630218506" lon="10.738599300384521">
        <ele>24.55</ele>
      </trkpt>
      <trkpt lat="43.673057556152344" lon="10.738749504089355">
        <ele>24.76</ele>
      </trkpt>
      <trkpt lat="43.67290006019175" lon="10.73894270695746">
        <ele>25</ele>
      </trkpt>
      <trkpt lat="43.67274264805019" lon="10.739135909825563">
        <ele>25.3</ele>
      </trkpt>
      <trkpt lat="43.67258548736572" lon="10.739328861236572">
        <ele>25.63</ele>
      </trkpt>
      <trkpt lat="43.67239245213568" lon="10.739457523450255">
        <ele>25.99</ele>
      </trkpt>
      <trkpt lat="43.67219933308661" lon="10.739586353302002">
        <ele>26.36</ele>
      </trkpt>
      <trkpt lat="43.672059774398804" lon="10.739704286679626">
        <ele>26.73</ele>
      </trkpt>
      <trkpt lat="43.67192029953003" lon="10.739822387695312">
        <ele>27.09</ele>
      </trkpt>
      <trkpt lat="43.671815022826195" lon="10.739927664399147">
        <ele>27.43</ele>
      </trkpt>
      <trkpt lat="43.671577982604504" lon="10.740164704620838">
        <ele>27.75</ele>
      </trkpt>
      <trkpt lat="43.671341026201844" lon="10.74040174484253">
        <ele>28.09</ele>
      </trkpt>
      <trkpt lat="43.67114782333374" lon="10.740659236907959">
        <ele>28.48</ele>
      </trkpt>
      <trkpt lat="43.67107255384326" lon="10.740906419232488">
        <ele>28.86</ele>
      </trkpt>
      <trkpt lat="43.670997619628906" lon="10.7411527633667">
        <ele>29.17</ele>
      </trkpt>
      <trkpt lat="43.67078287526965" lon="10.74141033925116">
        <ele>29.48</ele>
      </trkpt>
      <trkpt lat="43.67056821472943" lon="10.741667915135622">
        <ele>29.8</ele>
      </trkpt>
      <trkpt lat="43.67035388946533" lon="10.741925239562988">
        <ele>30.08</ele>
      </trkpt>
      <trkpt lat="43.67019630968571" lon="10.742225982248783">
        <ele>30.39</ele>
      </trkpt>
      <trkpt lat="43.67003872990608" lon="10.742526724934578">
        <ele>30.8</ele>
      </trkpt>
      <trkpt lat="43.66988123394549" lon="10.742827551439404">
        <ele>31.25</ele>
      </trkpt>
      <trkpt lat="43.669723654165864" lon="10.7431282941252">
        <ele>31.55</ele>
      </trkpt>
      <trkpt lat="43.66956607438624" lon="10.743429120630026">
        <ele>31.81</ele>
      </trkpt>
      <trkpt lat="43.66940975189209" lon="10.743727684020996">
        <ele>32.03</ele>
      </trkpt>
      <trkpt lat="43.669538497924805" lon="10.743942260742188">
        <ele>32.33</ele>
      </trkpt>
      <trkpt lat="43.66948468610644" lon="10.744178714230657">
        <ele>32.63</ele>
      </trkpt>
      <trkpt lat="43.66943120956421" lon="10.744414329528809">
        <ele>32.87</ele>
      </trkpt>
      <trkpt lat="43.669517040252686" lon="10.744564533233643">
        <ele>33.19</ele>
      </trkpt>
      <trkpt lat="43.66971015930176" lon="10.744779109954834">
        <ele>33.64</ele>
      </trkpt>
      <trkpt lat="43.669753074645996" lon="10.744929313659668">
        <ele>33.87</ele>
      </trkpt>
      <trkpt lat="43.66960261948407" lon="10.745301805436611">
        <ele>33.89</ele>
      </trkpt>
      <trkpt lat="43.66945216432214" lon="10.745674297213554">
        <ele>34</ele>
      </trkpt>
      <trkpt lat="43.669302463531494" lon="10.746045112609863">
        <ele>34.2</ele>
      </trkpt>
      <trkpt lat="43.66919777356088" lon="10.746328420937061">
        <ele>34.6</ele>
      </trkpt>
      <trkpt lat="43.66909350268543" lon="10.746610891073942">
        <ele>35.13</ele>
      </trkpt>
      <trkpt lat="43.66909350268543" lon="10.74661080725491">
        <ele>35.77</ele>
      </trkpt>
      <trkpt lat="43.668959056958556" lon="10.746974581852555">
        <ele>36.61</ele>
      </trkpt>
      <trkpt lat="43.668824695050716" lon="10.747338440269232">
        <ele>37.53</ele>
      </trkpt>
      <trkpt lat="43.66869033314288" lon="10.747702298685908">
        <ele>38.54</ele>
      </trkpt>
      <trkpt lat="43.668555887416005" lon="10.748066157102585">
        <ele>39.64</ele>
      </trkpt>
      <trkpt lat="43.66842269897461" lon="10.748426914215088">
        <ele>40.71</ele>
      </trkpt>
      <trkpt lat="43.66863124072552" lon="10.748687591403723">
        <ele>42.02</ele>
      </trkpt>
      <trkpt lat="43.668839782476425" lon="10.748948268592358">
        <ele>43.39</ele>
      </trkpt>
      <trkpt lat="43.66904832422733" lon="10.749208945780993">
        <ele>44.8</ele>
      </trkpt>
      <trkpt lat="43.66925686597824" lon="10.749469622969627">
        <ele>46.42</ele>
      </trkpt>
      <trkpt lat="43.66946540772915" lon="10.749730300158262">
        <ele>48.21</ele>
      </trkpt>
      <trkpt lat="43.66967394948006" lon="10.749990977346897">
        <ele>50.07</ele>
      </trkpt>
      <trkpt lat="43.66988182067871" lon="10.750250816345215">
        <ele>52</ele>
      </trkpt>
      <trkpt lat="43.66992129944265" lon="10.750285098329186">
        <ele>53.68</ele>
      </trkpt>
      <trkpt lat="43.66992129944265" lon="10.750285014510155">
        <ele>55.34</ele>
      </trkpt>
      <trkpt lat="43.67012263275683" lon="10.750459525734186">
        <ele>57.24</ele>
      </trkpt>
      <trkpt lat="43.67032404989004" lon="10.750634036958218">
        <ele>59</ele>
      </trkpt>
      <trkpt lat="43.670525550842285" lon="10.750808715820312">
        <ele>60.72</ele>
      </trkpt>
      <trkpt lat="43.67070802487433" lon="10.751055562868714">
        <ele>62.35</ele>
      </trkpt>
      <trkpt lat="43.67089033126831" lon="10.751302242279053">
        <ele>63.84</ele>
      </trkpt>
      <trkpt lat="43.67097624577582" lon="10.75150634162128">
        <ele>65.21</ele>
      </trkpt>
      <trkpt lat="43.671061992645264" lon="10.751709938049316">
        <ele>66.58</ele>
      </trkpt>
      <trkpt lat="43.67115335538983" lon="10.752091566100717">
        <ele>67.94</ele>
      </trkpt>
      <trkpt lat="43.6712447181344" lon="10.752473194152117">
        <ele>69.24</ele>
      </trkpt>
      <trkpt lat="43.67133608087897" lon="10.752854906022549">
        <ele>70.59</ele>
      </trkpt>
      <trkpt lat="43.67142677307129" lon="10.753233432769775">
        <ele>71.86</ele>
      </trkpt>
      <trkpt lat="43.67136223241687" lon="10.753545239567757">
        <ele>73.02</ele>
      </trkpt>
      <trkpt lat="43.671298110857606" lon="10.75385570526123">
        <ele>74.12</ele>
      </trkpt>
      <trkpt lat="43.67110474035144" lon="10.754156364127994">
        <ele>75.24</ele>
      </trkpt>
      <trkpt lat="43.67091178894043" lon="10.754456520080566">
        <ele>76.29</ele>
      </trkpt>
      <trkpt lat="43.67095906287432" lon="10.754830688238144">
        <ele>77.39</ele>
      </trkpt>
      <trkpt lat="43.671006420627236" lon="10.755204940214753">
        <ele>78.38</ele>
      </trkpt>
      <trkpt lat="43.671053694561124" lon="10.755579192191362">
        <ele>79.3</ele>
      </trkpt>
      <trkpt lat="43.67110105231404" lon="10.755953444167972">
        <ele>80.05</ele>
      </trkpt>
      <trkpt lat="43.67114782333374" lon="10.756323337554932">
        <ele>80.78</ele>
      </trkpt>
      <trkpt lat="43.67114790715277" lon="10.756323337554932">
        <ele>81.41</ele>
      </trkpt>
      <trkpt lat="43.67115612141788" lon="10.75661301612854">
        <ele>82.12</ele>
      </trkpt>
      <trkpt lat="43.67116433568299" lon="10.756901353597641">
        <ele>82.76</ele>
      </trkpt>
      <trkpt lat="43.67116928100586" lon="10.757074356079102">
        <ele>83.29</ele>
      </trkpt>
      <trkpt lat="43.671255111694336" lon="10.757203102111816">
        <ele>83.79</ele>
      </trkpt>
      <trkpt lat="43.67114790715277" lon="10.757482051849365">
        <ele>84.35</ele>
      </trkpt>
      <trkpt lat="43.671132652089" lon="10.757671818137169">
        <ele>84.92</ele>
      </trkpt>
      <trkpt lat="43.671132652089" lon="10.757671734318137">
        <ele>85.6</ele>
      </trkpt>
      <trkpt lat="43.671104991808534" lon="10.758018493652344">
        <ele>86.44</ele>
      </trkpt>
      <trkpt lat="43.671040534973145" lon="10.758168697357178">
        <ele>80.78</ele>
      </trkpt>
      <trkpt lat="43.670997619628906" lon="10.758533477783203">
        <ele>84.71</ele>
      </trkpt>
      <trkpt lat="43.671019077301025" lon="10.758920637890697">
        <ele>89.6</ele>
      </trkpt>
      <trkpt lat="43.671040618792176" lon="10.75930779799819">
        <ele>90.8</ele>
      </trkpt>
      <trkpt lat="43.671061992645264" lon="10.759692192077637">
        <ele>90.85</ele>
      </trkpt>
      <trkpt lat="43.671015137806535" lon="10.760035598650575">
        <ele>93.14</ele>
      </trkpt>
      <trkpt lat="43.671015137806535" lon="10.760035682469606">
        <ele>94.27</ele>
      </trkpt>
      <trkpt lat="43.670997619628906" lon="10.760164260864258">
        <ele>94.89</ele>
      </trkpt>
      <trkpt lat="43.67082595825195" lon="10.760464668273926">
        <ele>96.88</ele>
      </trkpt>
      <trkpt lat="43.67067575454712" lon="10.76056114397943">
        <ele>98.3</ele>
      </trkpt>
      <trkpt lat="43.670525550842285" lon="10.760657787322998">
        <ele>100.44</ele>
      </trkpt>
      <trkpt lat="43.670289600268006" lon="10.76087236404419">
        <ele>102.18</ele>
      </trkpt>
      <trkpt lat="43.67000017315149" lon="10.760872280225158">
        <ele>102.33</ele>
      </trkpt>
      <trkpt lat="43.66971015930176" lon="10.76087236404419">
        <ele>105.15</ele>
      </trkpt>
      <trkpt lat="43.669538497924805" lon="10.760829448699951">
        <ele>106.18</ele>
      </trkpt>
      <trkpt lat="43.66925963200629" lon="10.760647058486938">
        <ele>105.32</ele>
      </trkpt>
      <trkpt lat="43.66898068226874" lon="10.760464668273926">
        <ele>108.58</ele>
      </trkpt>
      <trkpt lat="43.66883039474487" lon="10.760421752929688">
        <ele>108.85</ele>
      </trkpt>
      <trkpt lat="43.668792340904474" lon="10.760428123176098">
        <ele>106.78</ele>
      </trkpt>
    </trkseg>
  </trk>
</gpx>
