<?xml version="1.0"?>
<gpx xmlns="http://www.topografix.com/GPX/1/1" xmlns:xsi="http://www.w3.org/2001/XMLSchema-instance" xmlns:wptx1="http://www.garmin.com/xmlschemas/WaypointExtension/v1" xmlns:gpxtrx="http://www.garmin.com/xmlschemas/GpxExtensions/v3" xmlns:gpxtpx="http://www.garmin.com/xmlschemas/TrackPointExtension/v1" xmlns:gpxx="http://www.garmin.com/xmlschemas/GpxExtensions/v3" xmlns:trp="http://www.garmin.com/xmlschemas/TripExtensions/v1" xmlns:adv="http://www.garmin.com/xmlschemas/AdventuresExtensions/v1" xmlns:prs="http://www.garmin.com/xmlschemas/PressureExtension/v1" xmlns:tmd="http://www.garmin.com/xmlschemas/TripMetaDataExtensions/v1" xmlns:vptm="http://www.garmin.com/xmlschemas/ViaPointTransportationModeExtensions/v1" xmlns:ctx="http://www.garmin.com/xmlschemas/CreationTimeExtension/v1" xmlns:gpxacc="http://www.garmin.com/xmlschemas/AccelerationExtension/v1" xmlns:gpxpx="http://www.garmin.com/xmlschemas/PowerExtension/v1" xmlns:vidx1="http://www.garmin.com/xmlschemas/VideoExtension/v1" creator="Garmin Desktop App" version="1.1" xsi:schemaLocation="http://www.topografix.com/GPX/1/1 http://www.topografix.com/GPX/1/1/gpx.xsd http://www.garmin.com/xmlschemas/WaypointExtension/v1 http://www8.garmin.com/xmlschemas/WaypointExtensionv1.xsd http://www.garmin.com/xmlschemas/TrackPointExtension/v1 http://www.garmin.com/xmlschemas/TrackPointExtensionv1.xsd http://www.garmin.com/xmlschemas/GpxExtensions/v3 http://www8.garmin.com/xmlschemas/GpxExtensionsv3.xsd http://www.garmin.com/xmlschemas/ActivityExtension/v1 http://www8.garmin.com/xmlschemas/ActivityExtensionv1.xsd http://www.garmin.com/xmlschemas/AdventuresExtensions/v1 http://www8.garmin.com/xmlschemas/AdventuresExtensionv1.xsd http://www.garmin.com/xmlschemas/PressureExtension/v1 http://www.garmin.com/xmlschemas/PressureExtensionv1.xsd http://www.garmin.com/xmlschemas/TripExtensions/v1 http://www.garmin.com/xmlschemas/TripExtensionsv1.xsd http://www.garmin.com/xmlschemas/TripMetaDataExtensions/v1 http://www.garmin.com/xmlschemas/TripMetaDataExtensionsv1.xsd http://www.garmin.com/xmlschemas/ViaPointTransportationModeExtensions/v1 http://www.garmin.com/xmlschemas/ViaPointTransportationModeExtensionsv1.xsd http://www.garmin.com/xmlschemas/CreationTimeExtension/v1 http://www.garmin.com/xmlschemas/CreationTimeExtensionsv1.xsd http://www.garmin.com/xmlschemas/AccelerationExtension/v1 http://www.garmin.com/xmlschemas/AccelerationExtensionv1.xsd http://www.garmin.com/xmlschemas/PowerExtension/v1 http://www.garmin.com/xmlschemas/PowerExtensionv1.xsd http://www.garmin.com/xmlschemas/VideoExtension/v1 http://www.garmin.com/xmlschemas/VideoExtensionv1.xsd">
  <metadata>
    <link href="http://www.garmin.com">
      <text>Garmin International</text>
    </link>
    <time>2022-11-30T18:29:06Z</time>
    <bounds maxlat="46.196349039673805" maxlon="12.820707969367504" minlat="46.161456517875195" minlon="12.707386985421181"/>
  </metadata>
  <trk>
    <name>6-01 Maniago-Solimbergo</name>
    <extensions>
      <gpxx:TrackExtension>
        <gpxx:DisplayColor>DarkGray</gpxx:DisplayColor>
      </gpxx:TrackExtension>
    </extensions>
    <trkseg>
      <trkpt lat="46.171561991795897" lon="12.707386985421181">
        <ele>283.90234375</ele>
      </trkpt>
      <trkpt lat="46.171498959884048" lon="12.707434007897973">
        <ele>283.8828125</ele>
      </trkpt>
      <trkpt lat="46.171441962942481" lon="12.70751103758812">
        <ele>283.8515625</ele>
      </trkpt>
      <trkpt lat="46.171413967385888" lon="12.70755403675139">
        <ele>283.83984375</ele>
      </trkpt>
      <trkpt lat="46.171267535537481" lon="12.707791328430176">
        <ele>283.8203125</ele>
      </trkpt>
      <trkpt lat="46.171206599101424" lon="12.707945220172405">
        <ele>283.828125</ele>
      </trkpt>
      <trkpt lat="46.171076511964202" lon="12.708239676430821">
        <ele>283.76171875</ele>
      </trkpt>
      <trkpt lat="46.171059999614954" lon="12.708300026133657">
        <ele>283.7109375</ele>
      </trkpt>
      <trkpt lat="46.171049270778894" lon="12.708416702225804">
        <ele>283.5859375</ele>
      </trkpt>
      <trkpt lat="46.171011216938496" lon="12.709169983863831">
        <ele>282.73046875</ele>
      </trkpt>
      <trkpt lat="46.170983137562871" lon="12.709611961618066">
        <ele>282.234375</ele>
      </trkpt>
      <trkpt lat="46.170946005731821" lon="12.710189977660775">
        <ele>281.5859375</ele>
      </trkpt>
      <trkpt lat="46.170944077894092" lon="12.71058308891952">
        <ele>281.1171875</ele>
      </trkpt>
      <trkpt lat="46.17082379758358" lon="12.711559245362878">
        <ele>279.046875</ele>
      </trkpt>
      <trkpt lat="46.170840729027987" lon="12.711876835674047">
        <ele>278.55859375</ele>
      </trkpt>
      <trkpt lat="46.170912310481071" lon="12.712178416550159">
        <ele>278.10546875</ele>
      </trkpt>
      <trkpt lat="46.171321012079716" lon="12.713315086439252">
        <ele>275.8125</ele>
      </trkpt>
      <trkpt lat="46.171744801104069" lon="12.714541777968407">
        <ele>272.27734375</ele>
      </trkpt>
      <trkpt lat="46.172008495777845" lon="12.715265387669206">
        <ele>269.22265625</ele>
      </trkpt>
      <trkpt lat="46.172362882643938" lon="12.716224864125252">
        <ele>265.0859375</ele>
      </trkpt>
      <trkpt lat="46.172576788812876" lon="12.716915113851428">
        <ele>263.5078125</ele>
      </trkpt>
      <trkpt lat="46.172727746888995" lon="12.717298753559589">
        <ele>262.9375</ele>
      </trkpt>
      <trkpt lat="46.172748617827892" lon="12.717530848458409">
        <ele>262.90234375</ele>
      </trkpt>
      <trkpt lat="46.172700505703688" lon="12.717840475961566">
        <ele>263</ele>
      </trkpt>
      <trkpt lat="46.172446198761463" lon="12.717964360490441">
        <ele>263.1328125</ele>
      </trkpt>
      <trkpt lat="46.172468913719058" lon="12.71807081066072">
        <ele>263.01171875</ele>
      </trkpt>
      <trkpt lat="46.172635210677981" lon="12.71848127245903">
        <ele>262.375</ele>
      </trkpt>
      <trkpt lat="46.172658763825893" lon="12.718602977693081">
        <ele>262.25</ele>
      </trkpt>
      <trkpt lat="46.172621045261621" lon="12.718648910522461">
        <ele>262.0625</ele>
      </trkpt>
      <trkpt lat="46.172554241493344" lon="12.718585794791579">
        <ele>261.97265625</ele>
      </trkpt>
      <trkpt lat="46.172468326985836" lon="12.718370882794261">
        <ele>262.2734375</ele>
      </trkpt>
      <trkpt lat="46.172409569844604" lon="12.718308353796601">
        <ele>262.35546875</ele>
      </trkpt>
      <trkpt lat="46.172338994219899" lon="12.71828387863934">
        <ele>262.34375</ele>
      </trkpt>
      <trkpt lat="46.171838007867336" lon="12.718546148389578">
        <ele>260.3203125</ele>
      </trkpt>
      <trkpt lat="46.171488985419273" lon="12.718725437298417">
        <ele>260.41015625</ele>
      </trkpt>
      <trkpt lat="46.171282874420285" lon="12.718824511393905">
        <ele>260.5859375</ele>
      </trkpt>
      <trkpt lat="46.171175669878721" lon="12.71891470067203">
        <ele>260.50390625</ele>
      </trkpt>
      <trkpt lat="46.171134850010276" lon="12.718979995697737">
        <ele>260.43359375</ele>
      </trkpt>
      <trkpt lat="46.171077098697424" lon="12.719151321798563">
        <ele>260.03515625</ele>
      </trkpt>
      <trkpt lat="46.171008870005608" lon="12.719396827742457">
        <ele>259.4453125</ele>
      </trkpt>
      <trkpt lat="46.17088096216321" lon="12.719631269574165">
        <ele>259.51171875</ele>
      </trkpt>
      <trkpt lat="46.170812482014298" lon="12.719727074727416">
        <ele>259.6796875</ele>
      </trkpt>
      <trkpt lat="46.170754982158542" lon="12.719698576256633">
        <ele>260.18359375</ele>
      </trkpt>
      <trkpt lat="46.170967128127813" lon="12.720030583441257">
        <ele>258.09765625</ele>
      </trkpt>
      <trkpt lat="46.171137280762196" lon="12.720407517626882">
        <ele>257.0859375</ele>
      </trkpt>
      <trkpt lat="46.171226548030972" lon="12.720686970278621">
        <ele>256.796875</ele>
      </trkpt>
      <trkpt lat="46.171290585771203" lon="12.720886627212167">
        <ele>256.8046875</ele>
      </trkpt>
      <trkpt lat="46.171289160847664" lon="12.720982348546386">
        <ele>256.83984375</ele>
      </trkpt>
      <trkpt lat="46.17126896046102" lon="12.721090642735362">
        <ele>256.890625</ele>
      </trkpt>
      <trkpt lat="46.171228056773543" lon="12.721220646053553">
        <ele>256.9453125</ele>
      </trkpt>
      <trkpt lat="46.171156642958522" lon="12.721360204741359">
        <ele>256.9921875</ele>
      </trkpt>
      <trkpt lat="46.17096503265202" lon="12.721648961305618">
        <ele>256.92578125</ele>
      </trkpt>
      <trkpt lat="46.170688010752201" lon="12.722065038979053">
        <ele>256.8203125</ele>
      </trkpt>
      <trkpt lat="46.170363966375589" lon="12.722577257081866">
        <ele>256.09375</ele>
      </trkpt>
      <trkpt lat="46.170237986370921" lon="12.7227240242064">
        <ele>255.83984375</ele>
      </trkpt>
      <trkpt lat="46.170199010521173" lon="12.72276702336967">
        <ele>255.765625</ele>
      </trkpt>
      <trkpt lat="46.170086022466421" lon="12.72285402752459">
        <ele>255.875</ele>
      </trkpt>
      <trkpt lat="46.169999437406659" lon="12.722854698076844">
        <ele>256.1171875</ele>
      </trkpt>
      <trkpt lat="46.169868009164929" lon="12.722833994776011">
        <ele>256.58984375</ele>
      </trkpt>
      <trkpt lat="46.169752506539226" lon="12.722831564024091">
        <ele>256.94921875</ele>
      </trkpt>
      <trkpt lat="46.169648319482803" lon="12.722851345315576">
        <ele>257.13671875</ele>
      </trkpt>
      <trkpt lat="46.169479005038738" lon="12.722991993650794">
        <ele>256.546875</ele>
      </trkpt>
      <trkpt lat="46.169377584010363" lon="12.723066508769989">
        <ele>256.11328125</ele>
      </trkpt>
      <trkpt lat="46.169248670339584" lon="12.72333238273859">
        <ele>255.77734375</ele>
      </trkpt>
      <trkpt lat="46.169174825772643" lon="12.723762961104512">
        <ele>254.51953125</ele>
      </trkpt>
      <trkpt lat="46.169102573767304" lon="12.724173171445727">
        <ele>253.87109375</ele>
      </trkpt>
      <trkpt lat="46.169077008962631" lon="12.724320525303483">
        <ele>253.74609375</ele>
      </trkpt>
      <trkpt lat="46.169044570997357" lon="12.724436027929187">
        <ele>253.6875</ele>
      </trkpt>
      <trkpt lat="46.168948179110885" lon="12.724783625453711">
        <ele>253.5625</ele>
      </trkpt>
      <trkpt lat="46.168858157470822" lon="12.724982863292098">
        <ele>254.125</ele>
      </trkpt>
      <trkpt lat="46.1687798704952" lon="12.725146561861038">
        <ele>254.6015625</ele>
      </trkpt>
      <trkpt lat="46.168720023706555" lon="12.725335992872715">
        <ele>255.046875</ele>
      </trkpt>
      <trkpt lat="46.168670821934938" lon="12.725470773875713">
        <ele>255.38671875</ele>
      </trkpt>
      <trkpt lat="46.168619021773338" lon="12.725677136331797">
        <ele>255.90234375</ele>
      </trkpt>
      <trkpt lat="46.168584572151303" lon="12.725825496017933">
        <ele>256.3671875</ele>
      </trkpt>
      <trkpt lat="46.168582225218415" lon="12.726078294217587">
        <ele>256.93359375</ele>
      </trkpt>
      <trkpt lat="46.168690351769328" lon="12.726369900628924">
        <ele>256.81640625</ele>
      </trkpt>
      <trkpt lat="46.168636037036777" lon="12.726537035778165">
        <ele>257.265625</ele>
      </trkpt>
      <trkpt lat="46.168574932962656" lon="12.726668464019895">
        <ele>257.7109375</ele>
      </trkpt>
      <trkpt lat="46.168458256870508" lon="12.726841382682323">
        <ele>258.328125</ele>
      </trkpt>
      <trkpt lat="46.168358596041799" lon="12.727131564170122">
        <ele>258.671875</ele>
      </trkpt>
      <trkpt lat="46.168217863887548" lon="12.727476060390472">
        <ele>258.421875</ele>
      </trkpt>
      <trkpt lat="46.168158436194062" lon="12.72764403373003">
        <ele>258.14453125</ele>
      </trkpt>
      <trkpt lat="46.168026002123952" lon="12.728048041462898">
        <ele>257.5390625</ele>
      </trkpt>
      <trkpt lat="46.168016027659178" lon="12.728129010647535">
        <ele>257.37890625</ele>
      </trkpt>
      <trkpt lat="46.168012004345655" lon="12.728154994547367">
        <ele>257.3359375</ele>
      </trkpt>
      <trkpt lat="46.168006220832467" lon="12.728225905448198">
        <ele>257.19140625</ele>
      </trkpt>
      <trkpt lat="46.168047543615103" lon="12.728525139391422">
        <ele>256.2734375</ele>
      </trkpt>
      <trkpt lat="46.168041592463851" lon="12.72868188098073">
        <ele>255.92578125</ele>
      </trkpt>
      <trkpt lat="46.168010663241148" lon="12.728831497952342">
        <ele>255.71875</ele>
      </trkpt>
      <trkpt lat="46.167939668521285" lon="12.729125367477536">
        <ele>255.53515625</ele>
      </trkpt>
      <trkpt lat="46.167918043211102" lon="12.729354361072183">
        <ele>255.30078125</ele>
      </trkpt>
      <trkpt lat="46.16789884865284" lon="12.72953893058002">
        <ele>255.1328125</ele>
      </trkpt>
      <trkpt lat="46.16789692081511" lon="12.729578912258148">
        <ele>255.0859375</ele>
      </trkpt>
      <trkpt lat="46.16791158914566" lon="12.729631550610065">
        <ele>254.921875</ele>
      </trkpt>
      <trkpt lat="46.168008986860514" lon="12.729767085984349">
        <ele>254.09375</ele>
      </trkpt>
      <trkpt lat="46.168066821992397" lon="12.729872865602374">
        <ele>253.421875</ele>
      </trkpt>
      <trkpt lat="46.168057015165687" lon="12.729955008253455">
        <ele>253.2265625</ele>
      </trkpt>
      <trkpt lat="46.168030193075538" lon="12.730010161176324">
        <ele>253.20703125</ele>
      </trkpt>
      <trkpt lat="46.168000772595406" lon="12.730070007964969">
        <ele>253.1796875</ele>
      </trkpt>
      <trkpt lat="46.167971855029464" lon="12.73015215061605">
        <ele>253.078125</ele>
      </trkpt>
      <trkpt lat="46.167946038767695" lon="12.730222977697849">
        <ele>252.98828125</ele>
      </trkpt>
      <trkpt lat="46.167823998257518" lon="12.730440990999341">
        <ele>252.88671875</ele>
      </trkpt>
      <trkpt lat="46.167617971077561" lon="12.730836030095816">
        <ele>252.0546875</ele>
      </trkpt>
      <trkpt lat="46.167507665231824" lon="12.731058234348893">
        <ele>251.56640625</ele>
      </trkpt>
      <trkpt lat="46.16727146320045" lon="12.731409268453717">
        <ele>251.59765625</ele>
      </trkpt>
      <trkpt lat="46.166965942829847" lon="12.731866501271725">
        <ele>252.81640625</ele>
      </trkpt>
      <trkpt lat="46.166777601465583" lon="12.732166238129139">
        <ele>253.296875</ele>
      </trkpt>
      <trkpt lat="46.166598983108997" lon="12.732454994693398">
        <ele>252.8828125</ele>
      </trkpt>
      <trkpt lat="46.166442073881626" lon="12.732677701860666">
        <ele>252.74609375</ele>
      </trkpt>
      <trkpt lat="46.16633185185492" lon="12.732942486181855">
        <ele>252.5625</ele>
      </trkpt>
      <trkpt lat="46.166261192411184" lon="12.732997136190534">
        <ele>252.828125</ele>
      </trkpt>
      <trkpt lat="46.166142588481307" lon="12.733088498935103">
        <ele>253.32421875</ele>
      </trkpt>
      <trkpt lat="46.165746627375484" lon="12.733311457559466">
        <ele>253.59765625</ele>
      </trkpt>
      <trkpt lat="46.165351672098041" lon="12.733576241880655">
        <ele>253.515625</ele>
      </trkpt>
      <trkpt lat="46.165034165605903" lon="12.733789058402181">
        <ele>253.2578125</ele>
      </trkpt>
      <trkpt lat="46.164829144254327" lon="12.733930377289653">
        <ele>252.9296875</ele>
      </trkpt>
      <trkpt lat="46.164746079593897" lon="12.733985697850585">
        <ele>252.7734375</ele>
      </trkpt>
      <trkpt lat="46.164681036025286" lon="12.734017968177795">
        <ele>252.6875</ele>
      </trkpt>
      <trkpt lat="46.164637701585889" lon="12.734054010361433">
        <ele>252.59375</ele>
      </trkpt>
      <trkpt lat="46.164677934721112" lon="12.734102206304669">
        <ele>252.44921875</ele>
      </trkpt>
      <trkpt lat="46.164682041853666" lon="12.734159035608172">
        <ele>252.28515625</ele>
      </trkpt>
      <trkpt lat="46.164706852287054" lon="12.734303371980786">
        <ele>251.859375</ele>
      </trkpt>
      <trkpt lat="46.164739960804582" lon="12.734609981998801">
        <ele>250.94140625</ele>
      </trkpt>
      <trkpt lat="46.16478631272912" lon="12.73497149348259">
        <ele>250.2265625</ele>
      </trkpt>
      <trkpt lat="46.164829144254327" lon="12.735113902017474">
        <ele>250.00390625</ele>
      </trkpt>
      <trkpt lat="46.16491237655282" lon="12.73539855144918">
        <ele>249.5625</ele>
      </trkpt>
      <trkpt lat="46.164964847266674" lon="12.735573900863528">
        <ele>249.2890625</ele>
      </trkpt>
      <trkpt lat="46.165019664913416" lon="12.735808929428458">
        <ele>248.65625</ele>
      </trkpt>
      <trkpt lat="46.165057802572846" lon="12.736044125631452">
        <ele>248.046875</ele>
      </trkpt>
      <trkpt lat="46.165126534178853" lon="12.736468082293868">
        <ele>246.87890625</ele>
      </trkpt>
      <trkpt lat="46.165259052067995" lon="12.736861445009708">
        <ele>245.265625</ele>
      </trkpt>
      <trkpt lat="46.165335746482015" lon="12.737055066972971">
        <ele>244.47265625</ele>
      </trkpt>
      <trkpt lat="46.165449991822243" lon="12.737340973690152">
        <ele>243.546875</ele>
      </trkpt>
      <trkpt lat="46.165582509711385" lon="12.737658899277449">
        <ele>242.81640625</ele>
      </trkpt>
      <trkpt lat="46.165759032592177" lon="12.73801177740097">
        <ele>241.7890625</ele>
      </trkpt>
      <trkpt lat="46.16590479388833" lon="12.738286033272743">
        <ele>241.3203125</ele>
      </trkpt>
      <trkpt lat="46.166074275970459" lon="12.738602366298437">
        <ele>240.9296875</ele>
      </trkpt>
      <trkpt lat="46.166157675907016" lon="12.738754414021969">
        <ele>240.73828125</ele>
      </trkpt>
      <trkpt lat="46.166072934865952" lon="12.738973181694746">
        <ele>240.8359375</ele>
      </trkpt>
      <trkpt lat="46.166053991764784" lon="12.739223968237638">
        <ele>240.578125</ele>
      </trkpt>
      <trkpt lat="46.166057009249926" lon="12.739433012902737">
        <ele>240.3203125</ele>
      </trkpt>
      <trkpt lat="46.166061032563448" lon="12.739520017057657">
        <ele>240.20703125</ele>
      </trkpt>
      <trkpt lat="46.166077964007854" lon="12.739730989560485">
        <ele>239.9140625</ele>
      </trkpt>
      <trkpt lat="46.16608802229166" lon="12.739900974556804">
        <ele>239.68359375</ele>
      </trkpt>
      <trkpt lat="46.166091039776802" lon="12.739931987598538">
        <ele>239.640625</ele>
      </trkpt>
      <trkpt lat="46.166108977049589" lon="12.740015974268317">
        <ele>239.49609375</ele>
      </trkpt>
      <trkpt lat="46.166150886565447" lon="12.740124939009547">
        <ele>239.265625</ele>
      </trkpt>
      <trkpt lat="46.166189024224877" lon="12.740246979519725">
        <ele>239.02734375</ele>
      </trkpt>
      <trkpt lat="46.166194975376129" lon="12.740263994783163">
        <ele>238.9921875</ele>
      </trkpt>
      <trkpt lat="46.166229173541069" lon="12.74035669863224">
        <ele>238.796875</ele>
      </trkpt>
      <trkpt lat="46.166278375312686" lon="12.740526683628559">
        <ele>238.4765625</ele>
      </trkpt>
      <trkpt lat="46.166292037814856" lon="12.740582004189491">
        <ele>238.39453125</ele>
      </trkpt>
      <trkpt lat="46.166279967874289" lon="12.740629026666284">
        <ele>238.44921875</ele>
      </trkpt>
      <trkpt lat="46.166190365329385" lon="12.740851901471615">
        <ele>238.84765625</ele>
      </trkpt>
      <trkpt lat="46.166138146072626" lon="12.740992130711675">
        <ele>239.14453125</ele>
      </trkpt>
      <trkpt lat="46.166095230728388" lon="12.741097155958414">
        <ele>239.40625</ele>
      </trkpt>
      <trkpt lat="46.166075365617871" lon="12.741269571706653">
        <ele>239.67578125</ele>
      </trkpt>
      <trkpt lat="46.166094979271293" lon="12.741365376859903">
        <ele>239.6875</ele>
      </trkpt>
      <trkpt lat="46.166094979271293" lon="12.741692438721657">
        <ele>239.37890625</ele>
      </trkpt>
      <trkpt lat="46.166013926267624" lon="12.741921516135335">
        <ele>239.484375</ele>
      </trkpt>
      <trkpt lat="46.165877552703023" lon="12.742324350401759">
        <ele>239.6640625</ele>
      </trkpt>
      <trkpt lat="46.165850982069969" lon="12.742542028427124">
        <ele>239.53125</ele>
      </trkpt>
      <trkpt lat="46.165843019261956" lon="12.742589972913265">
        <ele>239.51171875</ele>
      </trkpt>
      <trkpt lat="46.165790213271976" lon="12.742726430296898">
        <ele>239.6015625</ele>
      </trkpt>
      <trkpt lat="46.165784010663629" lon="12.742930026724935">
        <ele>239.38671875</ele>
      </trkpt>
      <trkpt lat="46.16579432040453" lon="12.743490356951952">
        <ele>237.80078125</ele>
      </trkpt>
      <trkpt lat="46.16576699540019" lon="12.743643745779991">
        <ele>237.45703125</ele>
      </trkpt>
      <trkpt lat="46.165726678445935" lon="12.743791937828064">
        <ele>237.21484375</ele>
      </trkpt>
      <trkpt lat="46.165648559108377" lon="12.744171302765608">
        <ele>236.5390625</ele>
      </trkpt>
      <trkpt lat="46.165554011240602" lon="12.744458969682455">
        <ele>236.1796875</ele>
      </trkpt>
      <trkpt lat="46.16551729850471" lon="12.74454714730382">
        <ele>236.09375</ele>
      </trkpt>
      <trkpt lat="46.165458960458636" lon="12.744651585817337">
        <ele>236.05078125</ele>
      </trkpt>
      <trkpt lat="46.165363993495703" lon="12.744846967980266">
        <ele>235.96875</ele>
      </trkpt>
      <trkpt lat="46.165348989889026" lon="12.744894996285439">
        <ele>235.92578125</ele>
      </trkpt>
      <trkpt lat="46.165328035131097" lon="12.744943024590611">
        <ele>235.91015625</ele>
      </trkpt>
      <trkpt lat="46.165298027917743" lon="12.745032962411642">
        <ele>235.83984375</ele>
      </trkpt>
      <trkpt lat="46.16527296602726" lon="12.745098005980253">
        <ele>235.80078125</ele>
      </trkpt>
      <trkpt lat="46.16524999961257" lon="12.745161959901452">
        <ele>235.7578125</ele>
      </trkpt>
      <trkpt lat="46.165166012942791" lon="12.745425989851356">
        <ele>235.47265625</ele>
      </trkpt>
      <trkpt lat="46.165134999901056" lon="12.745531015098095">
        <ele>235.3359375</ele>
      </trkpt>
      <trkpt lat="46.165004158392549" lon="12.745805773884058">
        <ele>235.2890625</ele>
      </trkpt>
      <trkpt lat="46.165008181706071" lon="12.745855562388897">
        <ele>235.18359375</ele>
      </trkpt>
      <trkpt lat="46.165017820894718" lon="12.745919348672032">
        <ele>235.01953125</ele>
      </trkpt>
      <trkpt lat="46.164987981319427" lon="12.746029989793897">
        <ele>234.9609375</ele>
      </trkpt>
      <trkpt lat="46.164914974942803" lon="12.746187318116426">
        <ele>235.07421875</ele>
      </trkpt>
      <trkpt lat="46.164851356297731" lon="12.746491245925426">
        <ele>235.015625</ele>
      </trkpt>
      <trkpt lat="46.164782037958503" lon="12.746842028573155">
        <ele>235.01171875</ele>
      </trkpt>
      <trkpt lat="46.164765022695065" lon="12.746924003586173">
        <ele>235.015625</ele>
      </trkpt>
      <trkpt lat="46.164749013260007" lon="12.747011007741094">
        <ele>235.00390625</ele>
      </trkpt>
      <trkpt lat="46.164716994389892" lon="12.747122989967465">
        <ele>235.0625</ele>
      </trkpt>
      <trkpt lat="46.164659829810262" lon="12.747323149815202">
        <ele>235.1328125</ele>
      </trkpt>
      <trkpt lat="46.164592271670699" lon="12.747546527534723">
        <ele>235.125</ele>
      </trkpt>
      <trkpt lat="46.164561426267028" lon="12.747622467577457">
        <ele>235.14453125</ele>
      </trkpt>
      <trkpt lat="46.164469979703426" lon="12.747793961316347">
        <ele>235.2265625</ele>
      </trkpt>
      <trkpt lat="46.16445598192513" lon="12.747850036248565">
        <ele>235.1640625</ele>
      </trkpt>
      <trkpt lat="46.164402337744832" lon="12.747959839180112">
        <ele>235.13671875</ele>
      </trkpt>
      <trkpt lat="46.16439395584166" lon="12.748024547472596">
        <ele>235.01953125</ele>
      </trkpt>
      <trkpt lat="46.164423963055015" lon="12.748089004307985">
        <ele>234.7578125</ele>
      </trkpt>
      <trkpt lat="46.164397979155183" lon="12.748215151950717">
        <ele>234.55078125</ele>
      </trkpt>
      <trkpt lat="46.164365289732814" lon="12.748392429202795">
        <ele>234.2265625</ele>
      </trkpt>
      <trkpt lat="46.164382975548506" lon="12.748538022860885">
        <ele>233.828125</ele>
      </trkpt>
      <trkpt lat="46.164357410743833" lon="12.748697698116302">
        <ele>233.515625</ele>
      </trkpt>
      <trkpt lat="46.164396973326802" lon="12.748944628983736">
        <ele>232.91015625</ele>
      </trkpt>
      <trkpt lat="46.164453970268369" lon="12.749287029728293">
        <ele>232.66015625</ele>
      </trkpt>
      <trkpt lat="46.164467968046665" lon="12.749432036653161">
        <ele>232.58203125</ele>
      </trkpt>
      <trkpt lat="46.164486994966865" lon="12.749538822099566">
        <ele>232.48046875</ele>
      </trkpt>
      <trkpt lat="46.164462435990572" lon="12.749711824581027">
        <ele>232.5703125</ele>
      </trkpt>
      <trkpt lat="46.164444331079721" lon="12.749893208965659">
        <ele>232.4453125</ele>
      </trkpt>
      <trkpt lat="46.164357662200928" lon="12.75012731552124">
        <ele>232.55859375</ele>
      </trkpt>
      <trkpt lat="46.164357997477055" lon="12.75020400993526">
        <ele>232.46875</ele>
      </trkpt>
      <trkpt lat="46.164351962506771" lon="12.750249020755291">
        <ele>232.4296875</ele>
      </trkpt>
      <trkpt lat="46.1643470171839" lon="12.750338958576322">
        <ele>232.33203125</ele>
      </trkpt>
      <trkpt lat="46.1643470171839" lon="12.750390004366636">
        <ele>232.26953125</ele>
      </trkpt>
      <trkpt lat="46.164342993870378" lon="12.750425040721893">
        <ele>232.23828125</ele>
      </trkpt>
      <trkpt lat="46.164340982213616" lon="12.750509027391672">
        <ele>232.140625</ele>
      </trkpt>
      <trkpt lat="46.164338970556855" lon="12.75052503682673">
        <ele>232.12890625</ele>
      </trkpt>
      <trkpt lat="46.164322961121798" lon="12.750680018216372">
        <ele>231.83984375</ele>
      </trkpt>
      <trkpt lat="46.164310975000262" lon="12.750793006271124">
        <ele>231.59765625</ele>
      </trkpt>
      <trkpt lat="46.164288008585572" lon="12.750883027911186">
        <ele>231.4375</ele>
      </trkpt>
      <trkpt lat="46.164275016635656" lon="12.751025017350912">
        <ele>231.12890625</ele>
      </trkpt>
      <trkpt lat="46.164224306121469" lon="12.751233810558915">
        <ele>230.75</ele>
      </trkpt>
      <trkpt lat="46.164160016924143" lon="12.751532038673759">
        <ele>230.10546875</ele>
      </trkpt>
      <trkpt lat="46.164126992225647" lon="12.751616025343537">
        <ele>229.95703125</ele>
      </trkpt>
      <trkpt lat="46.164117017760873" lon="12.751658018678427">
        <ele>229.8671875</ele>
      </trkpt>
      <trkpt lat="46.164093967527151" lon="12.751718033105135">
        <ele>229.76953125</ele>
      </trkpt>
      <trkpt lat="46.164082987233996" lon="12.75175298564136">
        <ele>229.7109375</ele>
      </trkpt>
      <trkpt lat="46.164071001112461" lon="12.751803025603294">
        <ele>229.61328125</ele>
      </trkpt>
      <trkpt lat="46.164064966142178" lon="12.751842001453042">
        <ele>229.53125</ele>
      </trkpt>
      <trkpt lat="46.164054991677403" lon="12.751890029758215">
        <ele>229.4375</ele>
      </trkpt>
      <trkpt lat="46.16402599029243" lon="12.75205004028976">
        <ele>229.1328125</ele>
      </trkpt>
      <trkpt lat="46.164015009999275" lon="12.75215900503099">
        <ele>228.8984375</ele>
      </trkpt>
      <trkpt lat="46.163986930623651" lon="12.752289762720466">
        <ele>228.7421875</ele>
      </trkpt>
      <trkpt lat="46.163959018886089" lon="12.752541974186897">
        <ele>228.421875</ele>
      </trkpt>
      <trkpt lat="46.163938986137509" lon="12.752681029960513">
        <ele>228.28125</ele>
      </trkpt>
      <trkpt lat="46.163897998631001" lon="12.752818996086717">
        <ele>228.265625</ele>
      </trkpt>
      <trkpt lat="46.163870003074408" lon="12.752938019111753">
        <ele>228.2265625</ele>
      </trkpt>
      <trkpt lat="46.163856005296111" lon="12.753058969974518">
        <ele>228.10546875</ele>
      </trkpt>
      <trkpt lat="46.163838990032673" lon="12.753142034634948">
        <ele>227.984375</ele>
      </trkpt>
      <trkpt lat="46.163837984204292" lon="12.753178998827934">
        <ele>227.890625</ele>
      </trkpt>
      <trkpt lat="46.163819963112473" lon="12.753281006589532">
        <ele>227.70703125</ele>
      </trkpt>
      <trkpt lat="46.163802025839686" lon="12.753365999087691">
        <ele>227.5625</ele>
      </trkpt>
      <trkpt lat="46.163794985041022" lon="12.753397012129426">
        <ele>227.5078125</ele>
      </trkpt>
      <trkpt lat="46.163765983656049" lon="12.753502959385514">
        <ele>227.34375</ele>
      </trkpt>
      <trkpt lat="46.163726504892111" lon="12.753623658791184">
        <ele>227.16015625</ele>
      </trkpt>
      <trkpt lat="46.163699766620994" lon="12.753776293247938">
        <ele>226.796875</ele>
      </trkpt>
      <trkpt lat="46.163660623133183" lon="12.753975531086326">
        <ele>226.40234375</ele>
      </trkpt>
      <trkpt lat="46.163638997823" lon="12.754121711477637">
        <ele>226.1640625</ele>
      </trkpt>
      <trkpt lat="46.1636355612427" lon="12.754236878827214">
        <ele>225.9296875</ele>
      </trkpt>
      <trkpt lat="46.163621479645371" lon="12.75434710085392">
        <ele>225.7265625</ele>
      </trkpt>
      <trkpt lat="46.163599099963903" lon="12.754632672294974">
        <ele>225.140625</ele>
      </trkpt>
      <trkpt lat="46.163596836850047" lon="12.754687322303653">
        <ele>225.0234375</ele>
      </trkpt>
      <trkpt lat="46.163583593443036" lon="12.75478589348495">
        <ele>224.8125</ele>
      </trkpt>
      <trkpt lat="46.163505809381604" lon="12.75481523014605">
        <ele>224.875</ele>
      </trkpt>
      <trkpt lat="46.163424924015999" lon="12.754843309521675">
        <ele>225</ele>
      </trkpt>
      <trkpt lat="46.163340015336871" lon="12.754882033914328">
        <ele>225.109375</ele>
      </trkpt>
      <trkpt lat="46.163301877677441" lon="12.75488848797977">
        <ele>225.1875</ele>
      </trkpt>
      <trkpt lat="46.163248736411333" lon="12.754982197657228">
        <ele>225.08984375</ele>
      </trkpt>
      <trkpt lat="46.163176987320185" lon="12.755120918154716">
        <ele>224.9296875</ele>
      </trkpt>
      <trkpt lat="46.16314060986042" lon="12.755187386646867">
        <ele>224.85546875</ele>
      </trkpt>
      <trkpt lat="46.162954615429044" lon="12.755409171804786">
        <ele>224.76953125</ele>
      </trkpt>
      <trkpt lat="46.162871047854424" lon="12.755520064383745">
        <ele>224.703125</ele>
      </trkpt>
      <trkpt lat="46.162668038159609" lon="12.755846958607435">
        <ele>224.34375</ele>
      </trkpt>
      <trkpt lat="46.162601988762617" lon="12.755918959155679">
        <ele>224.21484375</ele>
      </trkpt>
      <trkpt lat="46.162531413137913" lon="12.756020966917276">
        <ele>223.9921875</ele>
      </trkpt>
      <trkpt lat="46.162467794492841" lon="12.756121214479208">
        <ele>223.75</ele>
      </trkpt>
      <trkpt lat="46.162292109802365" lon="12.756244596093893">
        <ele>223.44921875</ele>
      </trkpt>
      <trkpt lat="46.162124220281839" lon="12.756319614127278">
        <ele>223.2421875</ele>
      </trkpt>
      <trkpt lat="46.161932861432433" lon="12.756435954943299">
        <ele>222.94921875</ele>
      </trkpt>
      <trkpt lat="46.161851054057479" lon="12.75651122443378">
        <ele>222.8046875</ele>
      </trkpt>
      <trkpt lat="46.161678051576018" lon="12.756616668775678">
        <ele>222.26171875</ele>
      </trkpt>
      <trkpt lat="46.161481495946646" lon="12.756730746477842">
        <ele>221.65234375</ele>
      </trkpt>
      <trkpt lat="46.161456517875195" lon="12.756764777004719">
        <ele>221.5546875</ele>
      </trkpt>
      <trkpt lat="46.161460457369685" lon="12.756851781159639">
        <ele>221.45703125</ele>
      </trkpt>
      <trkpt lat="46.161463726311922" lon="12.756968792527914">
        <ele>221.32421875</ele>
      </trkpt>
      <trkpt lat="46.16149784065783" lon="12.757133916020393">
        <ele>221.20703125</ele>
      </trkpt>
      <trkpt lat="46.161562465131283" lon="12.757289651781321">
        <ele>221.15625</ele>
      </trkpt>
      <trkpt lat="46.161611080169678" lon="12.75736290961504">
        <ele>221.14453125</ele>
      </trkpt>
      <trkpt lat="46.161691211163998" lon="12.757481429725885">
        <ele>221.0859375</ele>
      </trkpt>
      <trkpt lat="46.161699257791042" lon="12.757575642317533">
        <ele>220.91796875</ele>
      </trkpt>
      <trkpt lat="46.161667993292212" lon="12.757644038647413">
        <ele>220.75</ele>
      </trkpt>
      <trkpt lat="46.161641003564" lon="12.757697012275457">
        <ele>220.62890625</ele>
      </trkpt>
      <trkpt lat="46.161567578092217" lon="12.757789716124535">
        <ele>220.41015625</ele>
      </trkpt>
      <trkpt lat="46.161524998024106" lon="12.757960958406329">
        <ele>220.13671875</ele>
      </trkpt>
      <trkpt lat="46.161538241431117" lon="12.758107641711831">
        <ele>219.91015625</ele>
      </trkpt>
      <trkpt lat="46.161608817055821" lon="12.758438140153885">
        <ele>219.23828125</ele>
      </trkpt>
      <trkpt lat="46.161634046584368" lon="12.758585326373577">
        <ele>218.921875</ele>
      </trkpt>
      <trkpt lat="46.161646032705903" lon="12.758778026327491">
        <ele>218.51171875</ele>
      </trkpt>
      <trkpt lat="46.161689031869173" lon="12.758908029645681">
        <ele>218.22265625</ele>
      </trkpt>
      <trkpt lat="46.161758098751307" lon="12.758947173133492">
        <ele>218.140625</ele>
      </trkpt>
      <trkpt lat="46.161872427910566" lon="12.75896368548274">
        <ele>218</ele>
      </trkpt>
      <trkpt lat="46.161989523097873" lon="12.758988244459033">
        <ele>218.140625</ele>
      </trkpt>
      <trkpt lat="46.162030259147286" lon="12.759114811196923">
        <ele>218.1875</ele>
      </trkpt>
      <trkpt lat="46.162063032388687" lon="12.759260991588235">
        <ele>218.2265625</ele>
      </trkpt>
      <trkpt lat="46.162075018510222" lon="12.759380014613271">
        <ele>218.2421875</ele>
      </trkpt>
      <trkpt lat="46.16209396161139" lon="12.759503982961178">
        <ele>218.265625</ele>
      </trkpt>
      <trkpt lat="46.162137966603041" lon="12.759817969053984">
        <ele>218.2421875</ele>
      </trkpt>
      <trkpt lat="46.162165040150285" lon="12.759954007342458">
        <ele>218.171875</ele>
      </trkpt>
      <trkpt lat="46.162197981029749" lon="12.760146958753467">
        <ele>218.078125</ele>
      </trkpt>
      <trkpt lat="46.1622229591012" lon="12.76034502312541">
        <ele>217.98828125</ele>
      </trkpt>
      <trkpt lat="46.162251960486174" lon="12.760535962879658">
        <ele>217.921875</ele>
      </trkpt>
      <trkpt lat="46.162259001284838" lon="12.760680969804525">
        <ele>217.85546875</ele>
      </trkpt>
      <trkpt lat="46.162251960486174" lon="12.760693039745092">
        <ele>217.8359375</ele>
      </trkpt>
      <trkpt lat="46.162233017385006" lon="12.760725980624557">
        <ele>217.77734375</ele>
      </trkpt>
      <trkpt lat="46.162205021828413" lon="12.760749030858278">
        <ele>217.703125</ele>
      </trkpt>
      <trkpt lat="46.162183983251452" lon="12.760756993666291">
        <ele>217.65625</ele>
      </trkpt>
      <trkpt lat="46.16206462495029" lon="12.760769315063953">
        <ele>217.3984375</ele>
      </trkpt>
      <trkpt lat="46.161971166729927" lon="12.76080577634275">
        <ele>217.19921875</ele>
      </trkpt>
      <trkpt lat="46.161936298012733" lon="12.76084098033607">
        <ele>217.125</ele>
      </trkpt>
      <trkpt lat="46.161927497014403" lon="12.760901581496">
        <ele>217.1015625</ele>
      </trkpt>
      <trkpt lat="46.16192439571023" lon="12.760937372222543">
        <ele>217.09375</ele>
      </trkpt>
      <trkpt lat="46.162005364894867" lon="12.760999733582139">
        <ele>217.23046875</ele>
      </trkpt>
      <trkpt lat="46.162255648523569" lon="12.761195870116353">
        <ele>217.56640625</ele>
      </trkpt>
      <trkpt lat="46.162476008757949" lon="12.761386977508664">
        <ele>217.7265625</ele>
      </trkpt>
      <trkpt lat="46.16256158798933" lon="12.761484878137708">
        <ele>217.91796875</ele>
      </trkpt>
      <trkpt lat="46.162967858836055" lon="12.761938339099288">
        <ele>219.18359375</ele>
      </trkpt>
      <trkpt lat="46.163160055875778" lon="12.762212259694934">
        <ele>219.546875</ele>
      </trkpt>
      <trkpt lat="46.163363233208656" lon="12.762498166412115">
        <ele>220.375</ele>
      </trkpt>
      <trkpt lat="46.163587952032685" lon="12.762585757300258">
        <ele>221.015625</ele>
      </trkpt>
      <trkpt lat="46.163774030283093" lon="12.762681981548667">
        <ele>221.7890625</ele>
      </trkpt>
      <trkpt lat="46.163885006681085" lon="12.762778960168362">
        <ele>222.30078125</ele>
      </trkpt>
      <trkpt lat="46.163891963660717" lon="12.762781977653503">
        <ele>222.32421875</ele>
      </trkpt>
      <trkpt lat="46.16417795419693" lon="12.763103088364005">
        <ele>223.64453125</ele>
      </trkpt>
      <trkpt lat="46.164204692468047" lon="12.763025974854827">
        <ele>223.55078125</ele>
      </trkpt>
      <trkpt lat="46.164466459304094" lon="12.762745264917612">
        <ele>223.89453125</ele>
      </trkpt>
      <trkpt lat="46.164591852575541" lon="12.762615261599422">
        <ele>224.13671875</ele>
      </trkpt>
      <trkpt lat="46.164670726284385" lon="12.762534040957689">
        <ele>224.3125</ele>
      </trkpt>
      <trkpt lat="46.164748929440975" lon="12.762480648234487">
        <ele>224.5234375</ele>
      </trkpt>
      <trkpt lat="46.165040200576186" lon="12.76234108954668">
        <ele>225.43359375</ele>
      </trkpt>
      <trkpt lat="46.165549904108047" lon="12.762339161708951">
        <ele>226.47265625</ele>
      </trkpt>
      <trkpt lat="46.166110737249255" lon="12.762342849746346">
        <ele>227.16796875</ele>
      </trkpt>
      <trkpt lat="46.166366972029209" lon="12.762342011556029">
        <ele>227.25390625</ele>
      </trkpt>
      <trkpt lat="46.166516002267599" lon="12.762347375974059">
        <ele>227.31640625</ele>
      </trkpt>
      <trkpt lat="46.166998883709311" lon="12.762229945510626">
        <ele>227.171875</ele>
      </trkpt>
      <trkpt lat="46.167474808171391" lon="12.761947643011808">
        <ele>227.15234375</ele>
      </trkpt>
      <trkpt lat="46.167713776230812" lon="12.761749662458897">
        <ele>226.8984375</ele>
      </trkpt>
      <trkpt lat="46.168370917439461" lon="12.761206682771444">
        <ele>228.13671875</ele>
      </trkpt>
      <trkpt lat="46.168796299025416" lon="12.76098414324224">
        <ele>229.91015625</ele>
      </trkpt>
      <trkpt lat="46.168985981494188" lon="12.760977018624544">
        <ele>230.9296875</ele>
      </trkpt>
      <trkpt lat="46.169097879901528" lon="12.760963356122375">
        <ele>231.52734375</ele>
      </trkpt>
      <trkpt lat="46.16932955570519" lon="12.760943071916699">
        <ele>232.78125</ele>
      </trkpt>
      <trkpt lat="46.169483028352261" lon="12.760922033339739">
        <ele>233.41015625</ele>
      </trkpt>
      <trkpt lat="46.169560980051756" lon="12.760927984490991">
        <ele>233.69140625</ele>
      </trkpt>
      <trkpt lat="46.169686038047075" lon="12.760946005582809">
        <ele>234.140625</ele>
      </trkpt>
      <trkpt lat="46.169847976416349" lon="12.760994033887982">
        <ele>234.72265625</ele>
      </trkpt>
      <trkpt lat="46.170128015801311" lon="12.761087995022535">
        <ele>235.734375</ele>
      </trkpt>
      <trkpt lat="46.170262964442372" lon="12.761129988357425">
        <ele>236.14453125</ele>
      </trkpt>
      <trkpt lat="46.170718856155872" lon="12.761280527338386">
        <ele>237.2421875</ele>
      </trkpt>
      <trkpt lat="46.170980036258698" lon="12.761294022202492">
        <ele>237.8671875</ele>
      </trkpt>
      <trkpt lat="46.171218417584896" lon="12.761288490146399">
        <ele>237.8359375</ele>
      </trkpt>
      <trkpt lat="46.171553609892726" lon="12.761204587295651">
        <ele>237.65625</ele>
      </trkpt>
      <trkpt lat="46.171973962336779" lon="12.761100986972451">
        <ele>237.78125</ele>
      </trkpt>
      <trkpt lat="46.172294151037931" lon="12.761022197082639">
        <ele>238.171875</ele>
      </trkpt>
      <trkpt lat="46.172492802143097" lon="12.760976599529386">
        <ele>238.37109375</ele>
      </trkpt>
      <trkpt lat="46.172610064968467" lon="12.760945586487651">
        <ele>238.484375</ele>
      </trkpt>
      <trkpt lat="46.172928242012858" lon="12.76086344383657">
        <ele>239.453125</ele>
      </trkpt>
      <trkpt lat="46.173004601150751" lon="12.760853301733732">
        <ele>239.7421875</ele>
      </trkpt>
      <trkpt lat="46.173182213678956" lon="12.760781720280647">
        <ele>240.46484375</ele>
      </trkpt>
      <trkpt lat="46.173455715179443" lon="12.760672084987164">
        <ele>241.58203125</ele>
      </trkpt>
      <trkpt lat="46.17374774068594" lon="12.760463207960129">
        <ele>242.66015625</ele>
      </trkpt>
      <trkpt lat="46.173950247466564" lon="12.760369330644608">
        <ele>243.33984375</ele>
      </trkpt>
      <trkpt lat="46.174102211371064" lon="12.760348962619901">
        <ele>243.7890625</ele>
      </trkpt>
      <trkpt lat="46.175069734454155" lon="12.760511739179492">
        <ele>244.91015625</ele>
      </trkpt>
      <trkpt lat="46.175461253151298" lon="12.760608214884996">
        <ele>245.25390625</ele>
      </trkpt>
      <trkpt lat="46.175831817090511" lon="12.76074668392539">
        <ele>245.53515625</ele>
      </trkpt>
      <trkpt lat="46.176364151760936" lon="12.761027729138732">
        <ele>246.28515625</ele>
      </trkpt>
      <trkpt lat="46.176667828112841" lon="12.761085564270616">
        <ele>247.09765625</ele>
      </trkpt>
      <trkpt lat="46.177382972091436" lon="12.76096117682755">
        <ele>248.10546875</ele>
      </trkpt>
      <trkpt lat="46.178096774965525" lon="12.760946759954095">
        <ele>249.16796875</ele>
      </trkpt>
      <trkpt lat="46.178560461848974" lon="12.760810889303684">
        <ele>249.6328125</ele>
      </trkpt>
      <trkpt lat="46.179035715758801" lon="12.760592121630907">
        <ele>249.6640625</ele>
      </trkpt>
      <trkpt lat="46.179563356563449" lon="12.760170847177505">
        <ele>249.64453125</ele>
      </trkpt>
      <trkpt lat="46.179739544168115" lon="12.760053584352136">
        <ele>249.66796875</ele>
      </trkpt>
      <trkpt lat="46.180256120860577" lon="12.759878067299724">
        <ele>250.15625</ele>
      </trkpt>
      <trkpt lat="46.180700026452541" lon="12.759533990174532">
        <ele>251.16015625</ele>
      </trkpt>
      <trkpt lat="46.181262452155352" lon="12.75911221280694">
        <ele>251.82421875</ele>
      </trkpt>
      <trkpt lat="46.181602757424116" lon="12.758792946115136">
        <ele>252.4140625</ele>
      </trkpt>
      <trkpt lat="46.181935016065836" lon="12.758468985557556">
        <ele>253.1328125</ele>
      </trkpt>
      <trkpt lat="46.182504985481501" lon="12.75813496671617">
        <ele>254.4765625</ele>
      </trkpt>
      <trkpt lat="46.182896001264453" lon="12.757648983970284">
        <ele>255.9765625</ele>
      </trkpt>
      <trkpt lat="46.183392880484462" lon="12.757430300116539">
        <ele>257.43359375</ele>
      </trkpt>
      <trkpt lat="46.183879030868411" lon="12.757151015102863">
        <ele>259.19140625</ele>
      </trkpt>
      <trkpt lat="46.184172984212637" lon="12.757045989856124">
        <ele>259.98828125</ele>
      </trkpt>
      <trkpt lat="46.184509349986911" lon="12.75696175172925">
        <ele>260.8359375</ele>
      </trkpt>
      <trkpt lat="46.184723004698753" lon="12.756964014843106">
        <ele>261.515625</ele>
      </trkpt>
      <trkpt lat="46.184935988858342" lon="12.756737871095538">
        <ele>262.01953125</ele>
      </trkpt>
      <trkpt lat="46.18521049618721" lon="12.756428914144635">
        <ele>263.0625</ele>
      </trkpt>
      <trkpt lat="46.185497995465994" lon="12.755795996636152">
        <ele>264.09765625</ele>
      </trkpt>
      <trkpt lat="46.185687677934766" lon="12.755458457395434">
        <ele>264.78125</ele>
      </trkpt>
      <trkpt lat="46.185685247182846" lon="12.755210939794779">
        <ele>264.7734375</ele>
      </trkpt>
      <trkpt lat="46.185705447569489" lon="12.755041122436523">
        <ele>264.84765625</ele>
      </trkpt>
      <trkpt lat="46.185936871916056" lon="12.754244841635227">
        <ele>266.32421875</ele>
      </trkpt>
      <trkpt lat="46.186030581593513" lon="12.75397184304893">
        <ele>266.92578125</ele>
      </trkpt>
      <trkpt lat="46.186166871339083" lon="12.75369574315846">
        <ele>267.94921875</ele>
      </trkpt>
      <trkpt lat="46.1862419731915" lon="12.75362097658217">
        <ele>268.3515625</ele>
      </trkpt>
      <trkpt lat="46.186311040073633" lon="12.753570014610887">
        <ele>268.67578125</ele>
      </trkpt>
      <trkpt lat="46.186574986204505" lon="12.753365999087691">
        <ele>269.83203125</ele>
      </trkpt>
      <trkpt lat="46.186882015317678" lon="12.75327698327601">
        <ele>270.84765625</ele>
      </trkpt>
      <trkpt lat="46.187002966180444" lon="12.753309002146125">
        <ele>271.34765625</ele>
      </trkpt>
      <trkpt lat="46.187032805755734" lon="12.753617959097028">
        <ele>271.03125</ele>
      </trkpt>
      <trkpt lat="46.187074966728687" lon="12.753806803375483">
        <ele>270.9140625</ele>
      </trkpt>
      <trkpt lat="46.187160965055227" lon="12.753905961290002">
        <ele>271.08984375</ele>
      </trkpt>
      <trkpt lat="46.187301026657224" lon="12.754076030105352">
        <ele>271.59375</ele>
      </trkpt>
      <trkpt lat="46.18740001693368" lon="12.754232520237565">
        <ele>271.94921875</ele>
      </trkpt>
      <trkpt lat="46.187436394393444" lon="12.754466542974114">
        <ele>272.08203125</ele>
      </trkpt>
      <trkpt lat="46.187385013327003" lon="12.754760999232531">
        <ele>271.8828125</ele>
      </trkpt>
      <trkpt lat="46.18733799085021" lon="12.755007008090615">
        <ele>271.5859375</ele>
      </trkpt>
      <trkpt lat="46.187332961708307" lon="12.755084959790111">
        <ele>271.5234375</ele>
      </trkpt>
      <trkpt lat="46.187306558713317" lon="12.755193589255214">
        <ele>271.35546875</ele>
      </trkpt>
      <trkpt lat="46.187375038862228" lon="12.755337003618479">
        <ele>271.58203125</ele>
      </trkpt>
      <trkpt lat="46.187677038833499" lon="12.756167985498905">
        <ele>271.48828125</ele>
      </trkpt>
      <trkpt lat="46.187792206183076" lon="12.756578614935279">
        <ele>272.21484375</ele>
      </trkpt>
      <trkpt lat="46.187815675511956" lon="12.757017575204372">
        <ele>272.3359375</ele>
      </trkpt>
      <trkpt lat="46.187900165095925" lon="12.758089955896139">
        <ele>275.48046875</ele>
      </trkpt>
      <trkpt lat="46.188051961362362" lon="12.758593959733844">
        <ele>278.42578125</ele>
      </trkpt>
      <trkpt lat="46.188171990215778" lon="12.759039960801601">
        <ele>280.125</ele>
      </trkpt>
      <trkpt lat="46.188194034621119" lon="12.759111961349845">
        <ele>280.19921875</ele>
      </trkpt>
      <trkpt lat="46.188267040997744" lon="12.759349001571536">
        <ele>280.3515625</ele>
      </trkpt>
      <trkpt lat="46.188597455620766" lon="12.760617602616549">
        <ele>280.90234375</ele>
      </trkpt>
      <trkpt lat="46.188762998208404" lon="12.76118203997612">
        <ele>282.953125</ele>
      </trkpt>
      <trkpt lat="46.188875986263156" lon="12.761654024943709">
        <ele>283.421875</ele>
      </trkpt>
      <trkpt lat="46.188967181369662" lon="12.762272357940674">
        <ele>281.84375</ele>
      </trkpt>
      <trkpt lat="46.189150996506214" lon="12.762791030108929">
        <ele>282.0234375</ele>
      </trkpt>
      <trkpt lat="46.189432041719556" lon="12.763649001717567">
        <ele>280.41796875</ele>
      </trkpt>
      <trkpt lat="46.189484931528568" lon="12.76389442384243">
        <ele>279.3984375</ele>
      </trkpt>
      <trkpt lat="46.189657934010029" lon="12.764153173193336">
        <ele>281.7734375</ele>
      </trkpt>
      <trkpt lat="46.189930010586977" lon="12.764577968046069">
        <ele>281.7734375</ele>
      </trkpt>
      <trkpt lat="46.190118016675115" lon="12.764936964958906">
        <ele>279.234375</ele>
      </trkpt>
      <trkpt lat="46.19019404053688" lon="12.765068979933858">
        <ele>278.3046875</ele>
      </trkpt>
      <trkpt lat="46.190438037738204" lon="12.765478016808629">
        <ele>277.3203125</ele>
      </trkpt>
      <trkpt lat="46.19083902798593" lon="12.765943966805935">
        <ele>279.3046875</ele>
      </trkpt>
      <trkpt lat="46.190878003835678" lon="12.765988977625966">
        <ele>279.3125</ele>
      </trkpt>
      <trkpt lat="46.190919997170568" lon="12.766029965132475">
        <ele>279.37890625</ele>
      </trkpt>
      <trkpt lat="46.19101102463901" lon="12.766143037006259">
        <ele>278.953125</ele>
      </trkpt>
      <trkpt lat="46.191106997430325" lon="12.766287960112095">
        <ele>278.6640625</ele>
      </trkpt>
      <trkpt lat="46.19137697853148" lon="12.766815014183521">
        <ele>278.42578125</ele>
      </trkpt>
      <trkpt lat="46.191679984331131" lon="12.76726596057415">
        <ele>277.08984375</ele>
      </trkpt>
      <trkpt lat="46.191848712041974" lon="12.76750979013741">
        <ele>277.2109375</ele>
      </trkpt>
      <trkpt lat="46.19207720272243" lon="12.767795277759433">
        <ele>277.625</ele>
      </trkpt>
      <trkpt lat="46.192722106352448" lon="12.768169613555074">
        <ele>278.56640625</ele>
      </trkpt>
      <trkpt lat="46.192848002538085" lon="12.768200961872935">
        <ele>279.32421875</ele>
      </trkpt>
      <trkpt lat="46.192885972559452" lon="12.768218982964754">
        <ele>279.48046875</ele>
      </trkpt>
      <trkpt lat="46.192949004471302" lon="12.768234992399812">
        <ele>279.83203125</ele>
      </trkpt>
      <trkpt lat="46.192977000027895" lon="12.768242033198476">
        <ele>279.98046875</ele>
      </trkpt>
      <trkpt lat="46.192985968664289" lon="12.768251001834869">
        <ele>279.98046875</ele>
      </trkpt>
      <trkpt lat="46.193113038316369" lon="12.768272962421179">
        <ele>280.71484375</ele>
      </trkpt>
      <trkpt lat="46.193164000287652" lon="12.768275979906321">
        <ele>281.0546875</ele>
      </trkpt>
      <trkpt lat="46.193431969732046" lon="12.768296012654901">
        <ele>282.7578125</ele>
      </trkpt>
      <trkpt lat="46.193550573661923" lon="12.768368683755398">
        <ele>282.796875</ele>
      </trkpt>
      <trkpt lat="46.194036891683936" lon="12.768950471654534">
        <ele>279.84765625</ele>
      </trkpt>
      <trkpt lat="46.194228753447533" lon="12.769178878515959">
        <ele>279.94921875</ele>
      </trkpt>
      <trkpt lat="46.194478031247854" lon="12.769478028640151">
        <ele>280.26953125</ele>
      </trkpt>
      <trkpt lat="46.194676011800766" lon="12.769726971164346">
        <ele>280.2890625</ele>
      </trkpt>
      <trkpt lat="46.194874998182058" lon="12.769849011674523">
        <ele>281.1484375</ele>
      </trkpt>
      <trkpt lat="46.194992009550333" lon="12.769900979474187">
        <ele>281.66015625</ele>
      </trkpt>
      <trkpt lat="46.195250004529953" lon="12.769968034699559">
        <ele>283.17578125</ele>
      </trkpt>
      <trkpt lat="46.195376990363002" lon="12.769994018599391">
        <ele>284.33203125</ele>
      </trkpt>
      <trkpt lat="46.195433987304568" lon="12.770006004720926">
        <ele>284.83984375</ele>
      </trkpt>
      <trkpt lat="46.195587040856481" lon="12.770041963085532">
        <ele>286.125</ele>
      </trkpt>
      <trkpt lat="46.195675972849131" lon="12.770084040239453">
        <ele>286.65625</ele>
      </trkpt>
      <trkpt lat="46.195815028622746" lon="12.770184958353639">
        <ele>287.0625</ele>
      </trkpt>
      <trkpt lat="46.195950983092189" lon="12.770345974713564">
        <ele>286.65234375</ele>
      </trkpt>
      <trkpt lat="46.196072017773986" lon="12.770543033257127">
        <ele>285.48046875</ele>
      </trkpt>
      <trkpt lat="46.196103030815721" lon="12.770610004663467">
        <ele>285.30859375</ele>
      </trkpt>
      <trkpt lat="46.196178970858455" lon="12.770791975781322">
        <ele>284.88671875</ele>
      </trkpt>
      <trkpt lat="46.196251977235079" lon="12.770932037383318">
        <ele>284.59375</ele>
      </trkpt>
      <trkpt lat="46.196295982226729" lon="12.771019963547587">
        <ele>284.37109375</ele>
      </trkpt>
      <trkpt lat="46.196349039673805" lon="12.771111996844411">
        <ele>284.15234375</ele>
      </trkpt>
      <trkpt lat="46.196320960298181" lon="12.77120285667479">
        <ele>283.48046875</ele>
      </trkpt>
      <trkpt lat="46.196258766576648" lon="12.771353982388973">
        <ele>282.3203125</ele>
      </trkpt>
      <trkpt lat="46.196134965866804" lon="12.771600997075438">
        <ele>281</ele>
      </trkpt>
      <trkpt lat="46.196044022217393" lon="12.771757990121841">
        <ele>280.20703125</ele>
      </trkpt>
      <trkpt lat="46.195860039442778" lon="12.772028977051377">
        <ele>278.8359375</ele>
      </trkpt>
      <trkpt lat="46.195796169340611" lon="12.772103324532509">
        <ele>278.43359375</ele>
      </trkpt>
      <trkpt lat="46.195741519331932" lon="12.772195441648364">
        <ele>278.04296875</ele>
      </trkpt>
      <trkpt lat="46.195757109671831" lon="12.772348998114467">
        <ele>277.89453125</ele>
      </trkpt>
      <trkpt lat="46.195778902620077" lon="12.772951070219278">
        <ele>277.25390625</ele>
      </trkpt>
      <trkpt lat="46.195778734982014" lon="12.77317151427269">
        <ele>276.9453125</ele>
      </trkpt>
      <trkpt lat="46.195804970338941" lon="12.773488014936447">
        <ele>276.56640625</ele>
      </trkpt>
      <trkpt lat="46.195701453834772" lon="12.77399486862123">
        <ele>275.12109375</ele>
      </trkpt>
      <trkpt lat="46.195547981187701" lon="12.774670030921698">
        <ele>272.4375</ele>
      </trkpt>
      <trkpt lat="46.195450248196721" lon="12.774584284052253">
        <ele>272.31640625</ele>
      </trkpt>
      <trkpt lat="46.195245310664177" lon="12.774464339017868">
        <ele>271.8359375</ele>
      </trkpt>
      <trkpt lat="46.19517900981009" lon="12.774698026478291">
        <ele>271.0234375</ele>
      </trkpt>
      <trkpt lat="46.195087982341647" lon="12.774875974282622">
        <ele>270.5703125</ele>
      </trkpt>
      <trkpt lat="46.195055963471532" lon="12.774949986487627">
        <ele>270.40625</ele>
      </trkpt>
      <trkpt lat="46.195045989006758" lon="12.774968007579446">
        <ele>270.359375</ele>
      </trkpt>
      <trkpt lat="46.194927971810102" lon="12.775293979793787">
        <ele>269.68359375</ele>
      </trkpt>
      <trkpt lat="46.194902993738651" lon="12.775422977283597">
        <ele>269.46875</ele>
      </trkpt>
      <trkpt lat="46.194859994575381" lon="12.775572007521987">
        <ele>269.21484375</ele>
      </trkpt>
      <trkpt lat="46.194809032604098" lon="12.77570997364819">
        <ele>269.09375</ele>
      </trkpt>
      <trkpt lat="46.194762010127306" lon="12.775822039693594">
        <ele>268.98046875</ele>
      </trkpt>
      <trkpt lat="46.194724962115288" lon="12.77588197030127">
        <ele>268.890625</ele>
      </trkpt>
      <trkpt lat="46.194636030122638" lon="12.776066036894917">
        <ele>268.67578125</ele>
      </trkpt>
      <trkpt lat="46.19457601569593" lon="12.776154968887568">
        <ele>268.53125</ele>
      </trkpt>
      <trkpt lat="46.194508038461208" lon="12.776248008012772">
        <ele>268.37109375</ele>
      </trkpt>
      <trkpt lat="46.194432014599442" lon="12.77637499384582">
        <ele>268.1875</ele>
      </trkpt>
      <trkpt lat="46.194410976022482" lon="12.776405001059175">
        <ele>268.1328125</ele>
      </trkpt>
      <trkpt lat="46.19436202570796" lon="12.776463003829122">
        <ele>268.01953125</ele>
      </trkpt>
      <trkpt lat="46.194261023774743" lon="12.776612034067512">
        <ele>267.77734375</ele>
      </trkpt>
      <trkpt lat="46.194111993536353" lon="12.77682401239872">
        <ele>267.41796875</ele>
      </trkpt>
      <trkpt lat="46.194054996594787" lon="12.777009001001716">
        <ele>267.28125</ele>
      </trkpt>
      <trkpt lat="46.193982996046543" lon="12.777198012918234">
        <ele>267.109375</ele>
      </trkpt>
      <trkpt lat="46.193902026861906" lon="12.777361962944269">
        <ele>266.640625</ele>
      </trkpt>
      <trkpt lat="46.193886017426848" lon="12.777381995692849">
        <ele>266.5625</ele>
      </trkpt>
      <trkpt lat="46.193795995786786" lon="12.77744896709919">
        <ele>266.19140625</ele>
      </trkpt>
      <trkpt lat="46.193837989121675" lon="12.777428012341261">
        <ele>266.34765625</ele>
      </trkpt>
      <trkpt lat="46.193834971636534" lon="12.777444021776319">
        <ele>266.30859375</ele>
      </trkpt>
      <trkpt lat="46.193775963038206" lon="12.777504036203027">
        <ele>266.0234375</ele>
      </trkpt>
      <trkpt lat="46.193514028564095" lon="12.777729006484151">
        <ele>264.7578125</ele>
      </trkpt>
      <trkpt lat="46.193415960296988" lon="12.777809975668788">
        <ele>264.5</ele>
      </trkpt>
      <trkpt lat="46.193105997517705" lon="12.778016002848744">
        <ele>264.0390625</ele>
      </trkpt>
      <trkpt lat="46.192958978936076" lon="12.778141982853413">
        <ele>263.54296875</ele>
      </trkpt>
      <trkpt lat="46.192907011136413" lon="12.778141982853413">
        <ele>263.5234375</ele>
      </trkpt>
      <trkpt lat="46.192864011973143" lon="12.778098983690143">
        <ele>263.73046875</ele>
      </trkpt>
      <trkpt lat="46.192738031968474" lon="12.77792296372354">
        <ele>264.01953125</ele>
      </trkpt>
      <trkpt lat="46.192618003115058" lon="12.777760019525886">
        <ele>263.859375</ele>
      </trkpt>
      <trkpt lat="46.192374005913734" lon="12.777423989027739">
        <ele>263.52734375</ele>
      </trkpt>
      <trkpt lat="46.192315835505724" lon="12.777346624061465">
        <ele>263.48046875</ele>
      </trkpt>
      <trkpt lat="46.192232016474009" lon="12.776973964646459">
        <ele>263.609375</ele>
      </trkpt>
      <trkpt lat="46.192208966240287" lon="12.776895007118583">
        <ele>263.64453125</ele>
      </trkpt>
      <trkpt lat="46.192108634859324" lon="12.776656709611416">
        <ele>263.76953125</ele>
      </trkpt>
      <trkpt lat="46.192032359540462" lon="12.776499129831791">
        <ele>263.890625</ele>
      </trkpt>
      <trkpt lat="46.19192423298955" lon="12.776404917240143">
        <ele>263.9765625</ele>
      </trkpt>
      <trkpt lat="46.191855249926448" lon="12.776415478438139">
        <ele>263.9609375</ele>
      </trkpt>
      <trkpt lat="46.191931022331119" lon="12.7765660174191">
        <ele>263.80078125</ele>
      </trkpt>
      <trkpt lat="46.191996987909079" lon="12.77669602073729">
        <ele>263.6875</ele>
      </trkpt>
      <trkpt lat="46.192097486928105" lon="12.776931216940284">
        <ele>263.53125</ele>
      </trkpt>
      <trkpt lat="46.192163703963161" lon="12.777192732319236">
        <ele>263.38671875</ele>
      </trkpt>
      <trkpt lat="46.192147023975849" lon="12.777455002069473">
        <ele>263.1640625</ele>
      </trkpt>
      <trkpt lat="46.192056331783533" lon="12.778477929532528">
        <ele>261.07421875</ele>
      </trkpt>
      <trkpt lat="46.192003861069679" lon="12.77863685041666">
        <ele>260.5625</ele>
      </trkpt>
      <trkpt lat="46.191532965749502" lon="12.780046015977859">
        <ele>258.88671875</ele>
      </trkpt>
      <trkpt lat="46.191488625481725" lon="12.780066384002566">
        <ele>258.984375</ele>
      </trkpt>
      <trkpt lat="46.191374966874719" lon="12.780088344588876">
        <ele>259.32421875</ele>
      </trkpt>
      <trkpt lat="46.190644735470414" lon="12.780464524403214">
        <ele>260.46484375</ele>
      </trkpt>
      <trkpt lat="46.190504254773259" lon="12.780531076714396">
        <ele>260.6171875</ele>
      </trkpt>
      <trkpt lat="46.190211223438382" lon="12.780574578791857">
        <ele>260.94140625</ele>
      </trkpt>
      <trkpt lat="46.189809143543243" lon="12.780688656494021">
        <ele>260.44921875</ele>
      </trkpt>
      <trkpt lat="46.189327519387007" lon="12.781006833538413">
        <ele>259.9453125</ele>
      </trkpt>
      <trkpt lat="46.188949998468161" lon="12.781175980344415">
        <ele>259.140625</ele>
      </trkpt>
      <trkpt lat="46.188693009316921" lon="12.781297015026212">
        <ele>258.484375</ele>
      </trkpt>
      <trkpt lat="46.188552025705576" lon="12.78140002861619">
        <ele>258.08984375</ele>
      </trkpt>
      <trkpt lat="46.188133014366031" lon="12.781675038859248">
        <ele>257.88671875</ele>
      </trkpt>
      <trkpt lat="46.187591962516308" lon="12.782150963321328">
        <ele>257.81640625</ele>
      </trkpt>
      <trkpt lat="46.187322987243533" lon="12.782355984672904">
        <ele>257.55859375</ele>
      </trkpt>
      <trkpt lat="46.187213016673923" lon="12.78243301436305">
        <ele>257.42578125</ele>
      </trkpt>
      <trkpt lat="46.186991985887289" lon="12.782597970217466">
        <ele>257.16015625</ele>
      </trkpt>
      <trkpt lat="46.186676993966103" lon="12.782851019874215">
        <ele>256.78125</ele>
      </trkpt>
      <trkpt lat="46.186367031186819" lon="12.783088982105255">
        <ele>256.41015625</ele>
      </trkpt>
      <trkpt lat="46.186265023425221" lon="12.783168023452163">
        <ele>256.2890625</ele>
      </trkpt>
      <trkpt lat="46.185863027349114" lon="12.78339902870357">
        <ele>255.8046875</ele>
      </trkpt>
      <trkpt lat="46.185524985194206" lon="12.783596003428102">
        <ele>255.3984375</ele>
      </trkpt>
      <trkpt lat="46.185459019616246" lon="12.783641014248133">
        <ele>255.3203125</ele>
      </trkpt>
      <trkpt lat="46.185343014076352" lon="12.78372298926115">
        <ele>255.1796875</ele>
      </trkpt>
      <trkpt lat="46.185309989377856" lon="12.783761965110898">
        <ele>255.140625</ele>
      </trkpt>
      <trkpt lat="46.185306301340461" lon="12.783811502158642">
        <ele>255.13671875</ele>
      </trkpt>
      <trkpt lat="46.185422977432609" lon="12.784191034734249">
        <ele>255.27734375</ele>
      </trkpt>
      <trkpt lat="46.185566978529096" lon="12.78483996167779">
        <ele>255.53515625</ele>
      </trkpt>
      <trkpt lat="46.185607966035604" lon="12.78496996499598">
        <ele>255.65625</ele>
      </trkpt>
      <trkpt lat="46.185690024867654" lon="12.785231983289123">
        <ele>255.84765625</ele>
      </trkpt>
      <trkpt lat="46.185765964910388" lon="12.785459971055388">
        <ele>255.96875</ele>
      </trkpt>
      <trkpt lat="46.185805024579167" lon="12.785554016008973">
        <ele>255.95703125</ele>
      </trkpt>
      <trkpt lat="46.185871995985508" lon="12.785708997398615">
        <ele>255.3125</ele>
      </trkpt>
      <trkpt lat="46.185917006805539" lon="12.785878982394934">
        <ele>254.546875</ele>
      </trkpt>
      <trkpt lat="46.185907032340765" lon="12.785916030406952">
        <ele>254.40234375</ele>
      </trkpt>
      <trkpt lat="46.18587501347065" lon="12.785941008478403">
        <ele>254.34765625</ele>
      </trkpt>
      <trkpt lat="46.185905020684004" lon="12.785981995984912">
        <ele>254.12109375</ele>
      </trkpt>
      <trkpt lat="46.185917006805539" lon="12.785993982106447">
        <ele>254.046875</ele>
      </trkpt>
      <trkpt lat="46.185909966006875" lon="12.785996999591589">
        <ele>254.046875</ele>
      </trkpt>
      <trkpt lat="46.185890017077327" lon="12.785971015691757">
        <ele>254.1953125</ele>
      </trkpt>
      <trkpt lat="46.185899991542101" lon="12.785886023193598">
        <ele>254.5390625</ele>
      </trkpt>
      <trkpt lat="46.185908038169146" lon="12.785862972959876">
        <ele>254.62890625</ele>
      </trkpt>
      <trkpt lat="46.185848023742437" lon="12.785675972700119">
        <ele>255.46484375</ele>
      </trkpt>
      <trkpt lat="46.185688013210893" lon="12.785284034907818">
        <ele>255.875</ele>
      </trkpt>
      <trkpt lat="46.185501012951136" lon="12.784635024145246">
        <ele>255.37109375</ele>
      </trkpt>
      <trkpt lat="46.185393976047635" lon="12.784172175452113">
        <ele>255.2421875</ele>
      </trkpt>
      <trkpt lat="46.185300014913082" lon="12.783869002014399">
        <ele>255.12890625</ele>
      </trkpt>
      <trkpt lat="46.185272522270679" lon="12.783794235438108">
        <ele>255.09375</ele>
      </trkpt>
      <trkpt lat="46.185208484530449" lon="12.783820554614067">
        <ele>255.01953125</ele>
      </trkpt>
      <trkpt lat="46.185120642185211" lon="12.78388517908752">
        <ele>255</ele>
      </trkpt>
      <trkpt lat="46.185056352987885" lon="12.783929686993361">
        <ele>255</ele>
      </trkpt>
      <trkpt lat="46.184945041313767" lon="12.78406597673893">
        <ele>255</ele>
      </trkpt>
      <trkpt lat="46.184847475960851" lon="12.784209558740258">
        <ele>255</ele>
      </trkpt>
      <trkpt lat="46.184655111283064" lon="12.784565454348922">
        <ele>255</ele>
      </trkpt>
      <trkpt lat="46.184527203440666" lon="12.784700905904174">
        <ele>255</ele>
      </trkpt>
      <trkpt lat="46.184142725542188" lon="12.784991255030036">
        <ele>255.1640625</ele>
      </trkpt>
      <trkpt lat="46.183902332559228" lon="12.785249585285783">
        <ele>255.453125</ele>
      </trkpt>
      <trkpt lat="46.183795798569918" lon="12.78536232188344">
        <ele>255.63671875</ele>
      </trkpt>
      <trkpt lat="46.183660347014666" lon="12.785496348515153">
        <ele>255.89453125</ele>
      </trkpt>
      <trkpt lat="46.183546772226691" lon="12.785656359046698">
        <ele>256</ele>
      </trkpt>
      <trkpt lat="46.183489942923188" lon="12.785762222483754">
        <ele>255.91015625</ele>
      </trkpt>
      <trkpt lat="46.183410985395312" lon="12.785893147811294">
        <ele>255.71875</ele>
      </trkpt>
      <trkpt lat="46.183382989838719" lon="12.785980403423309">
        <ele>255.65234375</ele>
      </trkpt>
      <trkpt lat="46.183370500802994" lon="12.786033879965544">
        <ele>255.625</ele>
      </trkpt>
      <trkpt lat="46.183366561308503" lon="12.786177294328809">
        <ele>255.61328125</ele>
      </trkpt>
      <trkpt lat="46.183444010093808" lon="12.786624971777201">
        <ele>255.53125</ele>
      </trkpt>
      <trkpt lat="46.183452978730202" lon="12.786700995638967">
        <ele>255.46484375</ele>
      </trkpt>
      <trkpt lat="46.183472508564591" lon="12.786867627874017">
        <ele>255.31640625</ele>
      </trkpt>
      <trkpt lat="46.18340696208179" lon="12.787014981731772">
        <ele>255.0546875</ele>
      </trkpt>
      <trkpt lat="46.183322891592979" lon="12.787164011970162">
        <ele>254.796875</ele>
      </trkpt>
      <trkpt lat="46.183227254077792" lon="12.787410104647279">
        <ele>254.3984375</ele>
      </trkpt>
      <trkpt lat="46.183205964043736" lon="12.787621999159455">
        <ele>254.1171875</ele>
      </trkpt>
      <trkpt lat="46.183190960437059" lon="12.787820985540748">
        <ele>253.859375</ele>
      </trkpt>
      <trkpt lat="46.183175789192319" lon="12.787930872291327">
        <ele>253.7109375</ele>
      </trkpt>
      <trkpt lat="46.183223398402333" lon="12.787971524521708">
        <ele>253.71875</ele>
      </trkpt>
      <trkpt lat="46.183265224099159" lon="12.788013182580471">
        <ele>253.71875</ele>
      </trkpt>
      <trkpt lat="46.183332027867436" lon="12.788150981068611">
        <ele>253.203125</ele>
      </trkpt>
      <trkpt lat="46.183441244065762" lon="12.788333874195814">
        <ele>252.25</ele>
      </trkpt>
      <trkpt lat="46.183497738093138" lon="12.788291545584798">
        <ele>252.49609375</ele>
      </trkpt>
      <trkpt lat="46.183534367009997" lon="12.788354326039553">
        <ele>252.08984375</ele>
      </trkpt>
      <trkpt lat="46.183567978441715" lon="12.788422973826528">
        <ele>251.5</ele>
      </trkpt>
      <trkpt lat="46.183645091950893" lon="12.788598909974098">
        <ele>249.8984375</ele>
      </trkpt>
      <trkpt lat="46.183732599020004" lon="12.788774343207479">
        <ele>248.0234375</ele>
      </trkpt>
      <trkpt lat="46.183798564597964" lon="12.78883351944387">
        <ele>247.046875</ele>
      </trkpt>
      <trkpt lat="46.183931082487106" lon="12.788861263543367">
        <ele>245.7265625</ele>
      </trkpt>
      <trkpt lat="46.184008615091443" lon="12.788883643224835">
        <ele>244.83203125</ele>
      </trkpt>
      <trkpt lat="46.184014063328505" lon="12.788968970999122">
        <ele>243.64453125</ele>
      </trkpt>
      <trkpt lat="46.184008363634348" lon="12.789009874686599">
        <ele>243.14453125</ele>
      </trkpt>
      <trkpt lat="46.183951031416655" lon="12.789076007902622">
        <ele>242.7734375</ele>
      </trkpt>
      <trkpt lat="46.183908032253385" lon="12.789120012894273">
        <ele>242.58203125</ele>
      </trkpt>
      <trkpt lat="46.183853885158896" lon="12.789185978472233">
        <ele>242.22265625</ele>
      </trkpt>
      <trkpt lat="46.18379739113152" lon="12.789242137223482">
        <ele>242.03125</ele>
      </trkpt>
      <trkpt lat="46.183689683675766" lon="12.789413463324308">
        <ele>240.9140625</ele>
      </trkpt>
      <trkpt lat="46.183731593191624" lon="12.789608594030142">
        <ele>238.0390625</ele>
      </trkpt>
      <trkpt lat="46.183677781373262" lon="12.789667267352343">
        <ele>237.875</ele>
      </trkpt>
      <trkpt lat="46.183543419465423" lon="12.789792409166694">
        <ele>237.51171875</ele>
      </trkpt>
      <trkpt lat="46.1834098957479" lon="12.789911180734634">
        <ele>237.015625</ele>
      </trkpt>
      <trkpt lat="46.183297578245401" lon="12.790060546249151">
        <ele>235.9296875</ele>
      </trkpt>
      <trkpt lat="46.183212753385305" lon="12.79016800224781">
        <ele>235.25</ele>
      </trkpt>
      <trkpt lat="46.183126419782639" lon="12.790283504873514">
        <ele>234.5234375</ele>
      </trkpt>
      <trkpt lat="46.183081492781639" lon="12.790347374975681">
        <ele>234.1171875</ele>
      </trkpt>
      <trkpt lat="46.18301410228014" lon="12.790436809882522">
        <ele>233.625</ele>
      </trkpt>
      <trkpt lat="46.18299163877964" lon="12.790509816259146">
        <ele>232.859375</ele>
      </trkpt>
      <trkpt lat="46.182982753962278" lon="12.790598915889859">
        <ele>231.88671875</ele>
      </trkpt>
      <trkpt lat="46.182983173057437" lon="12.790821455419064">
        <ele>229.40625</ele>
      </trkpt>
      <trkpt lat="46.183002032339573" lon="12.791144913062453">
        <ele>225.66015625</ele>
      </trkpt>
      <trkpt lat="46.18310303427279" lon="12.791589992120862">
        <ele>221.62890625</ele>
      </trkpt>
      <trkpt lat="46.183124994859099" lon="12.791674984619021">
        <ele>221.1640625</ele>
      </trkpt>
      <trkpt lat="46.183313084766269" lon="12.792295413091779">
        <ele>218.2734375</ele>
      </trkpt>
      <trkpt lat="46.183410817757249" lon="12.792625995352864">
        <ele>217.19921875</ele>
      </trkpt>
      <trkpt lat="46.183573007583618" lon="12.793125975877047">
        <ele>216.0546875</ele>
      </trkpt>
      <trkpt lat="46.183626903221011" lon="12.793290931731462">
        <ele>216.12109375</ele>
      </trkpt>
      <trkpt lat="46.183702172711492" lon="12.793571641668677">
        <ele>216.2109375</ele>
      </trkpt>
      <trkpt lat="46.183753553777933" lon="12.793794767931104">
        <ele>216.2734375</ele>
      </trkpt>
      <trkpt lat="46.183882970362902" lon="12.794605046510696">
        <ele>216.42578125</ele>
      </trkpt>
      <trkpt lat="46.183922868221998" lon="12.79485834762454">
        <ele>216.38671875</ele>
      </trkpt>
      <trkpt lat="46.183970225974917" lon="12.795206112787127">
        <ele>216.2109375</ele>
      </trkpt>
      <trkpt lat="46.18401138111949" lon="12.795494198799133">
        <ele>216.03125</ele>
      </trkpt>
      <trkpt lat="46.184023367241025" lon="12.795581957325339">
        <ele>216</ele>
      </trkpt>
      <trkpt lat="46.184043735265732" lon="12.795709697529674">
        <ele>216</ele>
      </trkpt>
      <trkpt lat="46.184054547920823" lon="12.795791421085596">
        <ele>216</ele>
      </trkpt>
      <trkpt lat="46.184019930660725" lon="12.795820171013474">
        <ele>216</ele>
      </trkpt>
      <trkpt lat="46.183802001178265" lon="12.79601102694869">
        <ele>216</ele>
      </trkpt>
      <trkpt lat="46.183705860748887" lon="12.796095097437501">
        <ele>216</ele>
      </trkpt>
      <trkpt lat="46.183459013700485" lon="12.796188974753022">
        <ele>216</ele>
      </trkpt>
      <trkpt lat="46.183351892977953" lon="12.796247396618128">
        <ele>216</ele>
      </trkpt>
      <trkpt lat="46.183162713423371" lon="12.796404054388404">
        <ele>215.9609375</ele>
      </trkpt>
      <trkpt lat="46.182789970189333" lon="12.796622319146991">
        <ele>215.6953125</ele>
      </trkpt>
      <trkpt lat="46.182683939114213" lon="12.796685518696904">
        <ele>215.60546875</ele>
      </trkpt>
      <trkpt lat="46.182489059865475" lon="12.796797836199403">
        <ele>215.24609375</ele>
      </trkpt>
      <trkpt lat="46.18220298551023" lon="12.797057004645467">
        <ele>214.96875</ele>
      </trkpt>
      <trkpt lat="46.181970722973347" lon="12.797272084280849">
        <ele>214.90625</ele>
      </trkpt>
      <trkpt lat="46.181711051613092" lon="12.797454390674829">
        <ele>214.69921875</ele>
      </trkpt>
      <trkpt lat="46.181617006659508" lon="12.797533012926579">
        <ele>214.6015625</ele>
      </trkpt>
      <trkpt lat="46.181376194581389" lon="12.79771976172924">
        <ele>214.37890625</ele>
      </trkpt>
      <trkpt lat="46.181232025846839" lon="12.798018995672464">
        <ele>214.01953125</ele>
      </trkpt>
      <trkpt lat="46.181152481585741" lon="12.798175569623709">
        <ele>213.83203125</ele>
      </trkpt>
      <trkpt lat="46.181017030030489" lon="12.798290988430381">
        <ele>213.6640625</ele>
      </trkpt>
      <trkpt lat="46.180987022817135" lon="12.798318983986974">
        <ele>213.55859375</ele>
      </trkpt>
      <trkpt lat="46.180654764175415" lon="12.798590222373605">
        <ele>212.43359375</ele>
      </trkpt>
      <trkpt lat="46.18039165623486" lon="12.798809157684445">
        <ele>211.5390625</ele>
      </trkpt>
      <trkpt lat="46.18006769567728" lon="12.799045275896788">
        <ele>211.1796875</ele>
      </trkpt>
      <trkpt lat="46.179896118119359" lon="12.799169328063726">
        <ele>211.23046875</ele>
      </trkpt>
      <trkpt lat="46.179609540849924" lon="12.79937032610178">
        <ele>211.1796875</ele>
      </trkpt>
      <trkpt lat="46.179479034617543" lon="12.79942698776722">
        <ele>211.09375</ele>
      </trkpt>
      <trkpt lat="46.179299494251609" lon="12.799492198973894">
        <ele>211</ele>
      </trkpt>
      <trkpt lat="46.179159013554454" lon="12.799546010792255">
        <ele>211</ele>
      </trkpt>
      <trkpt lat="46.178942592814565" lon="12.799628572538495">
        <ele>211</ele>
      </trkpt>
      <trkpt lat="46.178713347762823" lon="12.799719013273716">
        <ele>211</ele>
      </trkpt>
      <trkpt lat="46.178600694984198" lon="12.799809034913778">
        <ele>211</ele>
      </trkpt>
      <trkpt lat="46.178517043590546" lon="12.799879359081388">
        <ele>210.984375</ele>
      </trkpt>
      <trkpt lat="46.178421573713422" lon="12.7999615855515">
        <ele>210.87109375</ele>
      </trkpt>
      <trkpt lat="46.178055368363857" lon="12.800268279388547">
        <ele>210.4296875</ele>
      </trkpt>
      <trkpt lat="46.177785135805607" lon="12.80049366876483">
        <ele>210.10546875</ele>
      </trkpt>
      <trkpt lat="46.177428066730499" lon="12.80090999789536">
        <ele>209.67578125</ele>
      </trkpt>
      <trkpt lat="46.177338045090437" lon="12.801067242398858">
        <ele>209.56640625</ele>
      </trkpt>
      <trkpt lat="46.177155319601297" lon="12.801387263461947">
        <ele>209.33984375</ele>
      </trkpt>
      <trkpt lat="46.177102597430348" lon="12.801475860178471">
        <ele>209.25</ele>
      </trkpt>
      <trkpt lat="46.177019029855728" lon="12.801615921780467">
        <ele>209.12890625</ele>
      </trkpt>
      <trkpt lat="46.17676212452352" lon="12.801858745515347">
        <ele>209</ele>
      </trkpt>
      <trkpt lat="46.17665852420032" lon="12.801928482949734">
        <ele>209</ele>
      </trkpt>
      <trkpt lat="46.17621973156929" lon="12.802184298634529">
        <ele>209</ele>
      </trkpt>
      <trkpt lat="46.175852017477155" lon="12.80246676877141">
        <ele>209</ele>
      </trkpt>
      <trkpt lat="46.175376428291202" lon="12.802823251113296">
        <ele>209</ele>
      </trkpt>
      <trkpt lat="46.175229074433446" lon="12.802931210026145">
        <ele>209</ele>
      </trkpt>
      <trkpt lat="46.174924308434129" lon="12.803162047639489">
        <ele>208.671875</ele>
      </trkpt>
      <trkpt lat="46.174670085310936" lon="12.803353322669864">
        <ele>208.36328125</ele>
      </trkpt>
      <trkpt lat="46.17426716722548" lon="12.803685581311584">
        <ele>208</ele>
      </trkpt>
      <trkpt lat="46.174033982679248" lon="12.803797060623765">
        <ele>208</ele>
      </trkpt>
      <trkpt lat="46.173586640506983" lon="12.803984396159649">
        <ele>207.85546875</ele>
      </trkpt>
      <trkpt lat="46.173268966376781" lon="12.804029490798712">
        <ele>207.546875</ele>
      </trkpt>
      <trkpt lat="46.173099651932716" lon="12.804171312600374">
        <ele>207.3046875</ele>
      </trkpt>
      <trkpt lat="46.172881638631225" lon="12.804360408335924">
        <ele>207.08984375</ele>
      </trkpt>
      <trkpt lat="46.172711318358779" lon="12.804486723616719">
        <ele>207.00390625</ele>
      </trkpt>
      <trkpt lat="46.172521635890007" lon="12.80461915768683">
        <ele>207.01953125</ele>
      </trkpt>
      <trkpt lat="46.171999275684357" lon="12.804751424118876">
        <ele>206.92578125</ele>
      </trkpt>
      <trkpt lat="46.171668861061335" lon="12.804864495992661">
        <ele>208.08984375</ele>
      </trkpt>
      <trkpt lat="46.171526033431292" lon="12.804898023605347">
        <ele>208.92578125</ele>
      </trkpt>
      <trkpt lat="46.171455793082714" lon="12.804901460185647">
        <ele>209.36328125</ele>
      </trkpt>
      <trkpt lat="46.17108816280961" lon="12.805211506783962">
        <ele>210.26953125</ele>
      </trkpt>
      <trkpt lat="46.170986406505108" lon="12.805329188704491">
        <ele>210.23046875</ele>
      </trkpt>
      <trkpt lat="46.17087903432548" lon="12.805457012727857">
        <ele>210.13671875</ele>
      </trkpt>
      <trkpt lat="46.170737966895103" lon="12.805589027702808">
        <ele>210.2890625</ele>
      </trkpt>
      <trkpt lat="46.170578710734844" lon="12.805616352707148">
        <ele>210.98828125</ele>
      </trkpt>
      <trkpt lat="46.170492963865399" lon="12.805759012699127">
        <ele>211.0546875</ele>
      </trkpt>
      <trkpt lat="46.170477960258722" lon="12.805845011025667">
        <ele>210.921875</ele>
      </trkpt>
      <trkpt lat="46.170406714081764" lon="12.80600250698626">
        <ele>210.88671875</ele>
      </trkpt>
      <trkpt lat="46.170338401570916" lon="12.806229237467051">
        <ele>210.66796875</ele>
      </trkpt>
      <trkpt lat="46.170214600861073" lon="12.806588988751173">
        <ele>210.40234375</ele>
      </trkpt>
      <trkpt lat="46.169972363859415" lon="12.807171698659658">
        <ele>209.88671875</ele>
      </trkpt>
      <trkpt lat="46.169945038855076" lon="12.807229030877352">
        <ele>209.90234375</ele>
      </trkpt>
      <trkpt lat="46.169816963374615" lon="12.807372026145458">
        <ele>210.19140625</ele>
      </trkpt>
      <trkpt lat="46.16976298391819" lon="12.807430028915405">
        <ele>210.28515625</ele>
      </trkpt>
      <trkpt lat="46.169606996700168" lon="12.807596996426582">
        <ele>210.45703125</ele>
      </trkpt>
      <trkpt lat="46.169571960344911" lon="12.807643013074994">
        <ele>210.4609375</ele>
      </trkpt>
      <trkpt lat="46.169409016147256" lon="12.8079569991678">
        <ele>210.1171875</ele>
      </trkpt>
      <trkpt lat="46.169162252917886" lon="12.808448178693652">
        <ele>210.11328125</ele>
      </trkpt>
      <trkpt lat="46.168961003422737" lon="12.808940028771758">
        <ele>209.7734375</ele>
      </trkpt>
      <trkpt lat="46.168838124722242" lon="12.809229539707303">
        <ele>209.66796875</ele>
      </trkpt>
      <trkpt lat="46.168677276000381" lon="12.809469681233168">
        <ele>209.8671875</ele>
      </trkpt>
      <trkpt lat="46.168493963778019" lon="12.809591302648187">
        <ele>210.51171875</ele>
      </trkpt>
      <trkpt lat="46.168279554694891" lon="12.809556350111961">
        <ele>211.92578125</ele>
      </trkpt>
      <trkpt lat="46.168201183900237" lon="12.809506813064218">
        <ele>212.55859375</ele>
      </trkpt>
      <trkpt lat="46.168164890259504" lon="12.809401284903288">
        <ele>213.09375</ele>
      </trkpt>
      <trkpt lat="46.168120885267854" lon="12.809291565790772">
        <ele>213.70703125</ele>
      </trkpt>
      <trkpt lat="46.168065899983048" lon="12.809158209711313">
        <ele>214.48046875</ele>
      </trkpt>
      <trkpt lat="46.167901027947664" lon="12.809130297973752">
        <ele>215.6875</ele>
      </trkpt>
      <trkpt lat="46.167754679918289" lon="12.809113617986441">
        <ele>216.74609375</ele>
      </trkpt>
      <trkpt lat="46.167659712955356" lon="12.809087885543704">
        <ele>217.55859375</ele>
      </trkpt>
      <trkpt lat="46.167422421276569" lon="12.808936256915331">
        <ele>220.09765625</ele>
      </trkpt>
      <trkpt lat="46.167307253926992" lon="12.808890994638205">
        <ele>221.23046875</ele>
      </trkpt>
      <trkpt lat="46.167196109890938" lon="12.808847408741713">
        <ele>222.28125</ele>
      </trkpt>
      <trkpt lat="46.167110530659556" lon="12.808806169778109">
        <ele>223.0234375</ele>
      </trkpt>
      <trkpt lat="46.167011121287942" lon="12.808729643002152">
        <ele>223.875</ele>
      </trkpt>
      <trkpt lat="46.166952364146709" lon="12.808683458715677">
        <ele>224.35546875</ele>
      </trkpt>
      <trkpt lat="46.166785983368754" lon="12.808694019913673">
        <ele>225.40625</ele>
      </trkpt>
      <trkpt lat="46.166670983657241" lon="12.808703994378448">
        <ele>225.9609375</ele>
      </trkpt>
      <trkpt lat="46.166504770517349" lon="12.808718411251903">
        <ele>226.7578125</ele>
      </trkpt>
      <trkpt lat="46.166396979242563" lon="12.808726709336042">
        <ele>227.27734375</ele>
      </trkpt>
      <trkpt lat="46.166351297870278" lon="12.808732241392136">
        <ele>227.49609375</ele>
      </trkpt>
      <trkpt lat="46.1662258207798" lon="12.808661498129368">
        <ele>228.09765625</ele>
      </trkpt>
      <trkpt lat="46.166157172992826" lon="12.808705503121018">
        <ele>228.4296875</ele>
      </trkpt>
      <trkpt lat="46.166073270142078" lon="12.808745820075274">
        <ele>228.83203125</ele>
      </trkpt>
      <trkpt lat="46.165990540757775" lon="12.808791836723685">
        <ele>229.05859375</ele>
      </trkpt>
      <trkpt lat="46.16602155379951" lon="12.808885211125016">
        <ele>228.96484375</ele>
      </trkpt>
      <trkpt lat="46.166050219908357" lon="12.808970287442207">
        <ele>228.6796875</ele>
      </trkpt>
      <trkpt lat="46.166095230728388" lon="12.809179499745369">
        <ele>227.9375</ele>
      </trkpt>
      <trkpt lat="46.166089028120041" lon="12.809231970459223">
        <ele>227.83984375</ele>
      </trkpt>
      <trkpt lat="46.166084334254265" lon="12.809351244941354">
        <ele>227.5703125</ele>
      </trkpt>
      <trkpt lat="46.1660669837147" lon="12.809459958225489">
        <ele>227.40234375</ele>
      </trkpt>
      <trkpt lat="46.16604401730001" lon="12.809558026492596">
        <ele>227.29296875</ele>
      </trkpt>
      <trkpt lat="46.166017027571797" lon="12.809678977355361">
        <ele>227.11328125</ele>
      </trkpt>
      <trkpt lat="46.165969334542751" lon="12.809814428910613">
        <ele>226.58984375</ele>
      </trkpt>
      <trkpt lat="46.165907643735409" lon="12.809983659535646">
        <ele>226.0078125</ele>
      </trkpt>
      <trkpt lat="46.16589012555778" lon="12.810034370049834">
        <ele>225.859375</ele>
      </trkpt>
      <trkpt lat="46.165831033140421" lon="12.810188010334969">
        <ele>225.5234375</ele>
      </trkpt>
      <trkpt lat="46.165800606831908" lon="12.810260178521276">
        <ele>225.4296875</ele>
      </trkpt>
      <trkpt lat="46.165773030370474" lon="12.810322036966681">
        <ele>225.390625</ele>
      </trkpt>
      <trkpt lat="46.165674962103367" lon="12.810429995879531">
        <ele>225.8203125</ele>
      </trkpt>
      <trkpt lat="46.165567003190517" lon="12.810547007247806">
        <ele>226.44140625</ele>
      </trkpt>
      <trkpt lat="46.165458960458636" lon="12.810671981424093">
        <ele>227.07421875</ele>
      </trkpt>
      <trkpt lat="46.165404981002212" lon="12.810741970315576">
        <ele>227.453125</ele>
      </trkpt>
      <trkpt lat="46.165351001545787" lon="12.810809025540948">
        <ele>227.90625</ele>
      </trkpt>
      <trkpt lat="46.165256034582853" lon="12.810951014980674">
        <ele>228.81640625</ele>
      </trkpt>
      <trkpt lat="46.16512100212276" lon="12.81115896999836">
        <ele>230.28515625</ele>
      </trkpt>
      <trkpt lat="46.165045984089375" lon="12.81128897331655">
        <ele>231.265625</ele>
      </trkpt>
      <trkpt lat="46.164987981319427" lon="12.811413025483489">
        <ele>231.7265625</ele>
      </trkpt>
      <trkpt lat="46.16492997854948" lon="12.811535988003016">
        <ele>231.69921875</ele>
      </trkpt>
      <trkpt lat="46.164903994649649" lon="12.811597008258104">
        <ele>231.6875</ele>
      </trkpt>
      <trkpt lat="46.164812967181206" lon="12.811791971325874">
        <ele>231.97265625</ele>
      </trkpt>
      <trkpt lat="46.164782037958503" lon="12.811851985752583">
        <ele>232.1796875</ele>
      </trkpt>
      <trkpt lat="46.164751024916768" lon="12.811917029321194">
        <ele>232.38671875</ele>
      </trkpt>
      <trkpt lat="46.164673492312431" lon="12.812040662392974">
        <ele>233.2578125</ele>
      </trkpt>
      <trkpt lat="46.164569808170199" lon="12.812114674597979">
        <ele>235.05859375</ele>
      </trkpt>
      <trkpt lat="46.164525551721454" lon="12.812134874984622">
        <ele>235.91015625</ele>
      </trkpt>
      <trkpt lat="46.164457825943828" lon="12.812134707346559">
        <ele>237.33984375</ele>
      </trkpt>
      <trkpt lat="46.164092877879739" lon="12.812030520290136">
        <ele>240.9453125</ele>
      </trkpt>
      <trkpt lat="46.163969077169895" lon="12.812030771747231">
        <ele>241.6328125</ele>
      </trkpt>
      <trkpt lat="46.163729103282094" lon="12.812137054279447">
        <ele>243.40234375</ele>
      </trkpt>
      <trkpt lat="46.163661880418658" lon="12.812177455052733">
        <ele>244.04296875</ele>
      </trkpt>
      <trkpt lat="46.163436993956566" lon="12.812293041497469">
        <ele>243.484375</ele>
      </trkpt>
      <trkpt lat="46.163239348679781" lon="12.812401503324509">
        <ele>241.44921875</ele>
      </trkpt>
      <trkpt lat="46.163189727813005" lon="12.812389098107815">
        <ele>241.23046875</ele>
      </trkpt>
      <trkpt lat="46.163136754184961" lon="12.812318271026015">
        <ele>241.33984375</ele>
      </trkpt>
      <trkpt lat="46.163089731708169" lon="12.812201930209994">
        <ele>241.7109375</ele>
      </trkpt>
      <trkpt lat="46.162961404770613" lon="12.812057510018349">
        <ele>240.24609375</ele>
      </trkpt>
      <trkpt lat="46.162940450012684" lon="12.812007386237383">
        <ele>239.88671875</ele>
      </trkpt>
      <trkpt lat="46.162916226312518" lon="12.811940750107169">
        <ele>239.4453125</ele>
      </trkpt>
      <trkpt lat="46.162875657901168" lon="12.811859529465437">
        <ele>238.8515625</ele>
      </trkpt>
      <trkpt lat="46.162864426150918" lon="12.811800604686141">
        <ele>238.54296875</ele>
      </trkpt>
      <trkpt lat="46.162854032590985" lon="12.81173799186945">
        <ele>238.2265625</ele>
      </trkpt>
      <trkpt lat="46.162835257127881" lon="12.811645874753594">
        <ele>237.75</ele>
      </trkpt>
      <trkpt lat="46.162813296541572" lon="12.811603797599673">
        <ele>237.4609375</ele>
      </trkpt>
      <trkpt lat="46.16276971064508" lon="12.811562893912196">
        <ele>237.06640625</ele>
      </trkpt>
      <trkpt lat="46.162606012076139" lon="12.811454012989998">
        <ele>235.1640625</ele>
      </trkpt>
      <trkpt lat="46.162549266591668" lon="12.811417300254107">
        <ele>234.42578125</ele>
      </trkpt>
      <trkpt lat="46.162514565512538" lon="12.811388885602355">
        <ele>233.9765625</ele>
      </trkpt>
      <trkpt lat="46.162441894412041" lon="12.811375726014376">
        <ele>233.15625</ele>
      </trkpt>
      <trkpt lat="46.162333013489842" lon="12.811368014663458">
        <ele>231.96484375</ele>
      </trkpt>
      <trkpt lat="46.162234358489513" lon="12.811346305534244">
        <ele>230.85546875</ele>
      </trkpt>
      <trkpt lat="46.162086250260472" lon="12.811347730457783">
        <ele>229.2734375</ele>
      </trkpt>
      <trkpt lat="46.16198399104178" lon="12.811368014663458">
        <ele>228.171875</ele>
      </trkpt>
      <trkpt lat="46.161873014643788" lon="12.811358040198684">
        <ele>226.984375</ele>
      </trkpt>
      <trkpt lat="46.161795984953642" lon="12.811321411281824">
        <ele>225.80859375</ele>
      </trkpt>
      <trkpt lat="46.161737982183695" lon="12.811247985810041">
        <ele>225.01171875</ele>
      </trkpt>
      <trkpt lat="46.161713004112244" lon="12.811184031888843">
        <ele>224.734375</ele>
      </trkpt>
      <trkpt lat="46.16170596331358" lon="12.811112031340599">
        <ele>224.73828125</ele>
      </trkpt>
      <trkpt lat="46.161733958870173" lon="12.810985967516899">
        <ele>225.26953125</ele>
      </trkpt>
      <trkpt lat="46.161798918619752" lon="12.81070894561708">
        <ele>226.25390625</ele>
      </trkpt>
      <trkpt lat="46.161832194775343" lon="12.810654044151306">
        <ele>226.60546875</ele>
      </trkpt>
      <trkpt lat="46.161890449002385" lon="12.810599394142628">
        <ele>227.0859375</ele>
      </trkpt>
      <trkpt lat="46.161931268870831" lon="12.810513814911246">
        <ele>227.25390625</ele>
      </trkpt>
      <trkpt lat="46.161948032677174" lon="12.81038599088788">
        <ele>227.125</ele>
      </trkpt>
      <trkpt lat="46.161948032677174" lon="12.81031901948154">
        <ele>227.015625</ele>
      </trkpt>
      <trkpt lat="46.161950966343284" lon="12.810252970084548">
        <ele>226.91796875</ele>
      </trkpt>
      <trkpt lat="46.161954151466489" lon="12.810165630653501">
        <ele>226.78125</ele>
      </trkpt>
      <trkpt lat="46.161938728764653" lon="12.810080302879214">
        <ele>226.60546875</ele>
      </trkpt>
      <trkpt lat="46.16189799271524" lon="12.809962537139654">
        <ele>226.359375</ele>
      </trkpt>
      <trkpt lat="46.161847617477179" lon="12.809846950694919">
        <ele>226.08984375</ele>
      </trkpt>
      <trkpt lat="46.161810401827097" lon="12.809858769178391">
        <ele>225.96875</ele>
      </trkpt>
      <trkpt lat="46.16175876930356" lon="12.809890285134315">
        <ele>225.796875</ele>
      </trkpt>
      <trkpt lat="46.16172356531024" lon="12.809893386438489">
        <ele>225.66015625</ele>
      </trkpt>
      <trkpt lat="46.161685762926936" lon="12.810030430555344">
        <ele>225.49609375</ele>
      </trkpt>
      <trkpt lat="46.161624658852816" lon="12.810302758589387">
        <ele>225.0390625</ele>
      </trkpt>
      <trkpt lat="46.161566488444805" lon="12.810538709163666">
        <ele>224.38671875</ele>
      </trkpt>
      <trkpt lat="46.161526255309582" lon="12.810802655294538">
        <ele>223.25</ele>
      </trkpt>
      <trkpt lat="46.161524998024106" lon="12.811088981106877">
        <ele>222.375</ele>
      </trkpt>
      <trkpt lat="46.161546623334289" lon="12.81124203465879">
        <ele>222.2265625</ele>
      </trkpt>
      <trkpt lat="46.161633711308241" lon="12.811585357412696">
        <ele>222.05078125</ele>
      </trkpt>
      <trkpt lat="46.161816352978349" lon="12.812068071216345">
        <ele>223.26171875</ele>
      </trkpt>
      <trkpt lat="46.161906626075506" lon="12.812318354845047">
        <ele>223.5625</ele>
      </trkpt>
      <trkpt lat="46.162086669355631" lon="12.81278220936656">
        <ele>223.60546875</ele>
      </trkpt>
      <trkpt lat="46.162177277728915" lon="12.813015226274729">
        <ele>223.99609375</ele>
      </trkpt>
      <trkpt lat="46.162352627143264" lon="12.813445972278714">
        <ele>221.6484375</ele>
      </trkpt>
      <trkpt lat="46.16242035292089" lon="12.81361872330308">
        <ele>220.265625</ele>
      </trkpt>
      <trkpt lat="46.162492437288165" lon="12.81379365362227">
        <ele>218.71484375</ele>
      </trkpt>
      <trkpt lat="46.162556977942586" lon="12.813899014145136">
        <ele>218.015625</ele>
      </trkpt>
      <trkpt lat="46.162723274901509" lon="12.814046116545796">
        <ele>217.62109375</ele>
      </trkpt>
      <trkpt lat="46.162832826375961" lon="12.8141098190099">
        <ele>216.3828125</ele>
      </trkpt>
      <trkpt lat="46.162955202162266" lon="12.814158853143454">
        <ele>215.4140625</ele>
      </trkpt>
      <trkpt lat="46.163077829405665" lon="12.814147872850299">
        <ele>215.51171875</ele>
      </trkpt>
      <trkpt lat="46.163314282894135" lon="12.814135970547795">
        <ele>215.53125</ele>
      </trkpt>
      <trkpt lat="46.163433725014329" lon="12.814223477616906">
        <ele>213.94921875</ele>
      </trkpt>
      <trkpt lat="46.163450907915831" lon="12.814251892268658">
        <ele>213.45703125</ele>
      </trkpt>
      <trkpt lat="46.163503294810653" lon="12.814555652439594">
        <ele>208.30078125</ele>
      </trkpt>
      <trkpt lat="46.163559285923839" lon="12.814933340996504">
        <ele>205.0859375</ele>
      </trkpt>
      <trkpt lat="46.163650145754218" lon="12.815527366474271">
        <ele>203.40234375</ele>
      </trkpt>
      <trkpt lat="46.163796242326498" lon="12.816351056098938">
        <ele>207.0546875</ele>
      </trkpt>
      <trkpt lat="46.163846282288432" lon="12.816616678610444">
        <ele>209.7265625</ele>
      </trkpt>
      <trkpt lat="46.163867320865393" lon="12.816746514290571">
        <ele>211.08984375</ele>
      </trkpt>
      <trkpt lat="46.163902692496777" lon="12.816957235336304">
        <ele>213.4375</ele>
      </trkpt>
      <trkpt lat="46.16390772163868" lon="12.817099140956998">
        <ele>214.734375</ele>
      </trkpt>
      <trkpt lat="46.163887018337846" lon="12.817381024360657">
        <ele>216.94140625</ele>
      </trkpt>
      <trkpt lat="46.163879977539182" lon="12.817441038787365">
        <ele>217.3671875</ele>
      </trkpt>
      <trkpt lat="46.163890874013305" lon="12.81750381924212">
        <ele>218.21875</ele>
      </trkpt>
      <trkpt lat="46.163930771872401" lon="12.817487139254808">
        <ele>218.95703125</ele>
      </trkpt>
      <trkpt lat="46.163965724408627" lon="12.817453779280186">
        <ele>219.40234375</ele>
      </trkpt>
      <trkpt lat="46.164030348882079" lon="12.817405750975013">
        <ele>220.328125</ele>
      </trkpt>
      <trkpt lat="46.164141241461039" lon="12.817205088213086">
        <ele>220.44921875</ele>
      </trkpt>
      <trkpt lat="46.164194047451019" lon="12.817042730748653">
        <ele>219.671875</ele>
      </trkpt>
      <trkpt lat="46.164223551750183" lon="12.816954888403416">
        <ele>219.203125</ele>
      </trkpt>
      <trkpt lat="46.164339389652014" lon="12.81674106605351">
        <ele>218.5390625</ele>
      </trkpt>
      <trkpt lat="46.164437457919121" lon="12.816619109362364">
        <ele>218.99609375</ele>
      </trkpt>
      <trkpt lat="46.164495041593909" lon="12.816544007509947">
        <ele>219.2109375</ele>
      </trkpt>
      <trkpt lat="46.164599983021617" lon="12.816448034718633">
        <ele>219.91796875</ele>
      </trkpt>
      <trkpt lat="46.164638036862016" lon="12.81642003916204">
        <ele>220.2109375</ele>
      </trkpt>
      <trkpt lat="46.16492997854948" lon="12.816221974790096">
        <ele>221.98828125</ele>
      </trkpt>
      <trkpt lat="46.165340021252632" lon="12.815963979810476">
        <ele>221.88671875</ele>
      </trkpt>
      <trkpt lat="46.165545964613557" lon="12.815834982320666">
        <ele>220.8984375</ele>
      </trkpt>
      <trkpt lat="46.165755679830909" lon="12.815700117498636">
        <ele>219.15625</ele>
      </trkpt>
      <trkpt lat="46.165929939597845" lon="12.815546980127692">
        <ele>215.83203125</ele>
      </trkpt>
      <trkpt lat="46.165992971509695" lon="12.815505657345057">
        <ele>215.3046875</ele>
      </trkpt>
      <trkpt lat="46.166097242385149" lon="12.815444385632873">
        <ele>215.38671875</ele>
      </trkpt>
      <trkpt lat="46.166368061676621" lon="12.815427370369434">
        <ele>218.44140625</ele>
      </trkpt>
      <trkpt lat="46.166491778567433" lon="12.815394094213843">
        <ele>219.28125</ele>
      </trkpt>
      <trkpt lat="46.166655225679278" lon="12.815363332629204">
        <ele>220.5703125</ele>
      </trkpt>
      <trkpt lat="46.166741978377104" lon="12.815371882170439">
        <ele>221.79296875</ele>
      </trkpt>
      <trkpt lat="46.166814398020506" lon="12.815381269901991">
        <ele>222.875</ele>
      </trkpt>
      <trkpt lat="46.166914561763406" lon="12.815392836928368">
        <ele>224.72265625</ele>
      </trkpt>
      <trkpt lat="46.166996536776423" lon="12.815402979031205">
        <ele>226.65625</ele>
      </trkpt>
      <trkpt lat="46.167081780731678" lon="12.815366433933377">
        <ele>227.4609375</ele>
      </trkpt>
      <trkpt lat="46.167146740481257" lon="12.815334917977452">
        <ele>227.9453125</ele>
      </trkpt>
      <trkpt lat="46.167232990264893" lon="12.815272305160761">
        <ele>227.96875</ele>
      </trkpt>
      <trkpt lat="46.167331980541348" lon="12.815192341804504">
        <ele>227.65234375</ele>
      </trkpt>
      <trkpt lat="46.167422253638506" lon="12.815127046778798">
        <ele>227.46484375</ele>
      </trkpt>
      <trkpt lat="46.167471455410123" lon="12.815109109506011">
        <ele>227.8359375</ele>
      </trkpt>
      <trkpt lat="46.167512442916632" lon="12.815100476145744">
        <ele>228.31640625</ele>
      </trkpt>
      <trkpt lat="46.1675348225981" lon="12.815124616026878">
        <ele>229.4375</ele>
      </trkpt>
      <trkpt lat="46.167535660788417" lon="12.815201561897993">
        <ele>231.7421875</ele>
      </trkpt>
      <trkpt lat="46.167511017993093" lon="12.815257972106338">
        <ele>232.9453125</ele>
      </trkpt>
      <trkpt lat="46.167468018829823" lon="12.815337013453245">
        <ele>234.421875</ele>
      </trkpt>
      <trkpt lat="46.167422253638506" lon="12.815415384247899">
        <ele>235.76171875</ele>
      </trkpt>
      <trkpt lat="46.167388977482915" lon="12.81549216248095">
        <ele>237.26171875</ele>
      </trkpt>
      <trkpt lat="46.167336339130998" lon="12.8156484849751">
        <ele>241.11328125</ele>
      </trkpt>
      <trkpt lat="46.167329968884587" lon="12.815784020349383">
        <ele>245.4296875</ele>
      </trkpt>
      <trkpt lat="46.167303984984756" lon="12.815897008404136">
        <ele>248.62109375</ele>
      </trkpt>
      <trkpt lat="46.167280012741685" lon="12.815919974818826">
        <ele>248.8984375</ele>
      </trkpt>
      <trkpt lat="46.167215220630169" lon="12.815951574593782">
        <ele>248.6640625</ele>
      </trkpt>
      <trkpt lat="46.167180268093944" lon="12.815970936790109">
        <ele>248.62109375</ele>
      </trkpt>
      <trkpt lat="46.167121427133679" lon="12.81602424569428">
        <ele>249.26171875</ele>
      </trkpt>
      <trkpt lat="46.167065100744367" lon="12.816118374466896">
        <ele>251.36328125</ele>
      </trkpt>
      <trkpt lat="46.167008941993117" lon="12.816198505461216">
        <ele>253.03515625</ele>
      </trkpt>
      <trkpt lat="46.166972983628511" lon="12.816262040287256">
        <ele>254.546875</ele>
      </trkpt>
      <trkpt lat="46.16692160256207" lon="12.816335801035166">
        <ele>256.15234375</ele>
      </trkpt>
      <trkpt lat="46.166845662519336" lon="12.816456751897931">
        <ele>258.7578125</ele>
      </trkpt>
      <trkpt lat="46.166844237595797" lon="12.816511234268546">
        <ele>260.4375</ele>
      </trkpt>
      <trkpt lat="46.166869383305311" lon="12.816520370543003">
        <ele>261.0546875</ele>
      </trkpt>
      <trkpt lat="46.166975414380431" lon="12.816413920372725">
        <ele>259.63671875</ele>
      </trkpt>
      <trkpt lat="46.167038530111313" lon="12.816365975886583">
        <ele>259.27734375</ele>
      </trkpt>
      <trkpt lat="46.16718839854002" lon="12.816324150189757">
        <ele>260.59375</ele>
      </trkpt>
      <trkpt lat="46.167316138744354" lon="12.816237984225154">
        <ele>260.078125</ele>
      </trkpt>
      <trkpt lat="46.167406495660543" lon="12.816215520724654">
        <ele>261.0234375</ele>
      </trkpt>
      <trkpt lat="46.167561560869217" lon="12.816232871264219">
        <ele>264.46484375</ele>
      </trkpt>
      <trkpt lat="46.167657449841499" lon="12.816244689747691">
        <ele>266.61328125</ele>
      </trkpt>
      <trkpt lat="46.167743867263198" lon="12.816174952313304">
        <ele>266.0859375</ele>
      </trkpt>
      <trkpt lat="46.167803797870874" lon="12.816034890711308">
        <ele>262.9375</ele>
      </trkpt>
      <trkpt lat="46.168001778423786" lon="12.815487887710333">
        <ele>250.15625</ele>
      </trkpt>
      <trkpt lat="46.168065397068858" lon="12.815453102812171">
        <ele>250.2734375</ele>
      </trkpt>
      <trkpt lat="46.168113676831126" lon="12.815415468066931">
        <ele>249.92578125</ele>
      </trkpt>
      <trkpt lat="46.168175954371691" lon="12.81540566124022">
        <ele>250.83203125</ele>
      </trkpt>
      <trkpt lat="46.168291959911585" lon="12.815373977646232">
        <ele>251.9765625</ele>
      </trkpt>
      <trkpt lat="46.168388770893216" lon="12.815337181091309">
        <ele>252.4609375</ele>
      </trkpt>
      <trkpt lat="46.168457251042128" lon="12.815347407013178">
        <ele>254.19921875</ele>
      </trkpt>
      <trkpt lat="46.168524138629436" lon="12.815357130020857">
        <ele>255.90625</ele>
      </trkpt>
      <trkpt lat="46.168625643476844" lon="12.815424185246229">
        <ele>259.03125</ele>
      </trkpt>
      <trkpt lat="46.16870753467083" lon="12.815516805276275">
        <ele>262.87890625</ele>
      </trkpt>
      <trkpt lat="46.168813481926918" lon="12.815574388951063">
        <ele>264.77734375</ele>
      </trkpt>
      <trkpt lat="46.168856397271156" lon="12.815542872995138">
        <ele>263.91015625</ele>
      </trkpt>
      <trkpt lat="46.168925212696195" lon="12.815487384796143">
        <ele>261.99609375</ele>
      </trkpt>
      <trkpt lat="46.16899193264544" lon="12.815401135012507">
        <ele>258.734375</ele>
      </trkpt>
      <trkpt lat="46.169053036719561" lon="12.815385041758418">
        <ele>258.22265625</ele>
      </trkpt>
      <trkpt lat="46.169094275683165" lon="12.815363751724362">
        <ele>257.4765625</ele>
      </trkpt>
      <trkpt lat="46.169138113036752" lon="12.815356710925698">
        <ele>257.29296875</ele>
      </trkpt>
      <trkpt lat="46.169205252081156" lon="12.815404236316681">
        <ele>259.22265625</ele>
      </trkpt>
      <trkpt lat="46.169241964817047" lon="12.815467016771436">
        <ele>261.66015625</ele>
      </trkpt>
      <trkpt lat="46.169283036142588" lon="12.815572964027524">
        <ele>265.33203125</ele>
      </trkpt>
      <trkpt lat="46.169334333389997" lon="12.815711265429854">
        <ele>269.54296875</ele>
      </trkpt>
      <trkpt lat="46.169397700577974" lon="12.815932296216488">
        <ele>275.56640625</ele>
      </trkpt>
      <trkpt lat="46.169444974511862" lon="12.815987030044198">
        <ele>276.07421875</ele>
      </trkpt>
      <trkpt lat="46.169514041393995" lon="12.816051989793777">
        <ele>276.31640625</ele>
      </trkpt>
      <trkpt lat="46.169767845422029" lon="12.816152488812804">
        <ele>272.90234375</ele>
      </trkpt>
      <trkpt lat="46.169884772971272" lon="12.81616447493434">
        <ele>270.30078125</ele>
      </trkpt>
      <trkpt lat="46.169954091310501" lon="12.816174700856209">
        <ele>268.828125</ele>
      </trkpt>
      <trkpt lat="46.170008406043053" lon="12.816165313124657">
        <ele>267.23046875</ele>
      </trkpt>
      <trkpt lat="46.170073030516505" lon="12.816144023090601">
        <ele>265.078125</ele>
      </trkpt>
      <trkpt lat="46.170105719938874" lon="12.816112758591771">
        <ele>263.4921875</ele>
      </trkpt>
      <trkpt lat="46.17010697722435" lon="12.816059030592442">
        <ele>262.13671875</ele>
      </trkpt>
      <trkpt lat="46.170085016638041" lon="12.81601888127625">
        <ele>261.671875</ele>
      </trkpt>
      <trkpt lat="46.170060038566589" lon="12.8160042129457">
        <ele>261.90234375</ele>
      </trkpt>
      <trkpt lat="46.170021062716842" lon="12.816014606505632">
        <ele>263.09375</ele>
      </trkpt>
      <trkpt lat="46.169962305575609" lon="12.816021982580423">
        <ele>264.69140625</ele>
      </trkpt>
      <trkpt lat="46.169909834861755" lon="12.816024161875248">
        <ele>266.0078125</ele>
      </trkpt>
      <trkpt lat="46.16984655149281" lon="12.81599692068994">
        <ele>266.8046875</ele>
      </trkpt>
      <trkpt lat="46.169804725795984" lon="12.81584344804287">
        <ele>263.67578125</ele>
      </trkpt>
      <trkpt lat="46.169761056080461" lon="12.81564706005156">
        <ele>259.32421875</ele>
      </trkpt>
      <trkpt lat="46.169744040817022" lon="12.815559972077608">
        <ele>257.30859375</ele>
      </trkpt>
      <trkpt lat="46.16974052041769" lon="12.815499622374773">
        <ele>255.65625</ele>
      </trkpt>
      <trkpt lat="46.169744627550244" lon="12.815442876890302">
        <ele>253.86328125</ele>
      </trkpt>
      <trkpt lat="46.169800199568272" lon="12.815442541614175">
        <ele>252.8046875</ele>
      </trkpt>
      <trkpt lat="46.169822998344898" lon="12.815469028428197">
        <ele>253.1328125</ele>
      </trkpt>
      <trkpt lat="46.169858034700155" lon="12.815483026206493">
        <ele>252.84765625</ele>
      </trkpt>
      <trkpt lat="46.169911343604326" lon="12.815487217158079">
        <ele>251.9140625</ele>
      </trkpt>
      <trkpt lat="46.16997848264873" lon="12.815469279885292">
        <ele>250.12890625</ele>
      </trkpt>
      <trkpt lat="46.170064900070429" lon="12.815466849133372">
        <ele>248.3984375</ele>
      </trkpt>
      <trkpt lat="46.170190293341875" lon="12.815508004277945">
        <ele>246.87109375</ele>
      </trkpt>
      <trkpt lat="46.170296408236027" lon="12.815571539103985">
        <ele>246.24609375</ele>
      </trkpt>
      <trkpt lat="46.170448623597622" lon="12.815720234066248">
        <ele>246.26171875</ele>
      </trkpt>
      <trkpt lat="46.170539818704128" lon="12.815870102494955">
        <ele>247.12109375</ele>
      </trkpt>
      <trkpt lat="46.170606203377247" lon="12.815995244309306">
        <ele>247.79296875</ele>
      </trkpt>
      <trkpt lat="46.170709216967225" lon="12.816186686977744">
        <ele>248.3125</ele>
      </trkpt>
      <trkpt lat="46.170769985765219" lon="12.816343009471893">
        <ele>249.0390625</ele>
      </trkpt>
      <trkpt lat="46.17079496383667" lon="12.816381985321641">
        <ele>248.9140625</ele>
      </trkpt>
      <trkpt lat="46.170858750119805" lon="12.816552557051182">
        <ele>249.7890625</ele>
      </trkpt>
      <trkpt lat="46.17093862965703" lon="12.816813820973039">
        <ele>251.4453125</ele>
      </trkpt>
      <trkpt lat="46.170988166704774" lon="12.816977938637137">
        <ele>252.3515625</ele>
      </trkpt>
      <trkpt lat="46.17113996297121" lon="12.817268958315253">
        <ele>253.51171875</ele>
      </trkpt>
      <trkpt lat="46.171153038740158" lon="12.81730298884213">
        <ele>253.9296875</ele>
      </trkpt>
      <trkpt lat="46.171210035681725" lon="12.817424023523927">
        <ele>255.23828125</ele>
      </trkpt>
      <trkpt lat="46.171226967126131" lon="12.817447995766997">
        <ele>255.3984375</ele>
      </trkpt>
      <trkpt lat="46.171257896348834" lon="12.817551847547293">
        <ele>256.890625</ele>
      </trkpt>
      <trkpt lat="46.17130558937788" lon="12.817623848095536">
        <ele>257.46484375</ele>
      </trkpt>
      <trkpt lat="46.171332076191902" lon="12.817639773711562">
        <ele>257.30859375</ele>
      </trkpt>
      <trkpt lat="46.171367112547159" lon="12.817655112594366">
        <ele>256.98828125</ele>
      </trkpt>
      <trkpt lat="46.171410279348493" lon="12.817643042653799">
        <ele>255.97265625</ele>
      </trkpt>
      <trkpt lat="46.171458810567856" lon="12.817591242492199">
        <ele>254.04296875</ele>
      </trkpt>
      <trkpt lat="46.171525362879038" lon="12.817547908052802">
        <ele>251.94921875</ele>
      </trkpt>
      <trkpt lat="46.171634243801236" lon="12.817571125924587">
        <ele>250.45703125</ele>
      </trkpt>
      <trkpt lat="46.17183524183929" lon="12.817752007395029">
        <ele>250.70703125</ele>
      </trkpt>
      <trkpt lat="46.171937501057982" lon="12.817816212773323">
        <ele>250.8515625</ele>
      </trkpt>
      <trkpt lat="46.171985529363155" lon="12.817832976579666">
        <ele>250.73046875</ele>
      </trkpt>
      <trkpt lat="46.172068929299712" lon="12.817843370139599">
        <ele>250.11328125</ele>
      </trkpt>
      <trkpt lat="46.172185773029923" lon="12.81785175204277">
        <ele>249.1015625</ele>
      </trkpt>
      <trkpt lat="46.172370510175824" lon="12.817875221371651">
        <ele>247.62109375</ele>
      </trkpt>
      <trkpt lat="46.172476625069976" lon="12.817898103967309">
        <ele>246.86328125</ele>
      </trkpt>
      <trkpt lat="46.17259556427598" lon="12.818041099235415">
        <ele>247.5234375</ele>
      </trkpt>
      <trkpt lat="46.1726791318506" lon="12.818139754235744">
        <ele>247.8359375</ele>
      </trkpt>
      <trkpt lat="46.172780552878976" lon="12.818273780867457">
        <ele>248.28125</ele>
      </trkpt>
      <trkpt lat="46.172872083261609" lon="12.818411160260439">
        <ele>248.61328125</ele>
      </trkpt>
      <trkpt lat="46.172938887029886" lon="12.818541247397661">
        <ele>248.94921875</ele>
      </trkpt>
      <trkpt lat="46.173010133206844" lon="12.818700671195984">
        <ele>249.25390625</ele>
      </trkpt>
      <trkpt lat="46.173108955845237" lon="12.818955648690462">
        <ele>249.02734375</ele>
      </trkpt>
      <trkpt lat="46.173126976937056" lon="12.81902396120131">
        <ele>248.8984375</ele>
      </trkpt>
      <trkpt lat="46.173131922259927" lon="12.819220181554556">
        <ele>249.4921875</ele>
      </trkpt>
      <trkpt lat="46.173191349953413" lon="12.819464933127165">
        <ele>249.046875</ele>
      </trkpt>
      <trkpt lat="46.173223117366433" lon="12.819552943110466">
        <ele>248.6328125</ele>
      </trkpt>
      <trkpt lat="46.173234935849905" lon="12.819597953930497">
        <ele>248.515625</ele>
      </trkpt>
      <trkpt lat="46.173282880336046" lon="12.819672636687756">
        <ele>247.66796875</ele>
      </trkpt>
      <trkpt lat="46.173998024314642" lon="12.820188961923122">
        <ele>240.67578125</ele>
      </trkpt>
      <trkpt lat="46.174180079251528" lon="12.820307565853">
        <ele>239.76953125</ele>
      </trkpt>
      <trkpt lat="46.174464309588075" lon="12.820511665195227">
        <ele>238.625</ele>
      </trkpt>
      <trkpt lat="46.174693135544658" lon="12.820681314915419">
        <ele>238.08984375</ele>
      </trkpt>
      <trkpt lat="46.174820037558675" lon="12.820707969367504">
        <ele>237.7109375</ele>
      </trkpt>
      <trkpt lat="46.174896648153663" lon="12.820694139227271">
        <ele>237.4296875</ele>
      </trkpt>
      <trkpt lat="46.174952974542975" lon="12.820663126185536">
        <ele>237.17578125</ele>
      </trkpt>
      <trkpt lat="46.175030171871185" lon="12.8205631300807">
        <ele>236.69921875</ele>
      </trkpt>
      <trkpt lat="46.175146177411079" lon="12.820405969396234">
        <ele>236.171875</ele>
      </trkpt>
      <trkpt lat="46.175217255949974" lon="12.820207569748163">
        <ele>236.03515625</ele>
      </trkpt>
      <trkpt lat="46.175724864006042" lon="12.820105142891407">
        <ele>236.9453125</ele>
      </trkpt>
    </trkseg>
  </trk>
</gpx>
